point_id,observer,date,temp,sky,wind,start,end,how detected,species,time_detected,angle,distance_cm,real_distance_m,double_obs,DO_sp_matching,comments
1,RTM,3/7/2025,42,0,0,7:35,7:45,heard,TUTI,0:02,237,1.6,40,,,
1,RTM,3/7/2025,42,0,0,7:35,7:45,heard,CACH,0:35,264,7.3,182.5,,,
1,RTM,3/7/2025,42,0,0,7:35,7:45,heard,YBSA,1:15,2,0.8,18.75,,,
1,RTM,3/7/2025,42,0,0,7:35,7:45,heard,RBWO,1:30,232,4.9,122.5,,,
1,RTM,3/7/2025,42,0,0,7:35,7:45,heard,TUTI,2:37,48,6.4,160,,,
1,RTM,3/7/2025,42,0,0,7:35,7:45,heard,CAWR,3:07,329,6.4,160,,,
1,RTM,3/7/2025,42,0,0,7:35,7:45,heard,BHNU,3:41,160,3.3,82.5,,,
1,RTM,3/7/2025,42,0,0,7:35,7:45,heard,EABL,5:01,296,4.6,115,,,
1,RTM,3/7/2025,42,0,0,7:35,7:45,heard,RBWO,8:10,344,8.1,202.5,,,
1,RTM,3/7/2025,42,0,0,7:35,7:45,heard,BHNU,8:35,344,5.7,142.5,,,
1,RTM,3/12/2025,60,0,0,10:07,10:17,heard,WBNU,0:31,136,6.5,162.5,,,
1,RTM,3/12/2025,60,0,0,10:07,10:17,heard,TUTI,0:51,55,7.1,177.5,,,
1,RTM,3/12/2025,60,0,0,10:07,10:17,heard,RBWO,1:19,31,7.9,197.5,,,
1,RTM,3/12/2025,60,0,0,10:07,10:17,heard,TUTI,1:37,173,7.5,187.5,,,
1,RTM,3/12/2025,60,0,0,10:07,10:17,heard,CACH,2:01,64,5.5,137.5,,,
1,RTM,3/12/2025,60,0,0,10:07,10:17,heard,TUTI,2:19,86,2.4,60,,,
1,RTM,3/12/2025,60,0,0,10:07,10:17,heard,RBWO,6:20,95,5.5,137.5,,,
1,RTM,3/12/2025,60,0,0,10:07,10:17,heard,RHWO,8:51,130,5.7,142.5,,,
1,RTM,3/21/2025,55,0,3,10:30,10:40,heard,NOFL,0:21,189,7.6,190,,,
1,EM,3/21/2025,55,0,3,10:30,10:40,heard,NOFL,0:25,223,9.0,225,,,
1,RTM,3/21/2025,55,0,3,10:30,10:40,heard,BHNU,0:42,292,2.5,62.5,,,
1,EM,3/21/2025,55,0,3,10:30,10:40,heard,WBNU,1:30,322,3.4,85,,,
1,EM,3/21/2025,55,0,3,10:30,10:40,heard,TUTI,4:15,89,3.9,97.5,,,
1,RTM,3/21/2025,55,0,3,10:30,10:40,heard,RBWO,4:38,33,5.7,142.5,,,
1,EM,3/21/2025,55,0,3,10:30,10:40,heard,RBWO,4:45,38,2.4,60,,,
1,RTM,3/21/2025,55,0,3,10:30,10:40,heard,TUTI,6:24,15,7.5,187.5,,,
1,EM,3/21/2025,55,0,3,10:30,10:40,heard,TUTI,6:25,33,8.4,210,,,
1,RTM,3/21/2025,55,0,3,10:30,10:40,heard,WBNU,9:48,25,7.8,195,,,
1,EM,4/1/2025,73,1,1,13:03,13:13,heard,CAWR,0:31,38,2.9,72.5,,,
1,EM,4/1/2025,73,1,1,13:03,13:13,heard,TUTI,1:11,304,4.7,117.5,,,
1,EM,4/1/2025,73,1,1,13:03,13:13,heard,CAWR,2:10,10,3.6,90,,,
1,RTM,4/9/2025,50,0,0,7:48,7:58,heard,TUTI,0:04,271,4.4,110,,,
1,RTM,4/9/2025,50,0,0,7:48,7:58,heard,RBWO,0:10,227,7.3,182.5,,,
1,RTM,4/9/2025,50,0,0,7:48,7:58,heard,CACH,0:25,21,7.3,182.5,,,
1,RTM,4/9/2025,50,0,0,7:48,7:58,heard,GCFL,0:45,71,3.7,92.5,,,
1,RTM,4/9/2025,50,0,0,7:48,7:58,heard,CAWR,1:12,49,4.7,117.5,,,
1,RTM,4/9/2025,50,0,0,7:48,7:58,heard,RBWO,1:13,94,5.2,130,,,
1,RTM,4/9/2025,50,0,0,7:48,7:58,heard,RBWO,2:31,33,7.7,192.5,,,
1,RTM,4/9/2025,50,0,0,7:48,7:58,heard,TUTI,3:05,349,6.5,162.5,,,
1,EM,4/23/2025,74,1,0,9:31,9:41,heard,RHWO,1:44,33,3.3,82.5,,,
1,EM,4/23/2025,74,1,0,9:31,9:41,heard,RBWO,3:05,127,1.9,47.5,,,
1,EM,4/23/2025,74,1,0,9:31,9:41,heard,TUTI,3:41,52,2.5,62.5,,,
1,EM,4/23/2025,74,1,0,9:31,9:41,heard,NOFL,5:03,342,3.3,82.5,,,
1,EM,4/23/2025,74,1,0,9:31,9:41,heard,GCFL,5:18,333,1.5,37.5,,,
1,EM,4/23/2025,74,1,0,9:31,9:41,heard,TUTI,6:01,316,0.6,15,,,
1,EM,4/23/2025,74,1,0,9:31,9:41,heard,WBNU,7:08,45,7.4,185,,,
1,EM,4/23/2025,74,1,0,9:31,9:41,heard,GCFL,9:17,96,1.5,37.5,,,
2,RTM,3/7/2025,47,0,0,7:57,8:07,heard,BHNU,0:30,283,6.4,160,,,
2,RTM,3/7/2025,47,0,0,7:57,8:07,heard,RBWO,0:53,297,9.1,227.5,,,
2,RTM,3/7/2025,47,0,0,7:57,8:07,heard,RHWO,0:57,329,5.7,142.5,,,
2,RTM,3/7/2025,47,0,0,7:57,8:07,heard,TUTI,1:26,78,4.4,110,,,
2,RTM,3/7/2025,47,0,0,7:57,8:07,heard,BHNU,2:21,12,2.3,57.5,,,
2,RTM,3/7/2025,47,0,0,7:57,8:07,heard,TUTI,4:04,310,4.6,115,,,
2,RTM,3/7/2025,47,0,0,7:57,8:07,heard,WBNU,4:10,320,9.5,237.5,,,
2,RTM,3/7/2025,47,0,0,7:57,8:07,heard,RBWO,5:00,346,7.7,192.5,,,
2,RTM,3/7/2025,47,0,0,7:57,8:07,heard,RHWO,5:12,118,7.6,190,,,
2,RTM,3/12/2025,60,0,1,10:29,10:39,heard,CAWR,0:08,64,8.9,222.5,,,
2,RTM,3/12/2025,60,0,1,10:29,10:39,heard,RBWO,0:18,133,9.0,225,,,
2,RTM,3/12/2025,60,0,1,10:29,10:39,heard,WBNU,1:33,29,9.1,227.5,,,
2,RTM,3/12/2025,60,0,1,10:29,10:39,heard,EABL,2:30,308,9.1,227.5,,,
2,RTM,3/12/2025,60,0,1,10:29,10:39,heard,EABL,4:01,145,4.5,112.5,,,
2,RTM,3/12/2025,60,0,1,10:29,10:39,heard,CAWR,5:01,339,7.6,190,,,
2,RTM,3/12/2025,60,0,1,10:29,10:39,heard,RBWO,8:28,44,8.5,212.5,,,
2,EM,3/21/2025,52,0,3,10:58,11:08,heard,CACH,0:20,339,7.6,190,,,
2,RTM,3/21/2025,52,0,3,10:58,11:08,heard,CACH,0:21,335,7.8,195,,,
2,RTM,3/21/2025,52,0,3,10:58,11:08,heard,TUTI,0:30,11,7.8,195,,,
2,RTM,3/21/2025,52,0,3,10:58,11:08,heard,BHNU,0:38,327,5.5,137.5,,,
2,RTM,3/21/2025,52,0,3,10:58,11:08,heard,BHNU,0:57,9,3.6,90,,,
2,EM,3/21/2025,52,0,3,10:58,11:08,heard,BHNU,1:00,44,1.2,30,,,
2,RTM,3/21/2025,52,0,3,10:58,11:08,heard,NOFL,2:20,37,3.7,92.5,,,
2,RTM,3/21/2025,52,0,3,10:58,11:08,heard,WBNU,3:56,11,8.4,210,,,
2,EM,3/21/2025,52,0,3,10:58,11:08,heard,WBNU,4:30,73,8.4,210,,,
2,EM,4/1/2025,64,2,0,8:23,8:33,heard,RHWO,0:30,356,1.6,40,,,
2,EM,4/1/2025,64,2,0,8:23,8:33,heard,TUTI,1:35,358,2.7,67.5,,,
2,EM,4/1/2025,64,2,0,8:23,8:33,heard,RBWO,2:34,309,8.4,210,,,
2,EM,4/1/2025,64,2,0,8:23,8:33,heard,CAWR,4:12,330,6.9,172.5,,,
2,RTM,4/9/2025,51,0,0,8:10,8:20,heard,GCFL,0:11,347,7.7,192.5,,,
2,RTM,4/9/2025,51,0,0,8:10,8:20,heard,EABL,1:19,315,1.8,45,,,
2,RTM,4/9/2025,51,0,0,8:10,8:20,heard,RHWO,2:41,197,7.8,195,,,
2,RTM,4/9/2025,51,0,0,8:10,8:20,heard,CAWR,4:15,29,7.7,192.5,,,
2,RTM,4/9/2025,51,0,0,8:10,8:20,heard,CAWR,4:31,335,6.7,167.5,,,
2,RTM,4/9/2025,51,0,0,8:10,8:20,heard,PIWO,4:38,338,8.7,217.5,,,
2,RTM,4/9/2025,51,0,0,8:10,8:20,heard,RHWO,4:48,5,6.7,167.5,,,
2,RTM,4/9/2025,51,0,0,8:10,8:20,heard,GCFL,5:02,262,2.4,60,,,
2,RTM,4/9/2025,51,0,0,8:10,8:20,heard,TUTI,5:40,42,7.0,175,,,
2,RTM,4/9/2025,51,0,0,8:10,8:20,heard,CACH,7:59,328,7.8,195,,,
2,EM,4/23/2025,75,1,0,9:01,9:11,heard,WBNU,1:19,4,4.9,122.5,,,
2,EM,4/23/2025,75,1,0,9:01,9:11,heard,GCFL,1:56,333,2.5,62.5,,,
2,EM,4/23/2025,75,1,0,9:01,9:11,heard,RHWO,2:13,323,1.1,27.5,,,
2,EM,4/23/2025,75,1,0,9:01,9:11,heard,TUTI,3:04,52,1.6,40,,,
2,EM,4/23/2025,75,1,0,9:01,9:11,heard,EABL,5:27,236,1.4,35,,,
2,EM,4/23/2025,75,1,0,9:01,9:11,heard,RBWO,7:56,35,5.1,127.5,,,
2,EM,4/23/2025,75,1,0,9:01,9:11,heard,RHWO,8:41,23,5.1,127.5,,,
3,RTM,3/7/2025,50,0,0,8:21,8:31,heard,RBWO,0:12,94,6.7,167.5,,,
3,RTM,3/7/2025,50,0,0,8:21,8:31,heard,BHNU,0:21,324,1.9,47.5,,,
3,RTM,3/7/2025,50,0,0,8:21,8:31,heard,PIWO,0:31,47,10.1,252.5,,,
3,RTM,3/7/2025,50,0,0,8:21,8:31,heard,TUTI,1:26,272,4.5,112.5,,,
3,RTM,3/7/2025,50,0,0,8:21,8:31,heard,PIWO,2:02,215,9.4,235,,,
3,RTM,3/7/2025,50,0,0,8:21,8:31,heard,RBWO,2:07,215,5.8,145,,,
3,RTM,3/7/2025,50,0,0,8:21,8:31,visual,EABL,2:57,218,1.8,45,,,
3,RTM,3/7/2025,50,0,0,8:21,8:31,visual,EABL,2:57,218,1.8,45,,,
3,RTM,3/7/2025,50,0,0,8:21,8:31,heard,RHWO,4:01,181,6.4,160,,,
3,RTM,3/12/2025,65,0,1,11:02,11:12,heard,WBNU,0:10,116,8.5,212.5,,,
3,RTM,3/12/2025,65,0,1,11:02,11:12,heard,BHNU,0:32,27,1.6,40,,,
3,RTM,3/12/2025,65,0,1,11:02,11:12,heard,RHWO,0:49,310,3.8,95,,,
3,RTM,3/12/2025,65,0,1,11:02,11:12,heard,WBNU,1:27,342,7.8,195,,,
3,RTM,3/12/2025,65,0,1,11:02,11:12,heard,RCWO,2:07,308,5.9,147.5,,,
3,RTM,3/12/2025,65,0,1,11:02,11:12,heard,CACH,4:20,283,5.5,137.5,,,
3,RTM,3/12/2025,65,0,1,11:02,11:12,heard,TUTI,5:50,267,7.9,197.5,,,
3,RTM,3/12/2025,65,0,1,11:02,11:12,heard,TUTI,7:01,61,8.7,217.5,,,
3,RTM,3/12/2025,65,0,1,11:02,11:12,heard,RBWO,8:29,53,3.8,95,,,
3,RTM,3/21/2025,42,0,0,8:16,8:26,heard,CAWR,0:05,278,5.0,125,,,
3,EM,3/21/2025,42,0,0,8:16,8:26,heard,TUTI,0:10,295,3.1,77.5,,,
3,RTM,3/21/2025,42,0,0,8:16,8:26,heard,RHWO,0:18,298,6.9,172.5,,,
3,RTM,3/21/2025,42,0,0,8:16,8:26,heard,RBWO,0:38,52,7.4,185,,,
3,RTM,3/21/2025,42,0,0,8:16,8:26,heard,RCWO,0:39,93,4.4,110,,,
3,RTM,3/21/2025,42,0,0,8:16,8:26,heard,TUTI,0:40,255,4.4,110,,,
3,EM,3/21/2025,42,0,0,8:16,8:26,heard,RBWO,0:40,54,5.4,135,,,
3,RTM,3/21/2025,42,0,0,8:16,8:26,heard,PIWO,1:15,217,9.9,247.5,,,
3,RTM,3/21/2025,42,0,0,8:16,8:26,heard,WBNU,1:25,90,8.7,217.5,,,
3,EM,3/21/2025,42,0,0,8:16,8:26,heard,WBNU,1:25,96,8.3,207.5,,,
3,RTM,3/21/2025,42,0,0,8:16,8:26,heard,CAWR,2:00,2,8.3,207.5,,,
3,RTM,3/21/2025,42,0,0,8:16,8:26,heard,WBNU,2:10,245,2.3,57.5,,,
3,EM,3/21/2025,42,0,0,8:16,8:26,heard,WBNU,2:15,16,6.3,157.5,,,
3,RTM,3/21/2025,42,0,0,8:16,8:26,visual,YBSA,2:30,355,1.8,45,,,
3,EM,3/21/2025,42,0,0,8:16,8:26,visual,YBSA,2:30,19,2.0,50,,,
3,EM,3/21/2025,42,0,0,8:16,8:26,heard,CAWR,3:10,33,7.3,182.5,,,
3,RTM,3/21/2025,42,0,0,8:16,8:26,heard,RBWO,5:15,78,7.8,195,,,
3,EM,3/21/2025,42,0,0,8:16,8:26,heard,RBWO,5:30,84,5.7,142.5,,,
3,RTM,3/21/2025,42,0,0,8:16,8:26,visual,RHWO,6:30,179,8.9,222.5,,,
3,RTM,3/21/2025,42,0,0,8:16,8:26,heard,RHWO,7:49,121,9.0,225,,,
3,EM,3/21/2025,42,0,0,8:16,8:26,heard,BHNU,8:30,330,7.5,187.5,,,
3,RTM,3/21/2025,42,0,0,8:16,8:26,heard,TUTI,9:10,190,6.4,160,,,
3,RTM,3/21/2025,42,0,0,8:16,8:26,heard,BHNU,9:40,121,2.9,72.5,,,
3,EM,3/21/2025,42,0,0,8:16,8:26,heard,BHNU,9:50,114,4.4,110,,,
3,EM,4/1/2025,65,2,0,9:00,9:10,heard,TUTI,0:29,317,0.6,15,,,
3,EM,4/1/2025,65,2,0,9:00,9:10,heard,GCFL,1:29,343,3.5,87.5,,,
3,EM,4/1/2025,65,2,0,9:00,9:10,heard,BHNU,1:48,153,1.8,45,,,
3,EM,4/1/2025,65,2,0,9:00,9:10,heard,PIWO,3:59,2,7.2,180,,,
3,EM,4/1/2025,65,2,0,9:00,9:10,heard,CAWR,6:22,129,4.4,110,,,
3,EM,4/1/2025,65,2,0,9:00,9:10,heard,RHWO,8:23,330,7.1,177.5,,,
3,EM,4/1/2025,65,2,0,9:00,9:10,heard,RBWO,8:59,218,1.4,35,,,
3,RTM,4/9/2025,55,0,0,8:48,8:58,heard,TUTI,0:05,256,7.8,195,,,
3,RTM,4/9/2025,55,0,0,8:48,8:58,heard,GCFL,0:22,290,5.4,135,,,
3,RTM,4/9/2025,55,0,0,8:48,8:58,heard,GCFL,0:37,107,6.3,157.5,,,
3,RTM,4/9/2025,55,0,0,8:48,8:58,heard,TUTI,1:18,47,8.6,215,,,
3,RTM,4/9/2025,55,0,0,8:48,8:58,heard,EABL,1:34,16,6.4,160,,,
3,RTM,4/9/2025,55,0,0,8:48,8:58,heard,CACH,2:35,230,7.9,197.5,,,
3,RTM,4/9/2025,55,0,0,8:48,8:58,heard,TUTI,3:08,134,8.7,217.5,,,
3,RTM,4/9/2025,55,0,0,8:48,8:58,heard,RCWO,3:34,35,6.6,165,,,
3,RTM,4/9/2025,55,0,0,8:48,8:58,heard,BHNU,4:52,229,1.2,30,,,
3,RTM,4/9/2025,55,0,0,8:48,8:58,heard,RHWO,4:52,352,6.9,172.5,,,
3,RTM,4/9/2025,55,0,0,8:48,8:58,heard,RHWO,5:49,103,6.7,167.5,,,
3,RTM,4/9/2025,55,0,0,8:48,8:58,heard,RBWO,6:26,65,3.6,90,,,
3,RTM,4/9/2025,55,0,0,8:48,8:58,heard,BHNU,7:47,291,2.9,72.5,,,
3,EM,4/23/2025,72,1,0,8:28,8:38,heard,RBWO,0:16,118,4.4,110,,,
3,EM,4/23/2025,72,1,0,8:28,8:38,heard,GCFL,0:51,359,0.3,7.5,,,
3,EM,4/23/2025,72,1,0,8:28,8:38,heard,TUTI,1:31,93,2.2,55,,,
3,EM,4/23/2025,72,1,0,8:28,8:38,heard,BHNU,5:27,339,1.0,25,,,
3,EM,4/23/2025,72,1,0,8:28,8:38,heard,RBWO,6:29,319,5.3,132.5,,,
3,EM,4/23/2025,72,1,0,8:28,8:38,heard,WBNU,7:21,340,5.1,127.5,,,
3,EM,4/23/2025,72,1,0,8:28,8:38,heard,RCWO,7:41,118,0.9,21.25,,,
3,EM,4/23/2025,72,1,0,8:28,8:38,heard,BHNU,9:56,128,2.2,55,,,
4,RTM,3/7/2025,58,0,1,10:42,10:52,heard,BHNU,0:02,64,2.3,57.5,,,
4,RTM,3/7/2025,58,0,1,10:42,10:52,heard,WBNU,0:24,325,7.6,190,,,
4,RTM,3/7/2025,58,0,1,10:42,10:52,heard,RBWO,1:29,165,4.9,122.5,,,
4,RTM,3/7/2025,58,0,1,10:42,10:52,heard,BHNU,1:39,64,5.0,125,,,
4,RTM,3/7/2025,58,0,1,10:42,10:52,heard,WBNU,2:15,240,1.6,40,,,
4,RTM,3/7/2025,58,0,1,10:42,10:52,heard,TUTI,2:31,143,9.7,242.5,,,
4,RTM,3/7/2025,58,0,1,10:42,10:52,heard,BHNU,3:10,222,5.2,130,,,
4,RTM,3/7/2025,58,0,1,10:42,10:52,visual,RHWO,4:10,289,1.3,32.5,,,
4,RTM,3/7/2025,58,0,1,10:42,10:52,visual,RHWO,5:10,222,7.0,175,,,
4,RTM,3/7/2025,58,0,1,10:42,10:52,heard,RHWO,5:25,181,5.0,125,,,
4,RTM,3/7/2025,58,0,1,10:42,10:52,heard,EABL,6:07,133,3.7,92.5,,,
4,RTM,3/7/2025,58,0,1,10:42,10:52,heard,RBWO,6:50,256,6.7,167.5,,,
4,RTM,3/12/2025,51,0,0,9:27,9:37,heard,RHWO,0:14,98,6.6,165,,,
4,RTM,3/12/2025,51,0,0,9:27,9:37,visual,RHWO,0:42,122,1.0,25,,,
4,RTM,3/12/2025,51,0,0,9:27,9:37,heard,BHNU,1:29,306,0.9,22.5,,,
4,RTM,3/12/2025,51,0,0,9:27,9:37,heard,RHWO,3:45,159,7.0,175,,,
4,RTM,3/12/2025,51,0,0,9:27,9:37,heard,RBWO,4:53,208,5.2,130,,,
4,RTM,3/12/2025,51,0,0,9:27,9:37,heard,CAWR,5:20,276,5.1,127.5,,,
4,RTM,3/12/2025,51,0,0,9:27,9:37,heard,CAWR,5:36,21,5.7,142.5,,,
4,RTM,3/12/2025,51,0,0,9:27,9:37,heard,RCWO,5:49,235,3.5,87.5,,,
4,RTM,3/12/2025,51,0,0,9:27,9:37,visual,RHWO,5:50,304,5.5,137.5,,,
4,RTM,3/12/2025,51,0,0,9:27,9:37,heard,RBWO,6:20,270,2.7,67.5,,,
4,RTM,3/12/2025,51,0,0,9:27,9:37,heard,TUTI,6:50,62,9.0,225,,,
4,RTM,3/12/2025,51,0,0,9:27,9:37,heard,WBNU,8:30,323,8.9,222.5,,,
4,RTM,3/21/2025,47,0,3,10:04,10:14,heard,TUTI,0:11,211,8.3,207.5,,,
4,EM,3/21/2025,51,0,3,10:04,10:14,heard,BHNU,0:25,225,2.7,67.5,,,
4,RTM,3/21/2025,49,0,3,10:04,10:14,heard,BHNU,0:28,133,5.8,145,,,
4,EM,3/21/2025,51,0,3,10:04,10:14,heard,RBWO,0:30,276,5.8,145,,,
4,RTM,3/21/2025,51,0,3,10:04,10:14,heard,BHNU,0:32,309,2.5,62.5,,,
4,RTM,3/21/2025,48,0,3,10:04,10:14,heard,NOFL,4:42,178,6.2,155,,,
4,EM,3/21/2025,51,0,3,10:04,10:14,heard,NOFL,4:45,181,7.0,175,,,
4,EM,3/21/2025,51,0,3,10:04,10:14,heard,RHWO,9:50,104,7.1,177.5,,,
4,RTM,3/21/2025,50,0,3,10:04,10:14,heard,RHWO,9:51,96,7.2,180,,,
4,EM,4/1/2025,69,1,1,11:47,11:57,heard,EABL,4:10,360,1.4,35,,,
4,EM,4/1/2025,69,1,1,11:47,11:57,heard,BHNU,5:23,324,2.4,60,,,
4,EM,4/1/2025,69,1,1,11:47,11:57,heard,NOFL,6:03,133,4.3,107.5,,,
4,EM,4/1/2025,69,1,1,11:47,11:57,heard,TUTI,6:26,49,2.6,65,,,
4,EM,4/1/2025,69,1,1,11:47,11:57,heard,WBNU,6:52,10,3.3,82.5,,,
4,EM,4/1/2025,69,1,1,11:47,11:57,heard,WBNU,6:52,10,3.3,82.5,,,
4,EM,4/1/2025,69,1,1,11:47,11:57,heard,TUTI,7:14,301,3.6,90,,,
4,EM,4/9/2025,49,0,1,7:50,8:00,heard,TUTI,0:02,337,1.5,37.5,,,
4,EM,4/9/2025,49,0,1,7:50,8:00,heard,TUTI,0:02,93,3.7,91.25,,,
4,EM,4/9/2025,49,0,1,7:50,8:00,heard,RBWO,1:05,94,2.5,62.5,,,
4,EM,4/9/2025,49,0,1,7:50,8:00,heard,CAWR,1:46,17,2.3,57.5,,,
4,EM,4/9/2025,49,0,1,7:50,8:00,heard,RBWO,2:26,347,3.6,90,,,
4,EM,4/9/2025,49,0,1,7:50,8:00,heard,EABL,2:50,314,2.1,52.5,,,
4,EM,4/9/2025,49,0,1,7:50,8:00,heard,GCFL,5:04,19,1.5,37.5,,,
4,EM,4/9/2025,49,0,1,7:50,8:00,heard,BHNU,7:30,299,3.6,90,,,
4,EM,4/9/2025,49,0,1,7:50,8:00,heard,RHWO,8:09,181,3.1,77.5,,,
4,EM,4/9/2025,49,0,1,7:50,8:00,visual,NOFL,9:14,40,0.6,15,,,
4,RTM,4/23/2025,73,1,0,8:41,8:51,heard,EABL,0:07,64,4.6,115,,,
4,RTM,4/23/2025,73,1,0,8:41,8:51,heard,BHNU,0:08,96,1.4,35,,,
4,RTM,4/23/2025,73,1,0,8:41,8:51,heard,RHWO,0:28,141,6.6,165,,,
4,RTM,4/23/2025,73,1,0,8:41,8:51,heard,GCFL,0:29,127,6.5,162.5,,,
4,RTM,4/23/2025,73,1,0,8:41,8:51,heard,CAWR,1:10,322,8.6,215,,,
4,RTM,4/23/2025,73,1,0,8:41,8:51,heard,CAWR,1:36,106,6.3,157.5,,,
4,RTM,4/23/2025,73,1,0,8:41,8:51,heard,EABL,2:28,227,3.7,92.5,,,
4,RTM,4/23/2025,73,1,0,8:41,8:51,heard,TUTI,3:57,96,6.4,160,,,
4,RTM,4/23/2025,73,1,0,8:41,8:51,heard,RBWO,4:20,179,7.7,192.5,,,
4,RTM,4/23/2025,73,1,0,8:41,8:51,heard,EABL,5:15,317,5.7,142.5,,,
4,RTM,4/23/2025,73,1,0,8:41,8:51,heard,TUTI,5:15,31,7.6,190,,,
4,RTM,4/23/2025,73,1,0,8:41,8:51,heard,DOWO,6:57,297,6.3,156.25,,,
4,RTM,4/23/2025,73,1,0,8:41,8:51,heard,RBWO,8:55,274,6.9,172.5,,,
4,RTM,4/23/2025,73,1,0,8:41,8:51,heard,WBNU,9:21,107,9.0,225,,,
5,RTM,3/7/2025,49,0,0,8:48,8:58,heard,EABL,0:53,316,5.6,140,,,
5,RTM,3/7/2025,49,0,0,8:48,8:58,heard,RBWO,1:01,73,7.3,182.5,,,
5,RTM,3/7/2025,49,0,0,8:48,8:58,heard,RBWO,1:24,2,6.6,165,,,
5,RTM,3/7/2025,49,0,0,8:48,8:58,heard,PIWO,1:42,21,8.6,215,,,
5,RTM,3/7/2025,49,0,0,8:48,8:58,heard,RBWO,2:13,211,5.6,140,,,
5,RTM,3/7/2025,49,0,0,8:48,8:58,heard,CAWR,3:01,341,3.7,92.5,,,
5,RTM,3/7/2025,49,0,0,8:48,8:58,heard,BHNU,4:12,341,5.7,142.5,,,
5,RTM,3/7/2025,49,0,0,8:48,8:58,visual,PIWO,5:55,334,3.8,95,,,
5,RTM,3/7/2025,49,0,0,8:48,8:58,heard,YBSA,5:58,315,3.6,90,,,
5,RTM,3/7/2025,49,0,0,8:48,8:58,heard,TUTI,7:58,276,6.4,160,,,
5,RTM,3/7/2025,49,0,0,8:48,8:58,heard,RHWO,9:10,65,7.3,182.5,,,
5,RTM,3/7/2025,49,0,0,8:48,8:58,heard,WBNU,9:50,51,8.5,212.5,,,
5,RTM,3/12/2025,65,0,1,11:45,11:55,heard,RHWO,0:05,198,4.8,120,,,
5,RTM,3/12/2025,65,0,1,11:45,11:55,heard,RHWO,0:32,5,3.8,95,,,
5,RTM,3/12/2025,65,0,1,11:45,11:55,heard,WBNU,0:39,70,1.4,35,,,
5,RTM,3/12/2025,65,0,1,11:45,11:55,heard,TUTI,1:50,185,7.5,187.5,,,
5,RTM,3/12/2025,65,0,1,11:45,11:55,heard,EABL,1:57,127,6.9,172.5,,,
5,RTM,3/12/2025,65,0,1,11:45,11:55,heard,TUTI,2:13,94,3.8,95,,,
5,RTM,3/12/2025,65,0,1,11:45,11:55,heard,WBNU,3:30,55,7.8,195,,,
5,RTM,3/12/2025,65,0,1,11:45,11:55,heard,RCWO,3:54,34,5.3,132.5,,,
5,RTM,3/12/2025,65,0,1,11:45,11:55,heard,RCWO,3:54,34,5.3,132.5,,,
5,RTM,3/12/2025,65,0,1,11:45,11:55,heard,WBNU,4:31,151,7.5,187.5,,,
5,RTM,3/12/2025,65,0,1,11:45,11:55,heard,CACH,4:50,38,1.8,45,,,
5,RTM,3/12/2025,65,0,1,11:45,11:55,heard,NOFL,5:35,38,3.7,92.5,,,
5,RTM,3/12/2025,65,0,1,11:45,11:55,heard,EABL,7:32,275,2.1,52.5,,,
5,RTM,3/12/2025,65,0,1,11:45,11:55,heard,PIWO,8:58,13,5.8,145,,,
5,RTM,3/21/2025,48,0,0,8:44,8:54,heard,WBNU,0:13,343,9.0,225,,,
5,RTM,3/21/2025,48,0,0,8:44,8:54,heard,BHNU,0:18,161,1.4,35,,,
5,EM,3/21/2025,48,0,0,8:44,8:54,heard,WBNU,0:20,341,5.8,145,,,
5,RTM,3/21/2025,48,0,0,8:44,8:54,heard,RHWO,0:28,90,5.1,127.5,,,
5,EM,3/21/2025,48,0,0,8:44,8:54,heard,RHWO,0:30,72,2.1,52.5,,,
5,EM,3/21/2025,48,0,0,8:44,8:54,heard,RHWO,0:30,72,2.1,52.5,,,
5,RTM,3/21/2025,48,0,0,8:44,8:54,heard,EABL,0:52,60,5.2,130,,,
5,RTM,3/21/2025,48,0,0,8:44,8:54,heard,RHWO,0:58,240,6.5,162.5,,,
5,EM,3/21/2025,48,0,0,8:44,8:54,heard,RHWO,1:05,205,6.7,167.5,,,
5,RTM,3/21/2025,48,0,0,8:44,8:54,heard,RCWO,1:15,120,4.7,117.5,,,
5,EM,3/21/2025,48,0,0,8:44,8:54,heard,BHNU,1:15,126,2.3,57.5,,,
5,RTM,3/21/2025,48,0,0,8:44,8:54,heard,RBWO,1:28,342,7.5,187.5,,,
5,RTM,3/21/2025,48,0,0,8:44,8:54,heard,CAWR,2:00,323,9.0,225,,,
5,RTM,3/21/2025,48,0,0,8:44,8:54,visual,EABL,2:57,116,1.4,35,,,
5,EM,3/21/2025,48,0,0,8:44,8:54,heard,RHWO,4:00,271,9.3,232.5,,,
5,RTM,3/21/2025,48,0,0,8:44,8:54,visual,RHWO,4:25,210,1.2,30,,,
5,RTM,3/21/2025,48,0,0,8:44,8:54,heard,CAWR,4:40,284,9.1,227.5,,,
5,RTM,3/21/2025,48,0,0,8:44,8:54,heard,RHWO,4:40,307,8.8,220,,,
5,RTM,3/21/2025,48,0,0,8:44,8:54,heard,CAWR,5:08,223,7.8,195,,,
5,EM,3/21/2025,48,0,0,8:44,8:54,heard,CAWR,5:10,280,9.3,232.5,,,
5,RTM,3/21/2025,48,0,0,8:44,8:54,heard,WBNU,5:57,113,7.7,192.5,,,
5,EM,3/21/2025,48,0,0,8:44,8:54,heard,WBNU,6:30,135,8.2,205,,,
5,EM,3/21/2025,48,0,0,8:44,8:54,heard,BHNU,7:30,316,2.1,52.5,,,
5,RTM,3/21/2025,48,0,0,8:44,8:54,visual,YBSA,7:40,315,1.8,45,,,
5,RTM,3/21/2025,48,0,0,8:44,8:54,heard,BHNU,8:02,102,0.5,12.5,,,
5,EM,3/21/2025,48,0,0,8:44,8:54,heard,RBWO,8:40,49,4.2,105,,,
5,RTM,3/21/2025,48,0,0,8:44,8:54,heard,RBWO,8:41,32,7.7,192.5,,,
5,EM,3/21/2025,48,0,0,8:44,8:54,visual,EABL,9:05,14,2.2,55,,,
5,EM,3/21/2025,48,0,0,8:44,8:54,visual,WBNU,9:30,347,1.3,32.5,,,
5,EM,4/1/2025,66,2,1,9:53,10:03,heard,RBWO,0:21,187,3.5,87.5,,,
5,EM,4/1/2025,66,2,1,9:53,10:03,heard,CAWR,2:01,357,3.8,95,,,
5,EM,4/1/2025,66,2,1,9:53,10:03,heard,RHWO,4:52,240,2.7,67.5,,,
5,EM,4/1/2025,66,2,1,9:53,10:03,heard,RBWO,5:02,51,2.6,65,,,
5,EM,4/1/2025,66,2,1,9:53,10:03,heard,RCWO,6:03,13,0.6,15,,,
5,EM,4/1/2025,66,2,1,9:53,10:03,heard,TUTI,7:11,330,3.5,87.5,,,
5,EM,4/9/2025,60,0,0,9:40,9:50,visual,RBWO,0:02,88,1.5,37.5,,,
5,EM,4/9/2025,60,0,0,9:40,9:50,heard,RHWO,0:25,143,3.7,92.5,,,
5,EM,4/9/2025,60,0,0,9:40,9:50,heard,NOFL,0:43,171,5.1,127.5,,,
5,EM,4/9/2025,60,0,0,9:40,9:50,heard,GCFL,1:09,359,1.6,40,,,
5,EM,4/9/2025,60,0,0,9:40,9:50,heard,TUTI,2:30,34,1.3,32.5,,,
5,EM,4/9/2025,60,0,0,9:40,9:50,heard,RCWO,3:11,67,0.4,10,,,
5,EM,4/9/2025,60,0,0,9:40,9:50,heard,WBNU,4:59,97,2.5,62.5,,,
5,EM,4/9/2025,60,0,0,9:40,9:50,heard,RBWO,7:16,24,1.5,37.5,,,
5,EM,4/9/2025,60,0,0,9:40,9:50,heard,RHWO,9:55,331,3.6,90,,,
5,EM,4/23/2025,71,1,0,7:37,7:47,heard,RBWO,0:16,87,5.3,132.5,,,
5,EM,4/23/2025,71,1,0,7:37,7:47,heard,GCFL,0:47,319,0.7,16.25,,,
5,EM,4/23/2025,71,1,0,7:37,7:47,heard,GCFL,1:20,20,1.3,32.5,,,
5,EM,4/23/2025,71,1,0,7:37,7:47,heard,CAWR,2:11,329,2.1,52.5,,,
5,EM,4/23/2025,71,1,0,7:37,7:47,heard,TUTI,2:44,235,3.2,80,,,
5,EM,4/23/2025,71,1,0,7:37,7:47,visual,PIWO,6:09,57,0.5,12.5,,,
5,EM,4/23/2025,71,1,0,7:37,7:47,heard,RHWO,6:59,288,2.1,51.25,,,
5,EM,4/23/2025,71,1,0,7:37,7:47,heard,RBWO,9:40,35,0.1,2.5,,,
5,EM,4/23/2025,71,1,0,7:37,7:47,heard,RBWO,9:40,35,0.1,2.5,,,
6,RTM,3/7/2025,52,0,1,10:10,10:20,heard,RBWO,0:19,275,4.3,107.5,,,
6,RTM,3/7/2025,52,0,1,10:10,10:20,heard,RHWO,0:32,200,4.5,112.5,,,
6,RTM,3/7/2025,52,0,1,10:10,10:20,heard,TUTI,1:23,150,1.4,35,,,
6,RTM,3/7/2025,52,0,1,10:10,10:20,heard,RCWO,1:45,346,8.1,202.5,,,
6,RTM,3/7/2025,52,0,1,10:10,10:20,heard,WBNU,2:05,22,8.2,205,,,
6,RTM,3/7/2025,52,0,1,10:10,10:20,heard,WBNU,3:20,258,0.8,20,,,
6,RTM,3/7/2025,52,0,1,10:10,10:20,heard,TUTI,7:22,137,9.3,232.5,,,
6,RTM,3/7/2025,52,0,1,10:10,10:20,heard,WBNU,7:40,146,7.3,182.5,,,
6,RTM,3/7/2025,52,0,1,10:10,10:20,heard,RBWO,8:17,109,8.4,210,,,
6,RTM,3/7/2025,52,0,1,10:10,10:20,heard,WBNU,8:37,332,7.7,192.5,,,
6,RTM,3/12/2025,50,0,0,8:53,9:03,heard,RBWO,0:31,335,4.8,120,,,
6,RTM,3/12/2025,50,0,0,8:53,9:03,heard,RHWO,0:32,353,7.8,195,,,
6,RTM,3/12/2025,50,0,0,8:53,9:03,heard,RBWO,1:59,69,5.5,137.5,,,
6,RTM,3/12/2025,50,0,0,8:53,9:03,heard,TUTI,2:15,95,7.2,180,,,
6,RTM,3/12/2025,50,0,0,8:53,9:03,heard,RHWO,2:28,146,5.3,132.5,,,
6,RTM,3/12/2025,50,0,0,8:53,9:03,heard,WBNU,2:48,147,7.8,195,,,
6,RTM,3/12/2025,50,0,0,8:53,9:03,heard,RHWO,3:02,85,4.3,107.5,,,
6,RTM,3/12/2025,50,0,0,8:53,9:03,heard,EABL,3:21,124,6.3,157.5,,,
6,RTM,3/12/2025,50,0,0,8:53,9:03,heard,EABL,3:53,243,2.3,57.5,,,
6,RTM,3/12/2025,50,0,0,8:53,9:03,heard,BHNU,4:01,33,1.6,40,,,
6,RTM,3/12/2025,50,0,0,8:53,9:03,heard,RBWO,6:50,261,1.7,42.5,,,
6,RTM,3/21/2025,48,0,3,9:42,9:52,heard,RCWO,0:02,39,3.3,82.5,,,
6,RTM,3/21/2025,48,0,3,9:42,9:52,heard,TUTI,0:08,215,3.5,87.5,,,
6,EM,3/21/2025,48,0,3,9:42,9:52,heard,TUTI,0:15,271,1.7,42.5,,,
6,EM,3/21/2025,48,0,3,9:42,9:52,heard,RCWO,0:30,105,5.5,137.5,,,
6,RTM,3/21/2025,48,0,3,9:42,9:52,heard,BHNU,3:12,9,3.7,92.5,,,
6,EM,3/21/2025,48,0,3,9:42,9:52,heard,BHNU,3:18,61,4.5,112.5,,,
6,RTM,3/21/2025,48,0,3,9:42,9:52,heard,RHWO,6:30,22,8.7,217.5,,,
6,RTM,3/21/2025,48,0,3,9:42,9:52,heard,RBWO,8:41,5,7.8,195,,,
6,EM,4/1/2025,69,2,0,11:18,11:28,heard,RHWO,1:49,94,3.2,80,,,
6,EM,4/1/2025,69,2,0,11:18,11:28,heard,RHWO,2:24,278,3.0,75,,,
6,EM,4/1/2025,69,2,0,11:18,11:28,heard,TUTI,3:18,17,1.3,32.5,,,
6,EM,4/9/2025,50,0,0,8:19,8:29,heard,RBWO,0:19,323,1.3,32.5,,,
6,EM,4/9/2025,50,0,0,8:19,8:29,heard,TUTI,0:19,68,1.1,27.5,,,
6,EM,4/9/2025,50,0,0,8:19,8:29,heard,CAWR,2:07,6,2.4,60,,,
6,EM,4/9/2025,50,0,0,8:19,8:29,heard,BHNU,4:09,25,1.6,40,,,
6,EM,4/9/2025,50,0,0,8:19,8:29,heard,GCFL,5:59,359,0.5,12.5,,,
6,EM,4/9/2025,50,0,0,8:19,8:29,heard,NOFL,6:22,319,5.1,127.5,,,
6,EM,4/9/2025,50,0,0,8:19,8:29,heard,RHWO,6:41,57,3.8,95,,,
6,EM,4/9/2025,50,0,0,8:19,8:29,heard,RHWO,7:23,248,1.4,35,,,
6,RTM,4/23/2025,67,1,0,7:55,8:05,heard,RHWO,0:14,40,6.3,157.5,,,
6,RTM,4/23/2025,67,1,0,7:55,8:05,heard,RBWO,0:15,37,1.5,37.5,,,
6,RTM,4/23/2025,67,1,0,7:55,8:05,heard,GCFL,1:53,13,3.7,92.5,,,
6,RTM,4/23/2025,67,1,0,7:55,8:05,heard,RHWO,3:50,323,5.0,125,,,
6,RTM,4/23/2025,67,1,0,7:55,8:05,heard,BHNU,5:05,66,3.0,75,,,
6,RTM,4/23/2025,67,1,0,7:55,8:05,visual,EABL,7:42,46,3.4,83.75,,,
6,RTM,4/23/2025,67,1,0,7:55,8:05,heard,EABL,8:23,350,5.8,145,,,
6,RTM,4/23/2025,67,1,0,7:55,8:05,heard,RHWO,8:48,233,6.8,170,,,
6,RTM,4/23/2025,67,1,0,7:55,8:05,heard,TUTI,9:15,340,5.5,137.5,,,
7,RTM,3/7/2025,54,0,0,9:17,9:27,heard,BHNU,0:34,21,2.2,55,,,
7,RTM,3/7/2025,54,0,0,9:17,9:27,heard,RBWO,1:01,352,3.2,80,,,
7,RTM,3/7/2025,54,0,0,9:17,9:27,heard,RBWO,1:12,112,4.1,102.5,,,
7,RTM,3/7/2025,54,0,0,9:17,9:27,heard,PIWO,1:32,287,6.9,172.5,,,
7,RTM,3/7/2025,54,0,0,9:17,9:27,heard,RHWO,2:01,176,4.3,107.5,,,
7,RTM,3/7/2025,54,0,0,9:17,9:27,heard,RHWO,2:01,176,4.3,107.5,,,
7,RTM,3/7/2025,54,0,0,9:17,9:27,heard,NOFL,5:10,256,7.2,180,,,
7,RTM,3/12/2025,46,0,0,8:19,8:29,heard,BHNU,0:02,242,1.9,47.5,,,
7,RTM,3/12/2025,46,0,0,8:19,8:29,heard,RHWO,0:47,357,7.0,175,,,
7,RTM,3/12/2025,46,0,0,8:19,8:29,heard,BHNU,1:10,122,5.7,142.5,,,
7,RTM,3/12/2025,46,0,0,8:19,8:29,heard,RCWO,2:30,123,3.1,77.5,,,
7,RTM,3/12/2025,46,0,0,8:19,8:29,heard,PIWO,3:21,53,10.0,250,,,
7,RTM,3/12/2025,46,0,0,8:19,8:29,heard,EABL,4:00,136,8.6,215,,,
7,RTM,3/12/2025,46,0,0,8:19,8:29,heard,TUTI,4:01,121,8.6,215,,,
7,RTM,3/12/2025,46,0,0,8:19,8:29,heard,CAWR,4:31,288,7.2,180,,,
7,RTM,3/12/2025,46,0,0,8:19,8:29,heard,PIWO,5:00,314,10.8,270,,,
7,RTM,3/12/2025,46,0,0,8:19,8:29,heard,EABL,9:01,238,6.5,162.5,,,
7,RTM,3/12/2025,46,0,0,8:19,8:29,heard,RHWO,10:01,97,8.8,220,,,
7,RTM,3/21/2025,46,0,2,9:16,9:26,heard,RBWO,0:20,297,5.4,135,,,
7,RTM,3/21/2025,46,0,2,9:16,9:26,heard,RHWO,0:45,28,7.5,187.5,,,
7,EM,3/21/2025,46,0,2,9:16,9:26,heard,RHWO,0:50,45,8.3,207.5,,,
7,EM,3/21/2025,46,0,2,9:16,9:26,heard,RBWO,2:40,350,7.5,187.5,,,
7,RTM,3/21/2025,46,0,2,9:16,9:26,heard,RBWO,3:40,243,3.5,87.5,,,
7,EM,3/21/2025,46,0,2,9:16,9:26,heard,RBWO,3:40,268,3.6,90,,,
7,RTM,3/21/2025,46,0,2,9:16,9:26,heard,RHWO,4:20,339,7.8,195,,,
7,EM,3/21/2025,46,0,2,9:16,9:26,heard,RHWO,4:30,2,7.7,192.5,,,
7,EM,3/21/2025,46,0,2,9:16,9:26,heard,CACH,9:00,31,8.1,202.5,,,
7,EM,4/1/2025,67,2,1,10:27,10:37,heard,RBWO,0:58,262,4.9,122.5,,,
7,EM,4/1/2025,67,2,1,10:27,10:37,heard,RHWO,2:47,5,4.7,117.5,,,
7,EM,4/1/2025,67,2,1,10:27,10:37,heard,GCFL,7:24,37,3.2,80,,,
7,EM,4/9/2025,56,0,0,9:02,9:12,heard,RHWO,1:49,358,4.7,117.5,,,
7,EM,4/9/2025,56,0,0,9:02,9:12,heard,RHWO,4:12,211,1.6,40,,,
7,EM,4/9/2025,56,0,0,9:02,9:12,heard,EABL,4:25,273,1.4,35,,,
7,EM,4/9/2025,56,0,0,9:02,9:12,heard,RBWO,4:49,68,6.6,165,,,
7,EM,4/9/2025,56,0,0,9:02,9:12,heard,TUTI,7:32,82,2.6,65,,,
7,EM,4/9/2025,56,0,0,9:02,9:12,heard,BHNU,9:59,118,1.6,40,,,
7,EM,4/9/2025,56,0,0,9:02,9:12,heard,BHNU,9:59,118,1.6,40,,,
7,RTM,4/23/2025,62,1,0,7:21,7:31,heard,EABL,0:41,297,6.4,160,,,
7,RTM,4/23/2025,62,1,0,7:21,7:31,heard,RHWO,1:31,320,5.7,142.5,,,
7,RTM,4/23/2025,62,1,0,7:21,7:31,heard,RHWO,1:38,215,4.9,122.5,,,
7,RTM,4/23/2025,62,1,0,7:21,7:31,heard,RHWO,1:51,335,4.3,107.5,,,
7,RTM,4/23/2025,62,1,0,7:21,7:31,heard,GCFL,3:49,243,4.9,122.5,,,
7,RTM,4/23/2025,62,1,0,7:21,7:31,heard,BHNU,5:15,32,1.8,45,,,
7,RTM,4/23/2025,62,1,0,7:21,7:31,heard,PIWO,6:08,73,9.2,230,,,
7,RTM,4/23/2025,62,1,0,7:21,7:31,heard,WBNU,6:20,127,6.3,157.5,,,
7,RTM,4/23/2025,62,1,0,7:21,7:31,heard,GCFL,6:43,313,7.6,190,,,
8,RTM,3/6/2025,51,0,2,10:08,10:18,heard,RCWO,1:59,14,7.5,187.5,,,
8,RTM,3/13/2025,72,1,3,12:15,12:25,heard,RCWO,0:10,295,2.3,57.5,,,
8,RTM,3/13/2025,72,1,3,12:15,12:25,heard,WBNU,6:21,321,6.7,167.5,,,
8,RTM,3/13/2025,72,1,3,12:15,12:25,heard,TUTI,8:00,217,5.8,145,,,
8,RTM,3/19/2025,48,0,0,8:20,8:30,heard,WBNU,0:05,330,5.1,127.5,,,
8,RTM,3/19/2025,48,0,0,8:20,8:30,heard,BHNU,0:08,236,2.8,70,,,
8,EM,3/19/2025,48,0,0,8:20,8:30,heard,WBNU,0:40,347,4.9,122.5,,,
8,RTM,3/19/2025,48,0,0,8:20,8:30,heard,EABL,0:57,358,2.1,52.5,,,
8,EM,3/19/2025,48,0,0,8:20,8:30,heard,EABL,1:10,348,2.0,50,,,
8,RTM,3/19/2025,48,0,0,8:20,8:30,heard,RCWO,1:25,110,6.4,160,,,
8,RTM,3/19/2025,48,0,0,8:20,8:30,heard,TUTI,1:55,333,3.0,75,,,
8,RTM,3/19/2025,48,0,0,8:20,8:30,heard,TUTI,1:59,244,7.0,175,,,
8,EM,3/19/2025,48,0,0,8:20,8:30,heard,TUTI,2:05,316,4.5,112.5,,,
8,RTM,3/19/2025,48,0,0,8:20,8:30,heard,NOFL,3:15,269,4.5,112.5,,,
8,RTM,3/19/2025,48,0,0,8:20,8:30,heard,RBWO,4:20,321,4.2,105,,,
8,EM,3/19/2025,48,0,0,8:20,8:30,heard,BHNU,6:15,234,5.1,127.5,,,
8,RTM,3/19/2025,48,0,0,8:20,8:30,heard,PIWO,7:05,220,9.3,232.5,,,
8,EM,3/19/2025,48,0,0,8:20,8:30,heard,PIWO,8:00,27,8.0,200,,,
8,EM,3/19/2025,48,0,0,8:20,8:30,heard,PIWO,8:05,198,5.1,127.5,,,
8,RTM,3/19/2025,48,0,0,8:20,8:30,heard,PIWO,8:15,46,7.6,190,,,
8,RTM,3/19/2025,48,0,0,8:20,8:30,heard,RBWO,9:10,207,7.8,195,,,
8,EM,4/2/2025,73,2,1,8:18,8:28,heard,RBWO,0:48,319,4.6,115,,,
8,EM,4/2/2025,73,2,1,8:18,8:28,heard,RBWO,1:02,95,6.6,165,,,
8,EM,4/2/2025,73,2,1,8:18,8:28,heard,TUTI,2:37,8,2.7,67.5,,,
8,EM,4/2/2025,73,2,1,8:18,8:28,heard,RBWO,3:01,12,7.0,175,,,
8,EM,4/2/2025,73,2,1,8:18,8:28,heard,EABL,3:53,49,2.2,55,,,
8,EM,4/2/2025,73,2,1,8:18,8:28,heard,GCFL,7:24,237,1.4,35,,,
8,EM,4/2/2025,73,2,1,8:18,8:28,heard,NOFL,9:31,35,6.5,162.5,,,
8,EM,4/10/2025,65,0,1,9:50,10:00,heard,GCFL,0:09,56,1.6,40,,,
8,EM,4/10/2025,65,0,1,9:50,10:00,heard,TUTI,1:02,101,3.2,80,,,
8,EM,4/10/2025,65,0,1,9:50,10:00,heard,RBWO,1:40,180,7.6,190,,,
8,EM,4/10/2025,65,0,1,9:50,10:00,heard,WBNU,3:56,339,5.0,125,,,
8,EM,4/10/2025,65,0,1,9:50,10:00,heard,CAWR,7:21,26,4.9,122.5,,,
8,EM,4/10/2025,65,0,1,9:50,10:00,heard,RBWO,7:54,89,6.6,165,,,
8,EM,4/24/2025,76,1,2,10:03,10:13,heard,RBWO,0:21,226,3.7,92.5,,,
8,EM,4/24/2025,76,1,2,10:03,10:13,heard,RBWO,3:12,89,3.4,83.75,,,
8,EM,4/24/2025,76,1,2,10:03,10:13,heard,NOFL,7:53,5,4.7,116.25,,,
9,RTM,3/6/2025,50,0,2,9:15,9:25,heard,RCWO,0:01,350,0.9,22.5,,,
9,RTM,3/6/2025,50,0,2,9:15,9:25,heard,BHNU,0:05,342,1.8,45,,,
9,RTM,3/6/2025,50,0,2,9:15,9:25,heard,PIWO,0:21,27,8.2,205,,,
9,RTM,3/6/2025,50,0,2,9:15,9:25,heard,EABL,0:34,204,4.5,112.5,,,
9,RTM,3/6/2025,50,0,2,9:15,9:25,heard,EABL,1:01,290,3.0,75,,,
9,RTM,3/6/2025,50,0,2,9:15,9:25,visual,NOFL,2:02,260,3.0,75,,,
9,RTM,3/6/2025,50,0,2,9:15,9:25,visual,NOFL,2:02,260,3.0,75,,,
9,RTM,3/6/2025,50,0,2,9:15,9:25,visual,NOFL,2:02,332,0.8,20,,,
9,RTM,3/6/2025,50,0,2,9:15,9:25,heard,RBWO,5:58,64,9.0,225,,,
9,RTM,3/6/2025,50,0,2,9:15,9:25,heard,WBNU,7:43,183,7.7,192.5,,,
9,RTM,3/13/2025,71,2,4,11:48,11:58,heard,CAWR,0:19,23,5.9,147.5,,,
9,RTM,3/13/2025,71,2,4,11:48,11:58,heard,CACH,0:35,290,5.9,147.5,,,
9,RTM,3/13/2025,71,2,4,11:48,11:58,heard,WBNU,1:09,124,5.9,147.5,,,
9,RTM,3/13/2025,71,2,4,11:48,11:58,heard,CACH,1:31,115,6.3,157.5,,,
9,RTM,3/13/2025,71,2,4,11:48,11:58,heard,WBNU,2:21,64,6.6,165,,,
9,RTM,3/13/2025,71,2,4,11:48,11:58,heard,TUTI,3:01,16,7.4,185,,,
9,RTM,3/13/2025,71,2,4,11:48,11:58,heard,TUTI,7:02,119,8.5,212.5,,,
9,RTM,3/19/2025,68,0,2,11:19,11:29,heard,TUTI,0:51,162,7.4,185,,,
9,EM,3/19/2025,68,0,1,11:19,11:29,heard,TUTI,1:05,184,3.8,95,,,
9,RTM,3/19/2025,68,0,2,11:19,11:29,heard,RBWO,1:20,140,4.2,105,,,
9,RTM,3/19/2025,68,0,2,11:19,11:29,heard,RBWO,1:23,163,5.1,127.5,,,
9,EM,3/19/2025,68,0,1,11:19,11:29,heard,RBWO,1:25,139,6.3,157.5,,,
9,EM,3/19/2025,68,0,1,11:19,11:29,heard,RBWO,1:25,153,7.1,177.5,,,
9,RTM,3/19/2025,68,0,2,11:19,11:29,heard,TUTI,1:51,25,6.6,165,,,
9,EM,3/19/2025,68,0,1,11:19,11:29,heard,TUTI,2:00,57,7.3,182.5,,,
9,RTM,3/19/2025,68,0,2,11:19,11:29,heard,CAWR,3:21,213,6.7,167.5,,,
9,EM,3/19/2025,68,0,1,11:19,11:29,heard,CAWR,3:30,224,7.2,180,,,
9,RTM,3/19/2025,68,0,2,11:19,11:29,heard,RBWO,6:21,319,7.5,187.5,,,
9,EM,3/19/2025,68,0,1,11:19,11:29,heard,RBWO,6:40,315,7.2,180,,,
9,RTM,3/19/2025,68,0,2,11:19,11:29,heard,WBNU,7:01,226,4.9,122.5,,,
9,EM,3/19/2025,68,0,1,11:19,11:29,heard,WBNU,7:15,249,5.1,127.5,,,
9,RTM,3/19/2025,68,0,2,11:19,11:29,heard,RBWO,7:50,241,4.5,112.5,,,
9,EM,4/2/2025,81,1,2,10:51,11:01,heard,CAWR,0:20,141,3.1,77.5,,,
9,EM,4/2/2025,81,1,2,10:51,11:01,heard,GCFL,0:52,337,1.6,40,,,
9,EM,4/2/2025,81,1,2,10:51,11:01,heard,RCWO,1:18,55,1.4,35,,,
9,EM,4/2/2025,81,1,2,10:51,11:01,heard,RCWO,3:28,282,1.7,42.5,,,
9,EM,4/2/2025,81,1,2,10:51,11:01,heard,TUTI,4:23,3,5.3,132.5,,,
9,EM,4/2/2025,81,1,2,10:51,11:01,heard,WBNU,8:15,45,5.3,132.5,,,
9,EM,4/10/2025,60,0,0,9:15,9:25,heard,BHNU,0:01,354,1.2,30,,,
9,EM,4/10/2025,60,0,0,9:15,9:25,heard,CACH,1:00,358,2.6,65,,,
9,EM,4/10/2025,60,0,0,9:15,9:25,heard,CAWR,1:14,128,1.3,32.5,,,
9,EM,4/10/2025,60,0,0,9:15,9:25,heard,CAWR,2:37,307,1.9,47.5,,,
9,EM,4/10/2025,60,0,0,9:15,9:25,heard,RBWO,2:47,87,3.1,77.5,,,
9,EM,4/10/2025,60,0,0,9:15,9:25,heard,RBWO,4:02,333,3.1,77.5,,,
9,EM,4/10/2025,60,0,0,9:15,9:25,heard,GCFL,4:31,40,2.9,72.5,,,
9,EM,4/10/2025,60,0,0,9:15,9:25,heard,CACH,7:29,307,4.0,100,,,
9,EM,4/10/2025,60,0,0,9:15,9:25,heard,RHWO,9:58,187,2.9,72.5,,,
9,EM,4/24/2025,69,1,0,7:31,7:41,heard,CAWR,0:36,81,2.9,72.5,,,
9,EM,4/24/2025,69,1,0,7:31,7:41,heard,GCFL,2:06,334,3.1,76.25,,,
9,EM,4/24/2025,69,1,0,7:31,7:41,heard,GCFL,7:53,62,1.2,30,,,
9,EM,4/24/2025,69,1,0,7:31,7:41,heard,GCFL,9:36,283,3.4,85,,,
9,EM,4/24/2025,69,1,0,7:31,7:41,heard,RBWO,9:56,147,3.7,92.5,,,
10,RTM,3/6/2025,47,0,3,8:28,8:38,heard,TUTI,0:21,299,9.7,242.5,,,
10,RTM,3/6/2025,47,0,3,8:28,8:38,heard,RCWO,1:39,266,6.0,150,,,
10,RTM,3/6/2025,47,0,3,8:28,8:38,heard,BHNU,4:01,302,7.5,187.5,,,
10,RTM,3/6/2025,47,0,3,8:28,8:38,heard,TUTI,9:59,92,7.4,185,,,
10,RTM,3/13/2025,61,0,2,10:50,11:00,heard,TUTI,0:02,41,7.8,195,,,
10,RTM,3/13/2025,61,0,2,10:50,11:00,heard,TUTI,2:00,65,8.1,202.5,,,
10,RTM,3/13/2025,61,0,2,10:50,11:00,visual,RHWO,2:01,70,2.1,52.5,,,
10,RTM,3/13/2025,61,0,2,10:50,11:00,heard,TUTI,3:21,198,5.9,147.5,,,
10,RTM,3/13/2025,61,0,2,10:50,11:00,heard,BHNU,4:31,272,5.3,132.5,,,
10,RTM,3/13/2025,61,0,2,10:50,11:00,heard,RHWO,6:49,122,7.6,190,,,
10,RTM,3/13/2025,61,0,2,10:50,11:00,heard,WBNU,7:15,299,7.8,195,,,
10,RTM,3/13/2025,61,0,2,10:50,11:00,heard,WBNU,8:47,142,6.7,167.5,,,
10,RTM,3/19/2025,70,0,2,11:45,11:55,visual,EABL,3:00,96,6.2,155,,,
10,RTM,3/19/2025,70,0,2,11:45,11:55,heard,BHNU,3:20,32,3.3,82.5,,,
10,RTM,3/19/2025,70,0,2,11:45,11:55,heard,TUTI,3:25,138,5.1,127.5,,,
10,EM,3/19/2025,70,0,2,11:45,11:55,heard,BHNU,3:30,37,3.6,90,,,
10,EM,3/19/2025,70,0,2,11:45,11:55,visual,EABL,3:30,81,6.7,167.5,,,
10,EM,3/19/2025,70,0,2,11:45,11:55,heard,TUTI,3:35,88,4.9,122.5,,,
10,RTM,3/19/2025,70,0,2,11:45,11:55,heard,TUTI,7:25,334,6.9,172.5,,,
10,EM,3/19/2025,70,0,2,11:45,11:55,heard,TUTI,7:30,320,6.4,160,,,
10,RTM,3/19/2025,70,0,2,11:45,11:55,heard,CAWR,9:55,154,7.7,192.5,,,
10,EM,4/2/2025,77,0,2,9:46,9:56,heard,RHWO,1:01,121,2.4,60,,,
10,EM,4/2/2025,77,0,2,9:46,9:56,heard,TUTI,1:12,56,2.3,57.5,,,
10,EM,4/2/2025,77,0,2,9:46,9:56,heard,CAWR,4:48,300,2.5,62.5,,,
10,EM,4/2/2025,77,0,2,9:46,9:56,heard,BHNU,7:11,130,4.0,100,,,
10,EM,4/10/2025,56,0,0,8:26,8:36,heard,GCFL,0:29,57,1.1,26.25,,,
10,EM,4/10/2025,56,0,0,8:26,8:36,heard,GCFL,7:13,6,3.8,95,,,
10,EM,4/10/2025,56,0,0,8:26,8:36,heard,RBWO,8:04,2,2.3,57.5,,,
10,EM,4/10/2025,56,0,0,8:26,8:36,heard,RHWO,8:49,312,1.7,42.5,,,
10,EM,4/24/2025,70,1,0,8:01,8:11,heard,TUTI,0:36,342,3.6,90,,,
10,EM,4/24/2025,70,1,0,8:01,8:11,heard,CAWR,2:29,322,1.9,47.5,,,
10,EM,4/24/2025,70,1,0,8:01,8:11,heard,GCFL,8:17,11,2.6,65,,,
10,EM,4/24/2025,70,1,0,8:01,8:11,heard,PIWO,9:47,9,7.4,185,,,
10,EM,4/24/2025,70,1,0,8:01,8:11,heard,PIWO,9:47,9,7.4,185,,,
11,RTM,3/6/2025,45,0,2,7:48,7:58,heard,RHWO,0:03,43,9.8,245,,,
11,RTM,3/6/2025,45,0,2,7:48,7:58,heard,RCWO,1:55,26,8.3,207.5,,,
11,RTM,3/6/2025,45,0,2,7:48,7:58,heard,CAWR,2:30,334,8.3,207.5,,,
11,RTM,3/6/2025,45,0,2,7:48,7:58,heard,RHWO,2:34,93,9.4,235,,,
11,RTM,3/6/2025,45,0,2,7:48,7:58,heard,TUTI,5:24,34,10.0,250,,,
11,RTM,3/6/2025,45,0,2,7:48,7:58,heard,WBNU,7:21,39,9.2,230,,,
11,RTM,3/6/2025,45,0,2,7:48,7:58,heard,BHNU,7:41,41,2.0,50,,,
11,RTM,3/6/2025,45,0,2,7:48,7:58,heard,RHWO,9:34,75,7.0,175,,,
11,RTM,3/13/2025,60,0,2,10:15,10:25,heard,TUTI,0:01,254,4.5,112.5,,,
11,RTM,3/13/2025,60,0,2,10:15,10:25,heard,RCWO,0:08,22,3.5,87.5,,,
11,RTM,3/13/2025,60,0,2,10:15,10:25,heard,TUTI,0:20,282,6.8,170,,,
11,RTM,3/13/2025,60,0,2,10:15,10:25,heard,WBNU,0:31,299,7.9,197.5,,,
11,RTM,3/13/2025,60,0,2,10:15,10:25,heard,CAWR,0:35,54,5.5,137.5,,,
11,RTM,3/13/2025,60,0,2,10:15,10:25,heard,BHNU,0:45,224,2.3,57.5,,,
11,RTM,3/13/2025,60,0,2,10:15,10:25,heard,BHNU,0:45,224,2.3,57.5,,,
11,RTM,3/13/2025,60,0,2,10:15,10:25,heard,WBNU,0:56,52,7.9,197.5,,,
11,RTM,3/13/2025,60,0,2,10:15,10:25,heard,RBWO,1:05,307,5.6,140,,,
11,RTM,3/13/2025,60,0,2,10:15,10:25,heard,EABL,1:32,247,3.2,80,,,
11,RTM,3/13/2025,60,0,2,10:15,10:25,heard,TUTI,2:19,84,5.8,145,,,
11,RTM,3/13/2025,60,0,2,10:15,10:25,heard,WBNU,3:19,226,9.8,245,,,
11,RTM,3/13/2025,60,0,2,10:15,10:25,heard,CAWR,3:29,270,5.9,147.5,,,
11,RTM,3/13/2025,60,0,2,10:15,10:25,heard,CACH,3:55,59,1.6,40,,,
11,RTM,3/13/2025,60,0,2,10:15,10:25,heard,CACH,3:55,59,1.6,40,,,
11,RTM,3/13/2025,60,0,2,10:15,10:25,heard,RHWO,4:24,2,7.6,190,,,
11,RTM,3/13/2025,60,0,2,10:15,10:25,heard,RBWO,6:13,20,7.8,195,,,
11,RTM,3/13/2025,60,0,2,10:15,10:25,heard,PIWO,6:45,49,9.0,225,,,
11,RTM,3/13/2025,60,0,2,10:15,10:25,heard,RBWO,8:12,94,7.8,195,,,
11,EM,3/19/2025,73,0,3,12:07,12:17,heard,TUTI,0:20,220,5.2,130,,,
11,RTM,3/19/2025,73,0,3,12:07,12:17,heard,TUTI,0:29,215,4.7,117.5,,,
11,EM,3/19/2025,73,0,3,12:07,12:17,heard,CACH,1:00,278,7.0,175,,,
11,RTM,3/19/2025,73,0,3,12:07,12:17,heard,CACH,1:04,270,6.6,165,,,
11,RTM,3/19/2025,73,0,3,12:07,12:17,heard,WBNU,1:18,304,6.3,157.5,,,
11,EM,3/19/2025,73,0,3,12:07,12:17,heard,WBNU,1:18,331,5.0,125,,,
11,RTM,3/19/2025,73,0,3,12:07,12:17,heard,EABL,3:12,359,4.8,120,,,
11,EM,3/19/2025,73,0,3,12:07,12:17,heard,CACH,3:30,278,3.6,90,,,
11,RTM,3/19/2025,73,0,3,12:07,12:17,heard,CACH,3:34,270,3.2,80,,,
11,RTM,3/19/2025,73,0,3,12:07,12:17,heard,CAWR,4:10,339,8.3,207.5,,,
11,EM,3/19/2025,73,0,3,12:07,12:17,heard,EABL,4:20,30,5.0,125,,,
11,RTM,3/19/2025,73,0,3,12:07,12:17,heard,EABL,5:15,237,5.4,135,,,
11,EM,3/19/2025,73,0,3,12:07,12:17,heard,EABL,5:45,241,5.0,125,,,
11,RTM,3/19/2025,73,0,3,12:07,12:17,heard,RBWO,6:12,100,6.2,155,,,
11,EM,3/19/2025,73,0,3,12:07,12:17,heard,RBWO,6:12,119,6.3,157.5,,,
11,EM,3/19/2025,73,0,3,12:07,12:17,heard,RHWO,9:05,38,7.9,197.5,,,
11,RTM,3/19/2025,73,0,3,12:07,12:17,heard,RHWO,9:26,21,8.2,205,,,
11,EM,4/2/2025,74,1,1,9:11,9:21,heard,RHWO,0:49,3,3.1,77.5,,,
11,EM,4/2/2025,74,1,1,9:11,9:21,heard,CAWR,1:01,37,2.7,67.5,,,
11,EM,4/2/2025,74,1,1,9:11,9:21,heard,CAWR,1:21,330,2.3,57.5,,,
11,EM,4/2/2025,74,1,1,9:11,9:21,heard,BHNU,4:15,45,0.5,12.5,,,
11,EM,4/2/2025,74,1,1,9:11,9:21,heard,CACH,9:33,148,1.6,40,,,
11,EM,4/10/2025,55,0,0,7:55,8:05,heard,GCFL,0:27,50,1.3,32.5,,,
11,EM,4/10/2025,55,0,0,7:55,8:05,heard,CAWR,0:57,21,1.1,27.5,,,
11,EM,4/10/2025,55,0,0,7:55,8:05,visual,PIWO,1:09,294,0.3,7.5,,,
11,EM,4/10/2025,55,0,0,7:55,8:05,visual,PIWO,1:09,294,0.3,7.5,,,
11,EM,4/10/2025,55,0,0,7:55,8:05,heard,RBWO,2:46,7,1.7,42.5,,,
11,EM,4/10/2025,55,0,0,7:55,8:05,heard,WBNU,6:30,335,0.9,22.5,,,
11,EM,4/10/2025,55,0,0,7:55,8:05,heard,WBNU,6:30,335,0.9,22.5,,,
11,EM,4/10/2025,55,0,0,7:55,8:05,heard,EABL,7:24,91,1.1,27.5,,,
11,EM,4/10/2025,55,0,0,7:55,8:05,heard,RBWO,7:25,85,3.6,90,,,
11,EM,4/10/2025,55,0,0,7:55,8:05,heard,RHWO,9:42,4,3.2,80,,,
11,EM,4/24/2025,73,1,2,8:45,8:55,heard,WBNU,0:31,3,3.8,93.75,,,
11,EM,4/24/2025,73,1,2,8:45,8:55,visual,PIWO,1:30,2,5.1,127.5,,,
11,EM,4/24/2025,73,1,2,8:45,8:55,heard,TUTI,3:53,52,2.5,62.5,,,
11,EM,4/24/2025,73,1,2,8:45,8:55,heard,EABL,4:29,9,2.3,57.5,,,
11,EM,4/24/2025,73,1,2,8:45,8:55,heard,EABL,5:14,279,1.6,38.75,,,
11,EM,4/24/2025,73,1,2,8:45,8:55,heard,CAWR,7:21,30,1.1,27.5,,,
11,EM,4/24/2025,73,1,2,8:45,8:55,visual,RHWO,7:51,32,3.2,80,,,
11,EM,4/24/2025,73,1,2,8:45,8:55,visual,BHNU,8:35,120,0.9,22.5,,,
11,EM,4/24/2025,73,1,2,8:45,8:55,heard,NOFL,9:58,352,7.6,190,,,
12,RTM,3/6/2025,55,0,2,10:31,10:41,heard,BHNU,0:38,86,7.0,175,,,
12,RTM,3/6/2025,55,0,2,10:31,10:41,heard,YBSA,0:57,196,4.6,115,,,
12,RTM,3/6/2025,55,0,2,10:31,10:41,heard,WBNU,1:28,135,9.1,227.5,,,
12,RTM,3/6/2025,55,0,2,10:31,10:41,heard,BHNU,4:23,308,8.9,222.5,,,
12,RTM,3/6/2025,55,0,2,10:31,10:41,heard,RBWO,4:51,320,5.3,132.5,,,
12,RTM,3/6/2025,55,0,2,10:31,10:41,heard,RBWO,6:01,75,5.5,137.5,,,
12,RTM,3/6/2025,55,0,2,10:31,10:41,heard,RBWO,7:54,154,5.5,137.5,,,
12,RTM,3/6/2025,55,0,2,10:31,10:41,heard,EABL,8:20,204,8.2,205,,,
12,RTM,3/6/2025,55,0,2,10:31,10:41,visual,RHWO,9:02,239,3.0,75,,,
12,RTM,3/13/2025,57,0,1,9:35,9:45,heard,BHNU,0:21,44,2.6,65,,,
12,RTM,3/13/2025,57,0,1,9:35,9:45,heard,RBWO,1:01,96,4.1,102.5,,,
12,RTM,3/13/2025,57,0,1,9:35,9:45,heard,TUTI,1:29,31,9.4,235,,,
12,RTM,3/13/2025,57,0,1,9:35,9:45,heard,TUTI,1:45,154,8.8,220,,,
12,RTM,3/13/2025,57,0,1,9:35,9:45,heard,DOWO,2:19,11,5.0,125,,,
12,RTM,3/13/2025,57,0,1,9:35,9:45,heard,PIWO,4:39,21,8.4,210,,,
12,RTM,3/13/2025,57,0,1,9:35,9:45,heard,RCWO,7:35,150,3.7,92.5,,,
12,RTM,3/13/2025,57,0,1,9:35,9:45,heard,BHNU,8:24,165,7.0,175,,,
12,RTM,3/13/2025,57,0,1,9:35,9:45,heard,WBNU,8:34,115,4.2,105,,,
12,RTM,3/19/2025,56,0,0,9:04,9:14,heard,NOFL,0:04,334,4.8,120,,,
12,EM,3/19/2025,56,0,0,9:04,9:14,heard,NOFL,0:10,325,5.0,125,,,
12,RTM,3/19/2025,56,0,0,9:04,9:14,heard,TUTI,0:43,15,7.1,177.5,,,
12,RTM,3/19/2025,56,0,0,9:04,9:14,heard,BHNU,1:42,20,3.2,80,,,
12,EM,3/19/2025,56,0,0,9:04,9:15,heard,BHNU,1:50,30,3.2,80,,,
12,EM,3/19/2025,56,0,0,9:04,9:16,heard,TUTI,2:40,94,6.3,157.5,,,
12,RTM,3/19/2025,56,0,0,9:04,9:14,heard,CAWR,2:50,153,7.0,175,,,
12,EM,3/19/2025,56,0,0,9:04,9:17,heard,CAWR,2:50,149,7.1,177.5,,,
12,RTM,3/19/2025,56,0,0,9:04,9:14,heard,CAWR,5:35,42,7.3,182.5,,,
12,EM,4/2/2025,75,2,0,8:01,8:11,heard,RBWO,0:03,101,2.8,70,,,
12,EM,4/2/2025,75,2,0,8:01,8:11,heard,GCFL,0:20,187,1.8,45,,,
12,EM,4/2/2025,75,2,0,8:01,8:11,heard,RCWO,0:29,68,3.2,80,,,
12,EM,4/2/2025,75,2,0,8:01,8:11,heard,NOFL,0:53,343,8.2,205,,,
12,EM,4/2/2025,75,2,0,8:01,8:11,heard,NOFL,1:05,144,6.7,167.5,,,
12,EM,4/2/2025,75,2,0,8:01,8:11,heard,RCWO,4:13,261,4.3,107.5,,,
12,EM,4/2/2025,75,2,0,8:01,8:11,heard,BHNU,8:19,330,3.5,87.5,,,
12,RTM,4/10/2025,65,0,0,9:23,9:33,heard,CAWR,0:04,329,7.8,195,,,
12,RTM,4/10/2025,65,0,0,9:23,9:33,heard,GCFL,0:15,39,2.2,55,,,
12,RTM,4/10/2025,65,0,0,9:23,9:33,heard,RBWO,1:29,294,1.8,45,,,
12,RTM,4/10/2025,65,0,0,9:23,9:33,heard,CAWR,2:00,156,6.4,160,,,
12,RTM,4/10/2025,65,0,0,9:23,9:33,heard,GCFL,2:13,242,3.8,95,,,
12,RTM,4/10/2025,65,0,0,9:23,9:33,heard,RBWO,4:10,163,1.6,40,,,
12,RTM,4/10/2025,65,0,0,9:23,9:33,visual,WODU,6:10,9,1.9,46.25,,,
12,RTM,4/10/2025,65,0,0,9:23,9:33,visual,WODU,6:10,9,1.9,46.25,,,
12,RTM,4/10/2025,65,0,0,9:23,9:33,heard,RHWO,7:19,303,4.5,112.5,,,
12,RTM,4/10/2025,65,0,0,9:23,9:33,heard,NOFL,7:30,341,5.8,145,,,
12,RTM,4/10/2025,65,0,0,9:23,9:33,heard,RCWO,8:15,281,4.5,112.5,,,
12,RTM,4/10/2025,65,0,0,9:23,9:33,heard,RHWO,8:40,334,3.7,92.5,,,
12,RTM,4/10/2025,65,0,0,9:23,9:33,heard,CAWR,9:22,74,7.5,187.5,,,
12,EM,4/24/2025,78,1,1,11:54,12:04,heard,BHNU,1:22,346,2.7,67.5,,,
12,EM,4/24/2025,78,1,1,11:54,12:04,heard,RBWO,1:46,178,5.0,123.75,,,
12,EM,4/24/2025,78,1,1,11:54,12:04,heard,EABL,6:02,61,4.4,110,,,
12,EM,4/24/2025,78,1,1,11:54,12:04,heard,BHNU,7:50,102,3.7,91.25,,,
12,EM,4/24/2025,78,1,1,11:54,12:04,heard,GCFL,8:57,279,3.7,92.5,,,
12,EM,4/24/2025,78,1,1,11:54,12:04,heard,RBWO,9:02,318,4.5,111.25,,,
13,RTM,3/6/2025,55,0,2,10:57,11:07,heard,PIWO,1:03,20,3.7,92.5,,,
13,RTM,3/6/2025,55,0,2,10:57,11:07,heard,BHNU,4:48,292,9.1,227.5,,,
13,RTM,3/6/2025,55,0,2,10:57,11:07,heard,EABL,7:45,27,8.6,215,,,
13,RTM,3/6/2025,55,0,2,10:57,11:07,heard,RBWO,9:01,274,8.3,207.5,,,
13,RTM,3/13/2025,55,0,0,9:11,9:21,heard,RBWO,0:02,56,5.6,140,,,
13,RTM,3/13/2025,55,0,0,9:11,9:21,heard,BHNU,0:21,357,4.6,115,,,
13,RTM,3/13/2025,55,0,0,9:11,9:21,heard,BHNU,0:32,268,3.3,82.5,,,
13,RTM,3/13/2025,55,0,0,9:11,9:21,heard,CAWR,0:32,287,8.6,215,,,
13,RTM,3/13/2025,55,0,0,9:11,9:21,heard,CAWR,0:46,70,7.8,195,,,
13,RTM,3/13/2025,55,0,0,9:11,9:21,heard,RHWO,1:01,296,9.3,232.5,,,
13,RTM,3/13/2025,55,0,0,9:11,9:21,heard,CACH,1:40,334,8.7,217.5,,,
13,RTM,3/13/2025,55,0,0,9:11,9:21,heard,CACH,1:40,270,7.9,197.5,,,
13,RTM,3/13/2025,55,0,0,9:11,9:21,heard,RHWO,2:29,7,7.0,175,,,
13,RTM,3/13/2025,55,0,0,9:11,9:21,heard,TUTI,3:01,350,7.8,195,,,
13,RTM,3/13/2025,55,0,0,9:11,9:21,heard,TUTI,3:12,118,6.8,170,,,
13,RTM,3/13/2025,55,0,0,9:11,9:21,heard,RHWO,3:25,51,9.1,227.5,,,
13,RTM,3/13/2025,55,0,0,9:11,9:21,heard,TUTI,3:59,210,9.1,227.5,,,
13,RTM,3/13/2025,55,0,0,9:11,9:21,heard,CACH,9:13,154,6.8,170,,,
13,RTM,3/13/2025,55,0,0,9:11,9:21,heard,RBWO,9:57,218,9.0,225,,,
13,EM,3/19/2025,61,0,1,9:48,9:58,heard,TUTI,0:45,181,6.9,172.5,,,
13,EM,3/19/2025,61,0,1,9:48,9:58,heard,TUTI,1:00,278,1.8,45,,,
13,RTM,3/19/2025,61,0,1,9:48,9:58,heard,TUTI,1:01,210,6.3,157.5,,,
13,RTM,3/19/2025,61,0,1,9:48,9:58,heard,CAWR,1:02,242,3.5,87.5,,,
13,RTM,3/19/2025,61,0,1,9:48,9:58,heard,TUTI,1:38,251,7.8,195,,,
13,EM,3/19/2025,61,0,1,9:48,9:58,heard,RBWO,4:00,336,7.1,177.5,,,
13,RTM,3/19/2025,61,0,1,9:48,9:58,heard,RBWO,4:01,323,7.7,192.5,,,
13,RTM,3/19/2025,61,0,1,9:48,9:58,heard,BHNU,5:17,51,4.2,105,,,
13,RTM,3/19/2025,61,0,1,9:48,9:58,heard,TUTI,5:31,114,6.6,165,,,
13,EM,3/19/2025,61,0,1,9:48,9:58,heard,TUTI,5:35,92,4.9,122.5,,,
13,RTM,3/19/2025,61,0,1,9:48,9:58,heard,RHWO,6:39,351,5.8,145,,,
13,EM,3/19/2025,61,0,1,9:48,9:58,heard,RHWO,6:40,3,5.0,125,,,
13,EM,3/19/2025,61,0,1,9:48,9:58,heard,CAWR,7:00,324,3.6,90,,,
13,RTM,3/19/2025,61,0,1,9:48,9:58,heard,EABL,9:36,143,7.4,185,,,
13,EM,4/2/2025,79,2,1,8:29,8:39,heard,NOFL,0:09,3,7.3,182.5,,,
13,EM,4/2/2025,79,2,1,8:29,8:39,heard,RHWO,0:26,45,6.4,160,,,
13,EM,4/2/2025,79,2,1,8:29,8:39,heard,GCFL,0:39,230,1.8,45,,,
13,EM,4/2/2025,79,2,1,8:29,8:39,heard,RHWO,1:11,324,6.4,160,,,
13,EM,4/2/2025,79,2,1,8:29,8:39,heard,TUTI,1:35,222,6.1,152.5,,,
13,EM,4/2/2025,79,2,1,8:29,8:39,heard,RBWO,2:15,26,7.8,195,,,
13,EM,4/2/2025,79,2,1,8:29,8:39,heard,TUTI,2:40,115,4.8,120,,,
13,EM,4/2/2025,79,2,1,8:29,8:39,heard,TUTI,2:50,130,1.6,40,,,
13,EM,4/2/2025,79,2,1,8:29,8:39,heard,DOWO,2:53,96,4.9,122.5,,,
13,EM,4/2/2025,79,2,1,8:29,8:39,heard,WBNU,4:49,130,7.3,182.5,,,
13,EM,4/2/2025,79,2,1,8:29,8:39,heard,RBWO,5:09,173,6.8,170,,,
13,EM,4/2/2025,79,2,1,8:29,8:39,heard,BHNU,7:35,305,5.3,132.5,,,
13,EM,4/2/2025,79,2,1,8:29,8:39,heard,RHWO,9:20,220,7.7,192.5,,,
13,EM,4/2/2025,79,2,1,8:29,8:39,heard,BHNU,9:41,168,5.3,132.5,,,
13,RTM,4/10/2025,58,0,0,8:44,8:54,heard,BHNU,0:02,76,2.4,60,,,
13,RTM,4/10/2025,58,0,0,8:44,8:54,heard,BHNU,0:03,312,5.8,143.75,,,
13,RTM,4/10/2025,58,0,0,8:44,8:54,heard,RBWO,0:14,179,3.2,80,,,
13,RTM,4/10/2025,58,0,0,8:44,8:54,heard,RBWO,0:15,186,3.1,76.25,,,
13,RTM,4/10/2025,58,0,0,8:44,8:54,heard,RHWO,0:19,201,7.1,177.5,,,
13,RTM,4/10/2025,58,0,0,8:44,8:54,heard,CACH,0:59,115,7.6,190,,,
13,RTM,4/10/2025,58,0,0,8:44,8:54,heard,TUTI,1:25,228,3.5,87.5,,,
13,RTM,4/10/2025,58,0,0,8:44,8:54,heard,CAWR,1:36,219,7.4,183.75,,,
13,RTM,4/10/2025,58,0,0,8:44,8:54,heard,CAWR,3:25,81,7.7,192.5,,,
13,RTM,4/10/2025,58,0,0,8:44,8:54,heard,RCWO,3:42,155,4.0,98.75,,,
13,RTM,4/10/2025,58,0,0,8:44,8:54,heard,EABL,4:04,248,6.0,150,,,
13,RTM,4/10/2025,58,0,0,8:44,8:54,heard,GCFL,4:55,117,7.0,175,,,
13,RTM,4/10/2025,58,0,0,8:44,8:54,heard,DOWO,5:59,240,1.8,45,,,
13,EM,4/24/2025,78,1,1,11:15,11:25,heard,RBWO,0:02,185,2.7,67.5,,,
13,EM,4/24/2025,78,1,1,11:15,11:25,heard,CAWR,3:48,20,2.5,62.5,,,
13,EM,4/24/2025,78,1,1,11:15,11:25,heard,TUTI,5:20,359,1.2,28.75,,,
13,EM,4/24/2025,78,1,1,11:15,11:25,heard,WBNU,6:47,1,3.4,85,,,
13,EM,4/24/2025,78,1,1,11:15,11:25,heard,RBWO,8:04,276,3.0,75,,,
13,EM,4/24/2025,78,1,1,11:15,11:25,heard,RBWO,9:50,354,2.4,60,,,
14,RTM,3/6/2025,57,0,2,11:29,11:39,heard,BHNU,0:15,72,5.4,135,,,
14,RTM,3/6/2025,57,0,2,11:29,11:39,heard,BHNU,0:21,324,5.6,140,,,
14,RTM,3/6/2025,57,0,2,11:29,11:39,heard,YBSA,7:31,301,7.5,187.5,,,
14,RTM,3/13/2025,54,0,0,8:21,8:31,heard,RCWO,0:01,306,2.3,57.5,,,
14,RTM,3/13/2025,54,0,0,8:21,8:31,heard,RBWO,0:20,82,5.7,142.5,,,
14,RTM,3/13/2025,54,0,0,8:21,8:31,heard,RBWO,0:25,65,5.8,145,,,
14,RTM,3/13/2025,54,0,0,8:21,8:31,heard,BHNU,0:49,138,4.7,117.5,,,
14,RTM,3/13/2025,54,0,0,8:21,8:31,heard,TUTI,1:24,310,7.7,192.5,,,
14,RTM,3/13/2025,54,0,0,8:21,8:31,heard,RCWO,1:30,151,2.2,55,,,
14,RTM,3/13/2025,54,0,0,8:21,8:31,heard,TUTI,1:48,224,5.4,135,,,
14,RTM,3/13/2025,54,0,0,8:21,8:31,heard,TUTI,1:51,249,8.3,207.5,,,
14,RTM,3/13/2025,54,0,0,8:21,8:31,heard,EABL,2:16,23,5.3,132.5,,,
14,RTM,3/13/2025,54,0,0,8:21,8:31,heard,RBWO,2:49,265,4.8,120,,,
14,RTM,3/13/2025,54,0,0,8:21,8:31,heard,PIWO,3:52,15,8.2,205,,,
14,RTM,3/13/2025,54,0,0,8:21,8:31,heard,WBNU,5:46,305,7.7,192.5,,,
14,RTM,3/13/2025,54,0,0,8:21,8:31,visual,NOFL,8:50,310,2.8,70,,,
14,RTM,3/19/2025,64,0,1,10:42,10:52,heard,BHNU,0:02,124,4.2,105,,,
14,EM,3/19/2025,64,0,1,10:42,10:52,heard,BHNU,0:30,149,5.0,125,,,
14,RTM,3/19/2025,64,0,1,10:42,10:52,heard,RBWO,0:32,26,7.8,195,,,
14,RTM,3/19/2025,64,0,1,10:42,10:52,heard,NOFL,1:28,11,7.4,185,,,
14,EM,3/19/2025,64,0,1,10:42,10:52,heard,NOFL,1:30,6,4.8,120,,,
14,EM,3/19/2025,64,0,1,10:42,10:52,heard,TUTI,4:30,44,5.4,135,,,
14,RTM,3/19/2025,64,0,1,10:42,10:52,heard,TUTI,4:31,54,7.7,192.5,,,
14,RTM,3/19/2025,64,0,1,10:42,10:52,heard,BHNU,4:41,350,2.7,67.5,,,
14,EM,3/19/2025,64,0,1,10:42,10:52,heard,RBWO,6:20,35,7.3,182.5,,,
14,RTM,3/19/2025,64,0,1,10:42,10:52,heard,CAWR,7:02,356,6.2,155,,,
14,EM,3/19/2025,64,0,1,10:42,10:52,heard,CAWR,7:20,34,2.2,55,,,
14,RTM,3/19/2025,64,0,1,10:42,10:52,heard,TUTI,8:27,175,6.8,170,,,
14,RTM,3/19/2025,64,0,1,10:42,10:52,heard,TUTI,9:15,273,5.1,127.5,,,
14,EM,3/19/2025,64,0,1,10:42,10:52,heard,TUTI,9:36,241,5.2,130,,,
14,EM,4/2/2025,84,1,1,9:25,9:35,heard,RCWO,0:01,11,3.7,92.5,,,
14,EM,4/2/2025,84,1,1,9:25,9:35,heard,RHWO,0:11,235,4.7,117.5,,,
14,EM,4/2/2025,84,1,1,9:25,9:35,heard,RCWO,0:15,232,1.5,37.5,,,
14,EM,4/2/2025,84,1,1,9:25,9:35,heard,CAWR,0:29,97,7.1,177.5,,,
14,EM,4/2/2025,84,1,1,9:25,9:35,heard,RBWO,0:33,25,6.8,170,,,
14,EM,4/2/2025,84,1,1,9:25,9:35,heard,EABL,0:51,120,5.4,135,,,
14,EM,4/2/2025,84,1,1,9:25,9:35,heard,BHNU,1:00,66,4.7,117.5,,,
14,EM,4/2/2025,84,1,1,9:25,9:35,visual,RHWO,1:23,86,3.7,92.5,,,
14,EM,4/2/2025,84,1,1,9:25,9:35,heard,DOWO,3:58,200,4.5,112.5,,,
14,EM,4/2/2025,84,1,1,9:25,9:35,heard,RHWO,4:27,213,5.7,142.5,,,
14,EM,4/2/2025,84,1,1,9:25,9:35,heard,GCFL,4:57,315,5.2,130,,,
14,EM,4/2/2025,84,1,1,9:25,9:35,heard,EABL,7:10,330,6.2,155,,,
14,EM,4/2/2025,84,1,1,9:25,9:35,heard,CAWR,7:45,314,7.7,192.5,,,
14,EM,4/2/2025,84,1,1,9:25,9:35,heard,RHWO,9:58,137,6.5,162.5,,,
14,RTM,4/10/2025,55,0,0,7:50,8:00,heard,NOFL,0:02,349,5.3,132.5,,,
14,RTM,4/10/2025,55,0,0,7:50,8:00,heard,CAWR,0:08,53,6.5,162.5,,,
14,RTM,4/10/2025,55,0,0,7:50,8:00,heard,BHNU,0:20,183,4.5,112.5,,,
14,RTM,4/10/2025,55,0,0,7:50,8:00,heard,TUTI,1:02,45,6.2,155,,,
14,RTM,4/10/2025,55,0,0,7:50,8:00,heard,RCWO,1:12,149,3.9,96.25,,,
14,RTM,4/10/2025,55,0,0,7:50,8:00,heard,WBNU,1:44,51,9.0,225,,,
14,RTM,4/10/2025,55,0,0,7:50,8:00,heard,RBWO,1:58,40,7.4,183.75,,,
14,RTM,4/10/2025,55,0,0,7:50,8:00,heard,RHWO,2:22,240,5.2,130,,,
14,RTM,4/10/2025,55,0,0,7:50,8:00,heard,GCFL,3:03,272,7.8,195,,,
14,RTM,4/10/2025,55,0,0,7:50,8:00,heard,CAWR,3:04,225,6.6,165,,,
14,RTM,4/10/2025,55,0,0,7:50,8:00,heard,TUTI,4:19,258,8.9,222.5,,,
14,RTM,4/10/2025,55,0,0,7:50,8:00,heard,RHWO,6:09,136,7.9,197.5,,,
14,RTM,4/10/2025,55,0,0,7:50,8:00,heard,RHWO,6:24,130,7.4,185,,,
14,RTM,4/10/2025,55,0,0,7:50,8:00,heard,CAWR,9:40,32,5.5,136.25,,,
14,RTM,4/10/2025,55,0,0,7:50,8:00,heard,CACH,9:58,65,7.8,195,,,
14,EM,4/24/2025,77,1,3,10:48,10:58,heard,CACH,1:04,316,2.7,67.5,,,
14,EM,4/24/2025,77,1,3,10:48,10:58,heard,GCFL,1:23,329,1.4,35,,,
14,EM,4/24/2025,77,1,3,10:48,10:58,visual,RHWO,2:07,291,2.0,50,,,
14,EM,4/24/2025,77,1,3,10:48,10:58,visual,RHWO,2:07,291,2.0,50,,,
14,EM,4/24/2025,77,1,3,10:48,10:58,heard,TUTI,3:15,303,3.4,85,,,
14,EM,4/24/2025,77,1,3,10:48,10:58,heard,CAWR,5:07,3,2.4,60,,,
14,EM,4/24/2025,77,1,3,10:48,10:58,heard,RBWO,5:18,1,3.5,87.5,,,
14,EM,4/24/2025,77,1,3,10:48,10:58,heard,RBWO,7:20,92,2.4,60,,,
15,RTM,3/11/2025,65,0,2,12:10,12:20,heard,TUTI,0:49,26,5.3,132.5,,,
15,RTM,3/11/2025,65,0,2,12:10,12:20,heard,RBWO,3:51,257,4.4,110,,,
15,RTM,3/11/2025,65,0,2,12:10,12:20,heard,RBWO,4:48,45,10.4,260,,,
15,RTM,3/11/2025,65,0,2,12:10,12:20,heard,RBWO,5:14,346,4.8,120,,,
15,RTM,3/18/2025,58,0,0,9:40,9:50,heard,RCWO,0:25,197,3.4,85,,,
15,RTM,3/18/2025,58,0,0,9:40,9:50,heard,RBWO,0:55,238,2.8,70,,,
15,RTM,3/18/2025,58,0,0,9:40,9:50,heard,RHWO,1:22,225,4.6,115,,,
15,RTM,3/18/2025,58,0,0,9:40,9:50,heard,WBNU,2:13,238,3.9,97.5,,,
15,RTM,3/18/2025,58,0,0,9:40,9:50,heard,TUTI,2:45,302,5.0,125,,,
15,RTM,3/18/2025,58,0,0,9:40,9:50,heard,WBNU,3:59,69,6.7,167.5,,,
15,RTM,3/18/2025,58,0,0,9:40,9:50,heard,CAWR,4:45,172,5.3,132.5,,,
15,RTM,3/18/2025,58,0,0,9:40,9:50,heard,RHWO,7:35,135,5.7,142.5,,,
15,RTM,3/18/2025,58,0,0,9:40,9:50,heard,RHWO,8:30,306,6.7,167.5,,,
15,RTM,3/18/2025,58,0,0,9:40,9:50,heard,CAWR,9:05,271,2.7,67.5,,,
15,EM,3/18/2025,58,0,0,9:40,9:50,,,,,,,,,
15,EM,3/28/2025,77,1,3,11:50,12:00,heard,TUTI,1:59,245,1.6,40,,,
15,EM,3/28/2025,77,1,3,11:50,12:00,heard,WBNU,7:30,190,5.2,130,,,
15,EM,3/28/2025,77,1,3,11:50,12:00,heard,TUTI,9:29,52,3.8,95,,,
15,EM,4/3/2025,87,1,4,12:38,12:48,heard,CAWR,0:20,179,1.0,25,,,
15,EM,4/3/2025,87,1,4,12:38,12:48,heard,CAWR,2:17,265,1.4,35,,,
15,EM,4/3/2025,87,1,4,12:38,12:48,heard,CAWR,7:49,20,1.8,45,,,
15,RTM,4/11/2025,62,0,0,8:26,8:36,heard,CAWR,0:02,27,7.8,193.75,,,
15,RTM,4/11/2025,62,0,0,8:26,8:36,heard,GCFL,0:49,15,4.7,117.5,,,
15,RTM,4/11/2025,62,0,0,8:26,8:36,heard,EABL,1:08,321,3.6,90,,,
15,RTM,4/11/2025,62,0,0,8:26,8:36,heard,TUTI,1:39,173,3.7,92.5,,,
15,RTM,4/11/2025,62,0,0,8:26,8:36,heard,BHNU,2:14,205,1.9,47.5,,,
15,RTM,4/11/2025,62,0,0,8:26,8:36,heard,RBWO,2:19,329,5.4,133.75,,,
15,RTM,4/11/2025,62,0,0,8:26,8:36,heard,RHWO,2:48,252,5.6,140,,,
15,RTM,4/11/2025,62,0,0,8:26,8:36,heard,RBWO,2:52,207,2.7,67.5,,,
15,RTM,4/11/2025,62,0,0,8:26,8:36,heard,RHWO,3:06,65,5.1,127.5,,,
15,RTM,4/11/2025,62,0,0,8:26,8:36,heard,RHWO,3:28,140,5.4,135,,,
15,RTM,4/11/2025,62,0,0,8:26,8:36,heard,GCFL,4:50,155,5.5,137.5,,,
15,RTM,4/11/2025,62,0,0,8:26,8:36,heard,NOFL,5:28,51,7.0,175,,,
15,RTM,4/11/2025,62,0,0,8:26,8:36,heard,RBWO,6:45,181,3.1,77.5,,,
15,RTM,4/11/2025,62,0,0,8:26,8:36,heard,GCFL,7:34,275,6.9,172.5,,,
15,RTM,4/11/2025,62,0,0,8:26,8:36,heard,RCWO,8:05,128,6.5,162.5,,,
15,RTM,4/25/2025,73,0,0,8:25,8:35,heard,CAWR,0:01,320,2.3,57.5,,,
15,RTM,4/25/2025,73,0,0,8:25,8:35,heard,RBWO,0:21,9,6.7,166.25,,,
15,RTM,4/25/2025,73,0,0,8:25,8:35,heard,RHWO,0:25,235,7.6,190,,,
15,RTM,4/25/2025,73,0,0,8:25,8:35,heard,RHWO,0:26,124,5.4,135,,,
15,RTM,4/25/2025,73,0,0,8:25,8:35,heard,GCFL,0:50,186,1.5,37.5,,,
15,RTM,4/25/2025,73,0,0,8:25,8:35,heard,RHWO,2:02,93,5.2,130,,,
15,RTM,4/25/2025,73,0,0,8:25,8:35,heard,RHWO,6:45,336,6.3,157.5,,,
15,RTM,4/25/2025,73,0,0,8:25,8:35,heard,RBWO,9:51,274,5.7,142.5,,,
16,RTM,3/11/2025,53,0,1,9:53,10:03,heard,RBWO,1:15,240,2.4,60,,,
16,RTM,3/11/2025,53,0,1,9:53,10:03,heard,PIWO,1:40,229,9.4,235,,,
16,RTM,3/11/2025,53,0,1,9:53,10:03,heard,RHWO,2:33,99,6.8,170,,,
16,RTM,3/11/2025,53,0,1,9:53,10:03,heard,PIWO,4:36,20,8.4,210,,,
16,EM,3/18/2025,61,0,2,10:11,10:21,heard,TUTI,0:01,109,4.2,105,,,
16,RTM,3/18/2025,61,0,2,10:12,10:22,heard,TUTI,0:06,27,3.3,82.5,,,
16,RTM,3/18/2025,61,0,2,10:12,10:22,heard,RBWO,2:21,334,8.4,210,,,
16,RTM,3/18/2025,61,0,2,10:12,10:22,heard,RHWO,3:42,342,8.5,212.5,,,
16,RTM,3/18/2025,61,0,2,10:12,10:22,heard,CACH,3:47,240,5.7,142.5,,,
16,EM,3/18/2025,61,0,2,10:11,10:21,heard,TUTI,5:00,280,5.1,127.5,,,
16,EM,3/18/2025,61,0,2,10:11,10:21,heard,CACH,7:00,225,1.5,37.5,,,
16,EM,3/28/2025,74,1,2,10:44,10:54,heard,TUTI,0:52,50,1.8,45,,,
16,EM,3/28/2025,74,1,2,10:44,10:54,heard,CAWR,1:18,92,2.2,55,,,
16,EM,3/28/2025,74,1,2,10:44,10:54,heard,RHWO,1:33,331,1.0,25,,,
16,EM,3/28/2025,74,1,2,10:44,10:54,heard,RHWO,2:44,275,7.6,190,,,
16,EM,4/3/2025,80,1,2,10:04,10:14,heard,TUTI,0:54,49,2.2,55,,,
16,EM,4/3/2025,80,1,2,10:04,10:14,heard,RHWO,1:39,280,4.5,112.5,,,
16,EM,4/3/2025,80,1,2,10:04,10:14,heard,RHWO,1:59,185,4.4,110,,,
16,EM,4/3/2025,80,1,2,10:04,10:14,heard,CAWR,3:01,180,1.7,42.5,,,
16,RTM,4/11/2025,66,0,0,9:02,9:12,heard,RBWO,0:05,247,3.1,77.5,,,
16,RTM,4/11/2025,66,0,0,9:02,9:12,heard,RHWO,0:05,86,7.0,175,,,
16,RTM,4/11/2025,66,0,0,9:02,9:12,heard,TUTI,0:15,189,3.1,77.5,,,
16,RTM,4/11/2025,66,0,0,9:02,9:12,heard,RHWO,0:20,344,6.6,165,,,
16,RTM,4/11/2025,66,0,0,9:02,9:12,heard,CACH,0:43,134,3.1,76.25,,,
16,RTM,4/11/2025,66,0,0,9:02,9:12,heard,RHWO,1:39,169,5.7,142.5,,,
16,RTM,4/11/2025,66,0,0,9:02,9:12,heard,CAWR,1:55,86,4.9,122.5,,,
16,RTM,4/11/2025,66,0,0,9:02,9:12,heard,RHWO,8:01,268,5.3,132.5,,,
16,RTM,4/11/2025,66,0,0,9:02,9:12,heard,DOWO,9:28,111,6.6,165,,,
16,RTM,4/25/2025,68,0,0,8:02,8:12,heard,RHWO,0:09,74,6.8,170,,,
16,RTM,4/25/2025,68,0,0,8:02,8:12,heard,RBWO,0:10,224,5.1,127.5,,,
16,RTM,4/25/2025,68,0,0,8:02,8:12,heard,TUTI,1:08,9,3.8,93.75,,,
16,RTM,4/25/2025,68,0,0,8:02,8:12,heard,GCFL,3:01,235,4.7,117.5,,,
16,RTM,4/25/2025,68,0,0,8:02,8:12,heard,DOWO,4:17,170,4.3,107.5,,,
16,RTM,4/25/2025,68,0,0,8:02,8:12,heard,RBWO,4:37,21,4.4,110,,,
16,RTM,4/25/2025,68,0,0,8:02,8:12,heard,RBWO,7:25,325,8.7,217.5,,,
16,RTM,4/25/2025,68,0,0,8:02,8:12,heard,GCFL,9:07,53,4.7,117.5,,,
16,RTM,4/25/2025,68,0,0,8:02,8:12,heard,CAWR,9:38,19,7.5,187.5,,,
17,RTM,3/11/2025,62,0,1,11:50,12:00,heard,CAWR,0:20,267,1.0,25,,,
17,RTM,3/11/2025,62,0,1,11:50,12:00,heard,RBWO,0:52,156,4.6,115,,,
17,RTM,3/11/2025,62,0,1,11:50,12:00,heard,PIWO,1:02,327,8.5,212.5,,,
17,RTM,3/11/2025,62,0,1,11:50,12:00,heard,PIWO,1:24,90,8.2,205,,,
17,RTM,3/11/2025,62,0,1,11:50,12:00,heard,PIWO,1:51,275,7.3,182.5,,,
17,RTM,3/11/2025,62,0,1,11:50,12:00,heard,RHWO,3:21,174,6.7,167.5,,,
17,RTM,3/11/2025,62,0,1,11:50,12:00,heard,RHWO,4:32,234,9.8,245,,,
17,RTM,3/11/2025,62,0,1,11:50,12:00,heard,DOWO,4:48,302,3.7,92.5,,,
17,RTM,3/11/2025,62,0,1,11:50,12:00,heard,RBWO,5:23,326,7.2,180,,,
17,RTM,3/11/2025,62,0,1,11:50,12:00,heard,CAWR,7:30,20,3.5,87.5,,,
17,RTM,3/11/2025,62,0,1,11:50,12:00,heard,TUTI,9:23,290,7.2,180,,,
17,RTM,3/18/2025,56,0,0,9:11,9:21,heard,CACH,0:46,130,4.4,110,,,
17,RTM,3/18/2025,56,0,0,9:11,9:21,heard,RBWO,0:51,318,4.8,120,,,
17,RTM,3/18/2025,56,0,0,9:11,9:21,heard,RHWO,3:50,213,8.7,217.5,,,
17,RTM,3/18/2025,56,0,0,9:11,9:21,heard,CAWR,4:58,54,4.2,105,,,
17,RTM,3/18/2025,56,0,0,9:11,9:21,heard,TUTI,6:21,293,7.6,190,,,
17,RTM,3/18/2025,56,0,0,9:11,9:21,heard,RBWO,6:45,34,8.8,220,,,
17,EM,3/18/2025,52,0,0,9:11,9:21,heard,RBWO,7:30,319,7.1,177.5,,,
17,EM,3/28/2025,80,1,1,12:11,12:21,heard,CAWR,0:40,145,3.8,95,,,
17,EM,3/28/2025,80,1,1,12:11,12:21,heard,TUTI,5:43,276,2.5,62.5,,,
17,EM,3/28/2025,80,1,1,12:11,12:21,heard,RBWO,9:27,260,7.2,180,,,
17,EM,4/3/2025,86,1,4,12:10,12:20,heard,CAWR,2:16,128,3.1,77.5,,,
17,EM,4/3/2025,86,1,4,12:10,12:20,heard,WBNU,4:57,183,5.4,135,,,
17,EM,4/3/2025,86,1,4,12:10,12:20,heard,TUTI,5:20,330,2.2,55,,,
17,EM,4/3/2025,86,1,4,12:10,12:20,heard,RHWO,9:37,59,2.4,60,,,
17,RTM,4/11/2025,59,0,0,8:03,8:13,heard,TUTI,0:04,305,7.5,187.5,,,
17,RTM,4/11/2025,59,0,0,8:03,8:13,heard,RBWO,0:12,329,7.0,175,,,
17,RTM,4/11/2025,59,0,0,8:03,8:13,heard,TUTI,0:28,321,9.9,247.5,,,
17,RTM,4/11/2025,59,0,0,8:03,8:13,heard,CAWR,1:01,315,7.1,177.5,,,
17,RTM,4/11/2025,59,0,0,8:03,8:13,heard,EABL,1:19,5,7.7,191.25,,,
17,RTM,4/11/2025,59,0,0,8:03,8:13,heard,BHNU,1:30,315,2.6,65,,,
17,RTM,4/11/2025,59,0,0,8:03,8:13,heard,EABL,3:11,135,5.7,142.5,,,
17,RTM,4/11/2025,59,0,0,8:03,8:13,heard,BHNU,6:27,156,2.4,60,,,
17,RTM,4/25/2025,77,0,0,8:44,8:54,heard,TUTI,0:01,299,6.9,171.25,,,
17,RTM,4/25/2025,77,0,0,8:44,8:54,heard,RBWO,0:24,68,6.6,165,,,
17,RTM,4/25/2025,77,0,0,8:44,8:54,heard,RBWO,0:35,350,5.1,126.25,,,
17,RTM,4/25/2025,77,0,0,8:44,8:54,heard,CAWR,1:35,35,6.3,156.25,,,
17,RTM,4/25/2025,77,0,0,8:44,8:54,heard,RHWO,1:49,224,4.6,115,,,
17,RTM,4/25/2025,77,0,0,8:44,8:54,heard,CAWR,3:25,240,3.9,96.25,,,
17,RTM,4/25/2025,77,0,0,8:44,8:54,heard,CAWR,3:39,210,8.3,207.5,,,
17,RTM,4/25/2025,77,0,0,8:44,8:54,heard,RHWO,8:54,39,5.4,135,,,
18,RTM,3/4/2025,51,0,0,9:27,9:37,heard,RBWO,1:04,53,3.6,90,,,
18,RTM,3/4/2025,51,0,0,9:27,9:37,heard,RBWO,3:41,273,4.5,112.5,,,
18,RTM,3/4/2025,51,0,0,9:27,9:37,heard,TUTI,4:09,317,7.0,175,,,
18,RTM,3/4/2025,51,0,0,9:27,9:37,heard,BHNU,4:50,357,0.6,15,,,
18,RTM,3/4/2025,51,0,0,9:27,9:37,heard,PIWO,5:15,14,7.4,185,,,
18,RTM,3/4/2025,51,0,0,9:27,9:37,heard,RBWO,6:25,137,7.5,187.5,,,
18,RTM,3/18/2025,66,0,3,12:11,12:21,heard,WBNU,1:59,200,6.5,162.5,,,
18,RTM,3/18/2025,66,0,3,12:11,12:21,heard,WBNU,2:45,314,7.8,195,,,
18,EM,3/18/2025,66,0,3,12:11,12:21,heard,WBNU,2:50,310,7.8,195,,,
18,RTM,3/18/2025,66,0,3,12:11,12:21,heard,TUTI,3:29,294,7.6,190,,,
18,RTM,3/18/2025,66,0,3,12:11,12:21,heard,CACH,5:01,180,7.8,195,,,
18,RTM,3/18/2025,66,0,3,12:11,12:21,heard,CAWR,8:01,342,7.8,195,,,
18,EM,3/28/2025,85,1,2,13:24,13:34,heard,TUTI,0:21,57,5.7,142.5,,,
18,EM,3/28/2025,85,1,2,13:24,13:34,heard,TUTI,0:28,157,2.6,65,,,
18,EM,3/28/2025,85,1,2,13:24,13:34,heard,RBWO,1:04,30,2.4,60,,,
18,EM,3/28/2025,85,1,2,13:24,13:34,heard,RBWO,5:36,138,5.4,135,,,
18,EM,3/28/2025,85,1,2,13:24,13:34,heard,RBWO,8:33,285,2.8,70,,,
18,EM,4/3/2025,75,1,3,9:30,9:40,heard,CAWR,5:46,43,1.9,47.5,,,
18,EM,4/3/2025,75,1,3,9:30,9:40,heard,WBNU,8:57,4,2.8,70,,,
18,RTM,4/11/2025,68,0,1,9:30,9:40,heard,RBWO,0:32,324,7.4,183.75,,,
18,RTM,4/11/2025,68,0,1,9:30,9:40,heard,GCFL,0:39,302,5.8,143.75,,,
18,RTM,4/11/2025,68,0,1,9:30,9:40,heard,EABL,0:45,23,5.7,141.25,,,
18,RTM,4/11/2025,68,0,1,9:30,9:40,heard,RHWO,2:21,255,7.4,185,,,
18,RTM,4/11/2025,68,0,1,9:30,9:40,heard,GCFL,2:45,201,4.7,117.5,,,
18,RTM,4/11/2025,68,0,1,9:30,9:40,heard,GCFL,3:05,91,6.9,172.5,,,
18,RTM,4/11/2025,68,0,1,9:30,9:40,heard,BHNU,5:28,107,3.7,92.5,,,
18,RTM,4/11/2025,68,0,1,9:30,9:40,heard,BHNU,5:35,39,2.5,61.25,,,
18,RTM,4/11/2025,68,0,1,9:30,9:40,heard,CAWR,9:20,316,7.7,192.5,,,
18,EM,4/25/2025,61,1,0,7:45,7:55,heard,RHWO,0:17,233,3.7,92.5,,,
18,EM,4/25/2025,61,1,0,7:45,7:55,heard,CAWR,1:30,40,2.7,67.5,,,
18,EM,4/25/2025,61,1,0,7:45,7:55,heard,RBWO,2:12,42,4.3,106.25,,,
18,EM,4/25/2025,61,1,0,7:45,7:55,heard,TUTI,5:17,266,2.5,61.25,,,
18,EM,4/25/2025,61,1,0,7:45,7:55,heard,WBNU,9:38,340,3.3,82.5,,,
19,RTM,3/11/2025,60,0,1,11:18,11:28,heard,EABL,0:41,74,5.1,127.5,,,
19,RTM,3/11/2025,60,0,1,11:18,11:28,heard,BHNU,2:30,358,5.5,137.5,,,
19,RTM,3/11/2025,60,0,1,11:18,11:28,heard,RBWO,2:57,223,4.3,107.5,,,
19,RTM,3/11/2025,60,0,1,11:18,11:28,heard,RHWO,3:31,303,4.8,120,,,
19,RTM,3/11/2025,60,0,1,11:18,11:28,heard,RBWO,5:24,60,7.5,187.5,,,
19,RTM,3/11/2025,60,0,1,11:18,11:28,heard,NOFL,5:29,301,7.7,192.5,,,
19,RTM,3/11/2025,60,0,1,11:18,11:28,heard,PIWO,7:07,20,8.4,210,,,
19,RTM,3/18/2025,53,0,0,8:39,8:49,heard,RBWO,0:41,197,6.6,165,,,
19,RTM,3/18/2025,53,0,0,8:39,8:49,heard,TUTI,1:21,250,5.1,127.5,,,
19,RTM,3/18/2025,53,0,0,8:39,8:49,heard,DOWO,1:48,268,3.3,82.5,,,
19,RTM,3/18/2025,53,0,0,8:39,8:49,heard,DOWO,1:51,323,5.0,125,,,
19,EM,3/18/2025,53,0,0,8:39,8:49,heard,TUTI,2:00,310,4.9,122.5,,,
19,RTM,3/18/2025,53,0,0,8:39,8:49,heard,BHNU,2:05,295,1.4,35,,,
19,RTM,3/18/2025,53,0,0,8:39,8:49,heard,PIWO,2:30,67,8.3,207.5,,,
19,EM,3/18/2025,53,0,0,8:39,8:49,heard,DOWO,5:20,331,5.1,127.5,,,
19,RTM,3/18/2025,53,0,0,8:39,8:49,heard,CAWR,5:50,264,7.7,192.5,,,
19,RTM,3/18/2025,53,0,0,8:39,8:49,heard,RHWO,6:51,103,6.9,172.5,,,
19,EM,3/18/2025,53,0,0,8:39,8:49,heard,TUTI,7:20,129,7.0,175,,,
19,RTM,3/18/2025,53,0,0,8:39,8:49,heard,RHWO,7:39,38,5.2,130,,,
19,EM,3/28/2025,83,1,3,12:43,12:53,heard,BHNU,0:01,69,2.8,70,,,
19,EM,3/28/2025,83,1,3,12:43,12:53,heard,CAWR,3:44,28,1.7,42.5,,,
19,EM,3/28/2025,83,1,3,12:43,12:53,heard,TUTI,5:29,300,2.8,70,,,
19,EM,4/3/2025,89,1,4,11:43,11:53,heard,RBWO,0:14,121,4.8,120,,,
19,EM,4/3/2025,89,1,4,11:43,11:53,heard,RHWO,5:31,40,5.0,125,,,
19,RTM,4/11/2025,53,1,0,7:45,7:55,heard,RHWO,0:02,323,5.8,145,,,
19,RTM,4/11/2025,53,1,0,7:45,7:55,heard,RHWO,0:12,274,3.2,78.75,,,
19,RTM,4/11/2025,53,1,0,7:45,7:55,heard,BHNU,0:15,274,1.9,47.5,,,
19,RTM,4/11/2025,53,1,0,7:45,7:55,heard,CACH,0:41,354,5.8,145,,,
19,RTM,4/11/2025,53,1,0,7:45,7:55,heard,RHWO,1:05,68,3.2,80,,,
19,RTM,4/11/2025,53,1,0,7:45,7:55,heard,TUTI,1:48,339,7.0,173.75,,,
19,RTM,4/11/2025,53,1,0,7:45,7:55,heard,RHWO,2:15,144,6.3,156.25,,,
19,RTM,4/11/2025,53,1,0,7:45,7:55,heard,EABL,2:51,221,4.5,112.5,,,
19,RTM,4/11/2025,53,1,0,7:45,7:55,heard,RBWO,3:06,167,6.5,161.25,,,
19,RTM,4/11/2025,53,1,0,7:45,7:55,heard,RHWO,3:22,19,6.6,165,,,
19,RTM,4/11/2025,53,1,0,7:45,7:55,heard,DOWO,7:50,29,6.5,161.25,,,
19,RTM,4/25/2025,63,0,0,7:38,7:48,heard,CACH,0:05,74,4.4,110,,,
19,RTM,4/25/2025,63,0,0,7:38,7:48,heard,TUTI,0:06,319,5.0,125,,,
19,RTM,4/25/2025,63,0,0,7:38,7:48,heard,RHWO,0:27,282,3.7,92.5,,,
19,RTM,4/25/2025,63,0,0,7:38,7:48,heard,NOFL,0:49,180,5.7,141.25,,,
19,RTM,4/25/2025,63,0,0,7:38,7:48,heard,CAWR,0:55,15,7.0,173.75,,,
19,RTM,4/25/2025,63,0,0,7:38,7:48,heard,GCFL,1:14,265,1.7,42.5,,,
19,RTM,4/25/2025,63,0,0,7:38,7:48,heard,GCFL,1:14,265,1.7,42.5,,,
19,RTM,4/25/2025,63,0,0,7:38,7:48,heard,RBWO,1:21,344,7.7,191.25,,,
19,RTM,4/25/2025,63,0,0,7:38,7:48,heard,RHWO,1:51,214,2.5,62.5,,,
19,RTM,4/25/2025,63,0,0,7:38,7:48,heard,CAWR,2:51,269,3.0,75,,,
19,RTM,4/25/2025,63,0,0,7:38,7:48,heard,RHWO,5:15,315,7.6,188.75,,,
20,RTM,3/11/2025,57,0,1,10:21,10:31,heard,CAWR,0:10,163,3.1,77.5,,,
20,RTM,3/11/2025,57,0,1,10:21,10:31,heard,BHNU,0:15,233,1.0,25,,,
20,RTM,3/11/2025,57,0,1,10:21,10:31,heard,RBWO,0:57,162,4.3,107.5,,,
20,RTM,3/11/2025,57,0,1,10:21,10:31,heard,NOFL,7:25,173,1.4,35,,,
20,RTM,3/11/2025,57,0,1,10:21,10:31,heard,PIWO,7:52,188,6.3,157.5,,,
20,RTM,3/18/2025,62,0,2,10:29,10:39,heard,EABL,0:47,27,2.2,55,,,
20,EM,3/18/2025,61,0,2,10:29,10:39,heard,EABL,0:55,36,2.2,55,,,
20,RTM,3/18/2025,62,0,2,10:29,10:39,heard,TUTI,4:05,74,8.6,215,,,
20,EM,3/18/2025,61,0,2,10:29,10:39,heard,TUTI,4:05,74,8.5,212.5,,,
20,RTM,3/18/2025,62,0,2,10:29,10:39,heard,CAWR,4:45,30,8.2,205,,,
20,EM,3/18/2025,61,0,2,10:29,10:39,heard,CAWR,4:55,40,8.5,212.5,,,
20,RTM,3/18/2025,62,0,2,10:29,10:39,heard,EABL,4:58,22,4.8,120,,,
20,RTM,3/18/2025,62,0,2,10:29,10:39,heard,BHNU,5:29,11,2.7,67.5,,,
20,EM,3/18/2025,61,0,2,10:29,10:39,heard,BHNU,5:30,10,2.9,72.5,,,
20,EM,3/28/2025,74,1,2,10:15,10:25,heard,TUTI,0:20,299,2.7,67.5,,,
20,EM,3/28/2025,74,1,2,10:15,10:25,heard,RBWO,0:53,120,5.4,135,,,
20,EM,3/28/2025,74,1,2,10:15,10:25,heard,NOFL,3:19,225,6.8,170,,,
20,EM,3/28/2025,74,1,2,10:15,10:25,heard,RBWO,4:08,263,2.8,70,,,
20,EM,3/28/2025,74,1,2,10:15,10:25,heard,BHNU,9:55,264,3.6,90,,,
20,EM,4/3/2025,81,1,3,10:26,10:36,heard,TUTI,0:05,270,2.6,65,,,
20,EM,4/3/2025,81,1,3,10:26,10:36,heard,CAWR,5:08,325,1.1,27.5,,,
20,EM,4/11/2025,60,0,0,8:11,8:21,heard,RBWO,0:16,133,3.8,93.75,,,
20,EM,4/11/2025,60,0,0,8:11,8:21,heard,RHWO,0:36,273,3.8,93.75,,,
20,EM,4/11/2025,60,0,0,8:11,8:21,heard,CAWR,0:57,42,0.5,11.25,,,
20,EM,4/11/2025,60,0,0,8:11,8:21,heard,CACH,2:07,29,1.6,40,,,
20,EM,4/11/2025,60,0,0,8:11,8:21,heard,RBWO,3:03,234,5.8,145,,,
20,EM,4/11/2025,60,0,0,8:11,8:21,heard,TUTI,7:12,95,3.6,90,,,
20,EM,4/11/2025,60,0,0,8:11,8:21,heard,WBNU,9:46,163,3.5,87.5,,,
20,RTM,4/24/2025,81,1,2,9:27,9:37,heard,RBWO,0:27,242,7.7,192.5,,,
20,RTM,4/24/2025,81,1,2,9:27,9:37,heard,EABL,2:01,304,3.9,96.25,,,
20,RTM,4/24/2025,81,1,2,9:27,9:37,heard,RHWO,6:02,284,5.9,146.25,,,
20,RTM,4/24/2025,81,1,2,9:27,9:37,heard,CAWR,8:58,222,3.5,87.5,,,
20,RTM,4/24/2025,81,1,2,9:27,9:37,heard,GCFL,9:31,1,3.9,97.5,,,
21,RTM,3/11/2025,58,0,1,10:56,11:06,heard,DOWO,0:02,336,1.1,27.5,,,
21,RTM,3/11/2025,58,0,1,10:56,11:06,heard,CAWR,2:02,233,1.4,35,,,
21,RTM,3/11/2025,58,0,1,10:56,11:06,heard,CACH,2:41,5,5.7,142.5,,,
21,RTM,3/11/2025,58,0,1,10:56,11:06,heard,PIWO,4:55,336,8.3,207.5,,,
21,RTM,3/11/2025,58,0,1,10:56,11:06,heard,TUTI,6:42,286,4.7,117.5,,,
21,RTM,3/11/2025,58,0,1,10:56,11:06,heard,RBWO,8:00,176,6.8,170,,,
21,RTM,3/18/2025,61,0,2,10:52,11:02,heard,BHNU,1:10,261,1.3,32.5,,,
21,EM,3/18/2025,61,0,2,10:52,11:02,heard,BHNU,1:20,296,1.4,35,,,
21,RTM,3/18/2025,61,0,2,10:52,11:02,heard,CAWR,4:05,282,3.0,75,,,
21,RTM,3/18/2025,61,0,2,10:52,11:02,heard,RBWO,4:27,17,4.8,120,,,
21,RTM,3/18/2025,61,0,2,10:52,11:02,heard,TUTI,4:44,349,5.0,125,,,
21,RTM,3/18/2025,61,0,2,10:52,11:02,heard,RHWO,5:00,86,7.5,187.5,,,
21,EM,3/18/2025,61,0,2,10:52,11:02,heard,TUTI,5:00,335,3.8,95,,,
21,RTM,3/18/2025,61,0,2,10:52,11:02,heard,TUTI,9:51,158,7.9,197.5,,,
21,EM,3/28/2025,69,1,2,9:47,9:57,heard,RBWO,2:23,134,6.9,172.5,,,
21,EM,3/28/2025,69,1,2,9:47,9:57,heard,CAWR,3:52,45,2.6,65,,,
21,EM,3/28/2025,69,1,2,9:47,9:57,heard,TUTI,5:21,348,3.4,85,,,
21,EM,3/28/2025,69,1,2,9:47,9:57,heard,RBWO,6:47,15,6.8,170,,,
21,EM,4/3/2025,82,1,4,11:02,11:12,,,,,,,,,
21,EM,4/11/2025,53,1,0,7:40,7:50,heard,RBWO,0:27,51,3.7,91.25,,,
21,EM,4/11/2025,53,1,0,7:40,7:50,heard,CAWR,3:14,331,0.9,22.5,,,
21,EM,4/11/2025,53,1,0,7:40,7:50,heard,RBWO,5:58,332,3.8,95,,,
21,EM,4/11/2025,53,1,0,7:40,7:50,heard,RBWO,7:01,202,4.9,122.5,,,
21,EM,4/11/2025,53,1,0,7:40,7:50,heard,NOFL,9:01,299,3.5,86.25,,,
21,RTM,4/24/2025,82,1,3,9:54,10:04,heard,TUTI,0:05,52,3.2,78.75,,,
21,RTM,4/24/2025,82,1,3,9:54,10:04,heard,GCFL,0:40,305,3.6,90,,,
21,RTM,4/24/2025,82,1,3,9:54,10:04,heard,RBWO,1:40,273,5.8,143.75,,,
21,RTM,4/24/2025,82,1,3,9:54,10:04,heard,CAWR,3:15,43,2.3,57.5,,,
21,RTM,4/24/2025,82,1,3,9:54,10:04,visual,RHWO,4:09,274,1.9,47.5,,,
21,RTM,4/24/2025,82,1,3,9:54,10:04,visual,RHWO,4:30,270,3.9,97.5,,,
21,RTM,4/24/2025,82,1,3,9:54,10:04,heard,TUTI,4:42,260,7.2,180,,,
21,RTM,4/24/2025,82,1,3,9:54,10:04,heard,RBWO,5:35,44,2.9,72.5,,,
21,RTM,4/24/2025,82,1,3,9:54,10:04,heard,DOWO,6:25,235,2.6,65,,,
21,RTM,4/24/2025,82,1,3,9:54,10:04,heard,DOWO,7:30,37,0.9,22.5,,,
22,RTM,3/11/2025,50,0,0,9:00,9:10,heard,TUTI,0:04,315,1.7,42.5,,,
22,RTM,3/11/2025,50,0,0,9:00,9:10,heard,RBWO,1:14,335,4.4,110,,,
22,RTM,3/11/2025,50,0,0,9:00,9:10,heard,DOWO,6:29,3,2.3,57.5,,,
22,RTM,3/11/2025,50,0,0,9:00,9:10,heard,RBWO,8:47,199,4.6,115,,,
22,RTM,3/18/2025,64,,3,11:43,11:53,heard,TUTI,3:30,83,8.6,215,,,
22,EM,3/18/2025,64,0,3,11:43,11:53,heard,TUTI,3:30,87,9.3,232.5,,,
22,RTM,3/18/2025,64,,3,11:43,11:53,heard,RBWO,5:15,216,7.9,197.5,,,
22,EM,3/18/2025,64,0,3,11:43,11:53,heard,WBNU,8:45,318,7.2,180,,,
22,RTM,3/18/2025,64,,3,11:43,11:53,heard,WBNU,8:47,312,7.5,187.5,,,
22,EM,3/18/2025,64,0,3,11:43,11:53,heard,CAWR,9:20,240,5.1,127.5,,,
22,RTM,3/18/2025,64,,3,11:43,11:53,heard,CAWR,9:25,235,4.9,122.5,,,
22,EM,3/28/2025,64,1,1,8:45,8:55,heard,TUTI,0:10,24,2.7,67.5,,,
22,EM,3/28/2025,64,1,1,8:45,8:55,heard,RBWO,0:25,87,3.5,87.5,,,
22,EM,3/28/2025,64,1,1,8:45,8:55,heard,RHWO,3:42,135,8.9,222.5,,,
22,EM,3/28/2025,64,1,1,8:45,8:55,heard,CAWR,9:17,325,1.6,40,,,
22,EM,4/3/2025,73,1,3,8:49,9:09,heard,RBWO,0:56,85,2.9,72.5,,,
22,EM,4/3/2025,73,1,3,8:59,9:09,heard,GCFL,3:17,56,1.5,37.5,,,
22,EM,4/3/2025,73,1,3,8:59,9:09,heard,CAWR,6:37,360,0.7,17.5,,,
22,EM,4/11/2025,64,0,1,9:01,9:11,heard,RHWO,0:17,125,4.4,108.75,,,
22,EM,4/11/2025,64,0,1,9:01,9:11,visual,PIWO,0:35,329,1.2,28.75,,,
22,EM,4/11/2025,64,0,1,9:01,9:11,heard,CAWR,1:34,8,1.0,25,,,
22,EM,4/11/2025,64,0,1,9:01,9:11,heard,WBNU,2:13,157,4.9,122.5,,,
22,EM,4/11/2025,64,0,1,9:01,9:11,heard,RHWO,3:02,273,3.0,75,,,
22,EM,4/11/2025,64,0,1,9:01,9:11,heard,RBWO,4:21,63,3.0,73.75,,,
22,EM,4/11/2025,64,0,1,9:01,9:11,heard,PIWO,9:31,37,3.8,95,,,
22,EM,4/25/2025,66,1,0,8:18,8:28,heard,RHWO,0:02,238,3.8,93.75,,,
22,EM,4/25/2025,66,1,0,8:18,8:28,heard,TUTI,0:38,55,2.5,62.5,,,
22,EM,4/25/2025,66,1,0,8:18,8:28,heard,CAWR,1:11,7,2.6,63.75,,,
22,EM,4/25/2025,66,1,0,8:18,8:28,heard,GCFL,3:02,323,2.6,65,,,
22,EM,4/25/2025,66,1,0,8:18,8:28,heard,RBWO,3:32,79,7.3,182.5,,,
23,RTM,3/11/2025,47,0,0,8:33,8:43,heard,RHWO,0:24,15,5.2,130,,,
23,RTM,3/11/2025,47,0,0,8:33,8:43,heard,RBWO,1:01,330,6.8,170,,,
23,RTM,3/11/2025,47,0,0,8:33,8:43,heard,CAWR,1:22,151,8.9,222.5,,,
23,RTM,3/11/2025,47,0,0,8:33,8:43,heard,PIWO,2:51,138,9.9,247.5,,,
23,RTM,3/11/2025,47,0,0,8:33,8:43,heard,RHWO,3:21,195,5.0,125,,,
23,RTM,3/11/2025,47,0,0,8:33,8:43,heard,TUTI,3:57,158,6.9,172.5,,,
23,RTM,3/11/2025,47,0,0,8:33,8:43,heard,CACH,5:15,114,6.6,165,,,
23,RTM,3/11/2025,47,0,0,8:33,8:43,heard,RBWO,5:51,229,6.4,160,,,
23,RTM,3/11/2025,47,0,0,8:33,8:43,heard,TUTI,6:22,48,4.9,122.5,,,
23,RTM,3/11/2025,47,0,0,8:33,8:43,heard,CAWR,8:45,349,4.7,117.5,,,
23,RTM,3/18/2025,63,0,2,11:15,11:25,heard,RBWO,0:02,350,1.4,35,,,
23,EM,3/18/2025,63,0,2,11:15,11:25,heard,RBWO,0:02,356,1.2,30,,,
23,RTM,3/18/2025,63,0,2,11:15,11:25,heard,RBWO,0:08,223,4.8,120,,,
23,RTM,3/18/2025,63,0,2,11:15,11:25,heard,CAWR,1:58,85,3.2,80,,,
23,EM,3/18/2025,63,0,2,11:15,11:25,heard,CAWR,2:10,125,5.0,125,,,
23,RTM,3/18/2025,63,0,2,11:15,11:25,heard,RBWO,3:10,38,4.5,112.5,,,
23,EM,3/18/2025,63,0,2,11:15,11:25,heard,RBWO,3:10,68,3.4,85,,,
23,RTM,3/18/2025,63,0,2,11:15,11:25,heard,TUTI,3:30,55,7.5,187.5,,,
23,RTM,3/18/2025,63,0,2,11:15,11:25,heard,CAWR,3:40,35,8.8,220,,,
23,RTM,3/18/2025,63,0,2,11:15,11:25,heard,TUTI,6:21,325,7.7,192.5,,,
23,EM,3/18/2025,63,0,2,11:15,11:25,heard,TUTI,7:30,47,7.1,177.5,,,
23,EM,3/28/2025,66,1,1,9:18,9:28,heard,TUTI,1:30,45,1.7,42.5,,,
23,EM,3/28/2025,66,1,1,9:18,9:28,heard,RBWO,2:49,359,5.0,125,,,
23,EM,3/28/2025,66,1,1,9:18,9:28,heard,CAWR,5:22,264,1.7,42.5,,,
23,EM,3/28/2025,66,1,1,9:18,9:28,heard,CAWR,8:34,54,3.0,75,,,
23,EM,4/3/2025,72,1,1,8:35,8:45,heard,CAWR,0:41,3,1.6,40,,,
23,EM,4/3/2025,72,1,1,8:35,8:45,heard,RHWO,4:26,228,4.8,120,,,
23,EM,4/3/2025,72,1,1,8:35,8:45,heard,RBWO,4:54,133,5.6,140,,,
23,EM,4/3/2025,72,1,1,8:35,8:45,heard,NOFL,7:20,85,7.1,177.5,,,
23,EM,4/3/2025,72,1,1,8:35,8:45,heard,TUTI,9:57,297,1.1,27.5,,,
23,EM,4/11/2025,67,0,2,9:29,9:39,heard,CAWR,0:09,359,1.0,23.75,,,
23,EM,4/11/2025,67,0,2,9:29,9:39,heard,TUTI,1:25,58,2.5,62.5,,,
23,EM,4/11/2025,67,0,2,9:29,9:39,heard,RBWO,1:41,134,4.9,122.5,,,
23,RTM,4/24/2025,76,1,2,9:02,9:12,heard,BHNU,0:01,38,2.3,57.5,,,
23,RTM,4/24/2025,76,1,2,9:02,9:12,heard,TUTI,0:10,53,4.5,112.5,,,
23,RTM,4/24/2025,76,1,2,9:02,9:12,heard,RBWO,0:31,122,7.3,181.25,,,
23,RTM,4/24/2025,76,1,2,9:02,9:12,heard,RHWO,3:30,86,4.3,106.25,,,
23,RTM,4/24/2025,76,1,2,9:02,9:12,heard,RBWO,4:19,50,3.3,81.25,,,
23,RTM,4/24/2025,76,1,2,9:02,9:12,heard,WBNU,9:30,73,7.3,182.5,,,
24,RTM,3/4/2025,67,2,3,10:28,10:38,heard,BHNU,1:02,115,4.2,105,,,
24,RTM,3/4/2025,67,2,3,10:28,10:38,heard,CAWR,2:39,85,4.5,112.5,,,
24,RTM,3/4/2025,67,2,3,10:28,10:38,heard,TUTI,3:39,148,5.5,137.5,,,
24,RTM,3/4/2025,67,2,3,10:28,10:38,heard,RHWO,7:30,338,3.1,77.5,,,
24,RTM,3/16/2025,70,2,1,8:52,9:02,heard,TUTI,0:04,319,3.6,90,,,
24,RTM,3/16/2025,70,2,1,8:52,9:02,heard,CACH,0:41,153,6.6,165,,,
24,RTM,3/16/2025,70,2,1,8:52,9:02,heard,RHWO,1:22,339,4.7,117.5,,,
24,RTM,3/16/2025,70,2,1,8:52,9:02,heard,RHWO,1:41,50,2.4,60,,,
24,RTM,3/16/2025,70,2,1,8:52,9:02,heard,RHWO,1:51,96,7.8,195,,,
24,RTM,3/16/2025,70,2,1,8:52,9:02,heard,TUTI,3:01,85,5.8,145,,,
24,RTM,3/16/2025,70,2,1,8:52,9:02,heard,TUTI,4:01,17,6.6,165,,,
24,RTM,3/16/2025,70,2,1,8:52,9:02,heard,RBWO,8:28,114,6.4,160,,,
24,RTM,3/16/2025,70,2,1,8:52,9:02,heard,RBWO,8:29,133,9.4,235,,,
24,RTM,3/16/2025,70,2,1,8:52,9:02,visual,YBSA,9:20,307,1.8,45,,,
24,EM,3/25/2025,66,0,1,12:16,12:26,heard,RHWO,0:02,334,2.9,72.5,,,
24,EM,3/25/2025,66,0,1,12:16,12:26,heard,RHWO,0:45,114,4.6,115,,,
24,EM,3/25/2025,66,0,1,12:16,12:26,heard,TUTI,1:10,293,3.1,77.5,,,
24,EM,3/25/2025,66,0,1,12:16,12:26,heard,TUTI,1:49,316,6.8,170,,,
24,EM,3/25/2025,66,0,1,12:16,12:26,heard,RBWO,2:05,247,4.9,122.5,,,
24,EM,3/25/2025,66,0,1,12:16,12:26,heard,TUTI,6:58,44,3.1,77.5,,,
24,RTM,4/4/2025,82,0,1,9:08,9:18,heard,TUTI,0:09,301,7.7,192.5,,,
24,RTM,4/4/2025,82,0,1,9:08,9:18,heard,RHWO,0:25,325,5.5,137.5,,,
24,RTM,4/4/2025,82,0,1,9:08,9:18,heard,RHWO,0:26,43,5.4,135,,,
24,RTM,4/4/2025,82,0,1,9:08,9:18,heard,RHWO,0:49,116,3.1,77.5,,,
24,RTM,4/4/2025,82,0,1,9:08,9:18,heard,CAWR,0:58,350,4.6,115,,,
24,RTM,4/4/2025,82,0,1,9:08,9:18,heard,RHWO,1:29,225,5.3,132.5,,,
24,RTM,4/4/2025,82,0,1,9:08,9:18,heard,TUTI,2:12,290,4.2,105,,,
24,RTM,4/4/2025,82,0,1,9:08,9:18,heard,CACH,2:19,297,5.8,145,,,
24,RTM,4/4/2025,82,0,1,9:08,9:18,heard,RBWO,2:39,320,4.2,105,,,
24,RTM,4/4/2025,82,0,1,9:08,9:18,heard,EABL,3:32,117,5.6,140,,,
24,RTM,4/4/2025,82,0,1,9:08,9:18,heard,CAWR,7:21,71,5.5,137.5,,,
24,EM,4/8/2025,62,0,4,11:36,11:46,heard,RBWO,0:42,271,3.4,83.75,,,
24,EM,4/8/2025,62,0,4,11:36,11:46,heard,GCFL,3:33,353,2.5,62.5,,,
24,EM,4/8/2025,62,0,4,11:36,11:46,heard,CAWR,4:12,321,1.7,42.5,,,
24,EM,4/8/2025,62,0,4,11:36,11:46,heard,RBWO,5:29,53,0.7,16.25,,,
24,EM,4/8/2025,62,0,4,11:36,11:46,heard,RHWO,6:20,28,2.6,65,,,
24,EM,4/8/2025,62,0,4,11:36,11:46,heard,TUTI,7:29,321,2.5,61.25,,,
24,EM,4/29/2025,70,0,0,8:09,8:19,heard,TUTI,0:01,334,4.8,118.75,,,
24,EM,4/29/2025,70,0,0,8:09,8:19,heard,RBWO,2:01,93,6.4,158.75,,,
24,EM,4/29/2025,70,0,0,8:09,8:19,heard,RBWO,2:30,45,4.9,121.25,,,
24,EM,4/29/2025,70,0,0,8:09,8:19,heard,CAWR,2:55,63,3.4,83.75,,,
24,EM,4/29/2025,70,0,0,8:09,8:19,heard,NOFL,4:41,335,6.4,160,,,
24,EM,4/29/2025,70,0,0,8:09,8:19,heard,RBWO,5:45,326,1.6,40,,,
24,EM,4/29/2025,70,0,0,8:09,8:19,heard,GCFL,6:55,5,3.4,85,,,
24,EM,4/29/2025,70,0,0,8:09,8:19,heard,TUTI,7:29,23,3.0,75,,,
24,EM,4/29/2025,70,0,0,8:09,8:19,heard,RHWO,8:41,149,4.9,122.5,,,
24,EM,4/29/2025,70,0,0,8:09,8:19,heard,TUTI,9:35,264,4.9,121.25,,,
25,RTM,3/4/2025,70,2,3,10:53,11:03,heard,CAWR,0:35,286,8.8,220,,,
25,RTM,3/15/2025,60,1,0,8:20,8:30,heard,RBWO,0:15,89,6.3,157.5,,,
25,RTM,3/15/2025,60,1,0,8:20,8:30,heard,RHWO,0:29,296,6.9,172.5,,,
25,RTM,3/15/2025,60,1,0,8:20,8:30,heard,RCWO,1:38,332,3.7,92.5,,,
25,RTM,3/15/2025,60,1,0,8:20,8:30,heard,RHWO,1:51,63,7.6,190,,,
25,RTM,3/15/2025,60,1,0,8:20,8:30,heard,WBNU,2:29,29,9.0,225,,,
25,RTM,3/15/2025,60,1,0,8:20,8:30,heard,CAWR,4:29,82,1.5,37.5,,,
25,RTM,3/15/2025,60,1,0,8:20,8:30,heard,CACH,8:38,207,1.8,45,,,
25,RTM,3/15/2025,60,1,0,8:20,8:30,heard,RHWO,9:10,129,2.2,55,,,
25,RTM,3/15/2025,60,1,0,8:20,8:30,heard,RHWO,9:29,179,6.6,165,,,
25,RTM,3/15/2025,60,1,0,8:20,8:30,visual,RHWO,9:59,305,1.8,45,,,
25,RTM,3/16/2025,70,1,1,9:21,9:31,heard,TUTI,0:13,94,5.7,142.5,,,
25,RTM,3/16/2025,70,1,1,9:21,9:31,heard,RHWO,0:29,198,5.8,145,,,
25,RTM,3/16/2025,70,1,1,9:21,9:31,heard,RHWO,0:42,5,5.8,145,,,
25,RTM,3/16/2025,70,1,1,9:21,9:31,heard,CACH,2:30,236,3.7,92.5,,,
25,RTM,3/16/2025,70,1,1,9:21,9:31,heard,YBSA,4:01,61,3.5,87.5,,,
25,RTM,3/16/2025,70,1,1,9:21,9:31,heard,RHWO,4:10,142,4.6,115,,,
25,RTM,3/16/2025,70,1,1,9:21,9:31,heard,BHNU,4:27,137,2.3,57.5,,,
25,RTM,3/16/2025,70,1,1,9:21,9:31,heard,TUTI,4:45,347,6.5,162.5,,,
25,RTM,3/16/2025,70,1,1,9:21,9:31,heard,CAWR,6:52,43,5.2,130,,,
25,RTM,3/16/2025,70,1,1,9:21,9:31,heard,RBWO,9:31,119,6.9,172.5,,,
25,EM,3/25/2025,71,0,1,12:50,1:00,heard,PIWO,0:10,8,7.5,187.5,,,
25,EM,3/25/2025,71,0,1,12:50,1:00,heard,RBWO,0:50,175,2.5,62.5,,,
25,EM,3/25/2025,71,0,1,12:50,1:00,heard,CACH,1:26,54,2.6,65,,,
25,EM,3/25/2025,71,0,1,12:50,1:00,heard,CAWR,3:56,63,1.5,37.5,,,
25,EM,3/25/2025,71,0,1,12:50,1:00,heard,RHWO,4:30,130,5.0,125,,,
25,EM,3/25/2025,71,0,1,12:50,1:00,visual,RHWO,5:00,99,2.0,50,,,
25,EM,3/25/2025,71,0,1,12:50,1:00,heard,BHNU,7:31,5,1.7,42.5,,,
25,EM,3/25/2025,71,0,1,12:50,1:00,heard,TUTI,9:56,299,2.5,62.5,,,
25,RTM,4/4/2025,87,0,1,9:34,9:44,heard,DOWO,0:01,67,2.2,55,,,
25,RTM,4/4/2025,87,0,1,9:34,9:44,heard,RCWO,0:06,344,1.5,37.5,,,
25,RTM,4/4/2025,87,0,1,9:34,9:44,heard,RHWO,0:07,188,4.5,112.5,,,
25,RTM,4/4/2025,87,0,1,9:34,9:44,heard,RHWO,0:08,30,2.4,60,,,
25,RTM,4/4/2025,87,0,1,9:34,9:44,heard,RHWO,0:09,325,3.5,87.5,,,
25,RTM,4/4/2025,87,0,1,9:34,9:44,heard,CAWR,0:55,53,2.5,62.5,,,
25,RTM,4/4/2025,87,0,1,9:34,9:44,heard,TUTI,0:57,42,3.9,97.5,,,
25,RTM,4/4/2025,87,0,1,9:34,9:44,heard,CAWR,1:12,300,5.0,125,,,
25,RTM,4/4/2025,87,0,1,9:34,9:44,heard,BHNU,1:20,320,5.5,137.5,,,
25,RTM,4/4/2025,87,0,1,9:34,9:44,heard,PIWO,1:35,360,7.4,185,,,
25,RTM,4/4/2025,87,0,1,9:34,9:44,visual,RHWO,2:10,350,2.3,57.5,,,
25,RTM,4/4/2025,87,0,1,9:34,9:44,heard,RBWO,2:18,120,5.5,137.5,,,
25,RTM,4/4/2025,87,0,1,9:34,9:44,heard,RHWO,3:30,35,2.3,57.5,,,
25,RTM,4/4/2025,87,0,1,9:34,9:44,heard,EABL,5:51,353,3.7,92.5,,,
25,RTM,4/4/2025,87,0,1,9:34,9:44,heard,TUTI,7:35,322,8.3,207.5,,,
25,RTM,4/8/2025,55,0,0,8:10,8:20,heard,RHWO,0:01,53,6.5,162.5,,,
25,RTM,4/8/2025,55,0,0,8:10,8:20,heard,RHWO,0:02,122,5.5,136.25,,,
25,RTM,4/8/2025,55,0,0,8:10,8:20,heard,CAWR,0:28,314,9.3,232.5,,,
25,RTM,4/8/2025,55,0,0,8:10,8:20,heard,TUTI,0:31,45,3.7,91.25,,,
25,RTM,4/8/2025,55,0,0,8:10,8:20,heard,WBNU,0:53,23,8.5,211.25,,,
25,RTM,4/8/2025,55,0,0,8:10,8:20,heard,RHWO,1:03,307,2.7,67.5,,,
25,RTM,4/8/2025,55,0,0,8:10,8:20,heard,CAWR,1:21,48,4.5,112.5,,,
25,RTM,4/8/2025,55,0,0,8:10,8:20,heard,EABL,1:50,5,4.6,115,,,
25,RTM,4/8/2025,55,0,0,8:10,8:20,heard,TUTI,2:21,231,4.6,115,,,
25,RTM,4/8/2025,55,0,0,8:10,8:20,heard,RBWO,2:29,113,8.3,207.5,,,
25,RTM,4/8/2025,55,0,0,8:10,8:20,heard,RCWO,4:34,349,3.8,95,,,
25,RTM,4/8/2025,55,0,0,8:10,8:20,heard,RBWO,5:38,9,8.2,205,,,
25,RTM,4/8/2025,55,0,0,8:10,8:20,heard,GCFL,5:40,228,9.3,232.5,,,
25,RTM,4/8/2025,55,0,0,8:10,8:20,heard,RHWO,6:01,148,3.1,77.5,,,
25,RTM,4/8/2025,55,0,0,8:10,8:20,heard,CAWR,6:35,287,7.2,180,,,
25,RTM,4/8/2025,55,0,0,8:10,8:20,heard,CAWR,6:57,343,5.1,127.5,,,
25,EM,4/29/2025,70,1,2,8:40,8:50,heard,CAWR,0:01,46,2.6,63.75,,,
25,EM,4/29/2025,70,1,2,8:40,8:50,heard,RBWO,0:28,336,3.8,93.75,,,
25,EM,4/29/2025,70,1,2,8:40,8:50,heard,TUTI,0:47,2,2.5,61.25,,,
25,EM,4/29/2025,70,1,2,8:40,8:50,heard,RHWO,1:07,243,4.9,122.5,,,
25,EM,4/29/2025,70,1,2,8:40,8:50,heard,TUTI,1:44,28,7.3,182.5,,,
25,EM,4/29/2025,70,1,2,8:40,8:50,heard,RHWO,2:38,198,1.1,26.25,,,
25,EM,4/29/2025,70,1,2,8:40,8:50,heard,RBWO,3:37,75,3.8,93.75,,,
25,EM,4/29/2025,70,1,2,8:40,8:50,heard,RCWO,4:54,2,1.3,31.25,,,
25,EM,4/29/2025,70,1,2,8:40,8:50,heard,GCFL,6:03,41,1.7,42.5,,,
26,RTM,3/4/2025,71,2,4,11:18,11:28,,,,,,,,,
26,RTM,3/15/2025,61,0,0,8:48,8:58,visual,RHWO,0:32,306,1.8,45,,,
26,RTM,3/15/2025,61,0,0,8:48,8:58,heard,RBWO,1:04,205,3.1,77.5,,,
26,RTM,3/15/2025,61,0,0,8:48,8:58,heard,BHNU,1:10,89,1.9,47.5,,,
26,RTM,3/15/2025,61,0,0,8:48,8:58,heard,TUTI,1:20,225,7.6,190,,,
26,RTM,3/15/2025,61,0,0,8:48,8:58,heard,RHWO,5:19,59,6.8,170,,,
26,RTM,3/15/2025,61,0,0,8:48,8:58,heard,TUTI,7:07,26,7.5,187.5,,,
26,RTM,3/15/2025,61,0,0,8:48,8:58,heard,PIWO,9:31,55,10.4,260,,,
26,RTM,3/16/2025,70,2,2,9:45,9:55,heard,BHNU,1:18,222,5.8,145,,,
26,RTM,3/16/2025,70,2,2,9:45,9:55,heard,TUTI,3:28,336,7.6,190,,,
26,RTM,3/16/2025,70,2,2,9:45,9:55,heard,RHWO,9:20,319,2.8,70,,,
26,EM,3/25/2025,73,0,2,13:29,13:39,heard,CAWR,2:36,280,1.3,32.5,,,
26,EM,3/25/2025,73,0,2,13:29,13:39,heard,CACH,4:36,107,8.7,217.5,,,
26,RTM,4/4/2025,84,0,3,9:56,10:06,heard,TUTI,0:09,329,5.7,142.5,,,
26,RTM,4/4/2025,84,0,3,9:56,10:06,heard,GCFL,1:52,19,7.4,185,,,
26,RTM,4/4/2025,84,0,3,9:56,10:06,heard,WBNU,3:08,113,3.4,85,,,
26,RTM,4/4/2025,84,0,3,9:56,10:06,heard,RBWO,5:12,359,7.8,195,,,
26,RTM,4/4/2025,84,0,3,9:56,10:06,heard,DOWO,5:58,83,2.3,57.5,,,
26,RTM,4/4/2025,84,0,3,9:56,10:06,heard,RBWO,6:08,133,9.2,230,,,
26,RTM,4/4/2025,84,0,3,9:56,10:06,heard,RHWO,6:17,315,5.0,125,,,
26,RTM,4/8/2025,53,0,0,8:33,8:43,heard,TUTI,0:06,324,3.7,92.5,,,
26,RTM,4/8/2025,53,0,0,8:33,8:43,heard,BHNU,0:10,329,2.8,68.75,,,
26,RTM,4/8/2025,53,0,0,8:33,8:43,heard,RHWO,0:20,34,6.8,170,,,
26,RTM,4/8/2025,53,0,0,8:33,8:43,heard,RHWO,1:29,331,6.5,162.5,,,
26,RTM,4/8/2025,53,0,0,8:33,8:43,heard,WBNU,1:51,123,7.1,177.5,,,
26,RTM,4/8/2025,53,0,0,8:33,8:43,heard,RBWO,2:05,79,6.1,152.5,,,
26,RTM,4/8/2025,53,0,0,8:33,8:43,visual,RHWO,7:18,275,2.9,71.25,,,
26,RTM,4/8/2025,53,0,0,8:33,8:43,heard,GCFL,7:43,130,1.8,45,,,
26,RTM,4/8/2025,53,0,0,8:33,8:43,heard,CAWR,9:30,339,7.3,181.25,,,
26,EM,4/29/2025,75,1,3,9:25,9:35,heard,TUTI,0:21,341,3.0,75,,,
26,EM,4/29/2025,75,1,3,9:25,9:35,heard,CAWR,0:29,304,3.3,82.5,,,
26,EM,4/29/2025,75,1,3,9:25,9:35,heard,TUTI,2:51,289,4.9,122.5,,,
27,RTM,3/4/2025,65,1,3,10:05,10:15,heard,WBNU,3:42,52,9.3,232.5,,,
27,RTM,3/4/2025,65,1,3,10:05,10:15,heard,WBNU,4:01,96,8.7,217.5,,,
27,RTM,3/4/2025,65,1,3,10:05,10:15,heard,TUTI,4:25,200,6.9,172.5,,,
27,RTM,3/4/2025,65,1,3,10:05,10:15,heard,CAWR,4:32,90,7.1,177.5,,,
27,RTM,3/4/2025,65,1,3,10:05,10:15,heard,RBWO,6:01,176,8.7,217.5,,,
27,RTM,3/4/2025,65,1,3,10:05,10:15,heard,PIWO,7:39,123,10.6,265,,,
27,RTM,3/16/2025,70,2,1,8:24,8:34,heard,DOWO,0:01,67,1.7,42.5,,,
27,RTM,3/16/2025,70,2,1,8:24,8:34,heard,RBWO,0:05,43,5.8,145,,,
27,RTM,3/16/2025,70,2,1,8:24,8:34,heard,BHNU,0:15,270,1.6,40,,,
27,RTM,3/16/2025,70,2,1,8:24,8:34,heard,RBWO,0:39,5,4.9,122.5,,,
27,RTM,3/16/2025,70,2,1,8:24,8:34,heard,RBWO,0:59,139,6.5,162.5,,,
27,RTM,3/16/2025,70,2,1,8:24,8:34,heard,RBWO,2:53,230,5.7,142.5,,,
27,RTM,3/16/2025,70,2,1,8:24,8:34,heard,TUTI,4:28,334,7.7,192.5,,,
27,RTM,3/16/2025,70,2,1,8:24,8:34,heard,WBNU,6:17,81,7.3,182.5,,,
27,RTM,3/16/2025,70,2,1,8:24,8:34,heard,TUTI,7:00,272,6.5,162.5,,,
27,RTM,3/16/2025,70,2,1,8:24,8:34,heard,TUTI,8:39,158,5.8,145,,,
27,EM,3/25/2025,59,2,0,8:34,8:44,heard,RBWO,0:10,59,1.8,45,,,
27,EM,3/25/2025,59,2,0,8:34,8:44,heard,RHWO,1:00,180,3.5,87.5,,,
27,EM,3/25/2025,59,2,0,8:34,8:44,heard,RBWO,1:40,309,5.5,137.5,,,
27,EM,3/25/2025,59,2,0,8:34,8:44,heard,RHWO,2:35,281,8.2,205,,,
27,EM,3/25/2025,59,2,0,8:34,8:44,heard,RBWO,3:57,120,2.7,67.5,,,
27,EM,3/25/2025,59,2,0,8:34,8:44,heard,DOWO,5:55,339,2.9,72.5,,,
27,EM,3/25/2025,59,2,0,8:34,8:44,heard,CAWR,7:40,88,4.8,120,,,
27,EM,3/25/2025,59,2,0,8:34,8:44,heard,CAWR,8:21,282,6.7,167.5,,,
27,EM,3/25/2025,59,2,0,8:34,8:44,heard,RHWO,9:37,21,3.6,90,,,
27,RTM,4/4/2025,77,0,0,8:43,8:53,heard,DOWO,0:01,35,1.8,45,,,
27,RTM,4/4/2025,77,0,0,8:43,8:53,heard,RHWO,0:26,217,6.2,155,,,
27,RTM,4/4/2025,77,0,0,8:43,8:53,heard,RHWO,0:27,229,5.5,137.5,,,
27,RTM,4/4/2025,77,0,0,8:43,8:53,heard,TUTI,1:20,287,8.5,212.5,,,
27,RTM,4/4/2025,77,0,0,8:43,8:53,heard,CACH,1:31,317,1.6,40,,,
27,RTM,4/4/2025,77,0,0,8:43,8:53,heard,RHWO,2:27,355,1.7,42.5,,,
27,RTM,4/4/2025,77,0,0,8:43,8:53,heard,BHNU,3:51,80,1.5,37.5,,,
27,RTM,4/4/2025,77,0,0,8:43,8:53,heard,CAWR,5:41,295,3.6,90,,,
27,RTM,4/4/2025,77,0,0,8:43,8:53,heard,TUTI,6:31,74,7.2,180,,,
27,RTM,4/4/2025,77,0,0,8:43,8:53,heard,TUTI,6:41,49,5.6,140,,,
27,RTM,4/4/2025,77,0,0,8:43,8:53,heard,RBWO,8:40,242,8.4,210,,,
27,RTM,4/4/2025,77,0,0,8:43,8:53,heard,GCFL,9:17,320,2.3,57.5,,,
27,EM,4/8/2025,60,0,2,10:52,11:02,heard,CACH,0:01,203,1.2,28.75,,,
27,EM,4/8/2025,60,0,2,10:52,11:02,visual,TUTI,1:02,110,0.1,2.5,,,
27,EM,4/8/2025,60,0,2,10:52,11:02,heard,CAWR,1:34,1,1.1,27.5,,,
27,EM,4/8/2025,60,0,2,10:52,11:02,heard,CACH,1:51,322,1.5,36.25,,,
27,EM,4/8/2025,60,0,2,10:52,11:02,heard,GCFL,7:36,53,2.4,58.75,,,
27,EM,4/8/2025,60,0,2,10:52,11:02,heard,TUTI,9:30,307,3.6,88.75,,,
27,RTM,4/26/2025,70,0,0,7:50,8:00,heard,TUTI,0:09,92,6.6,165,,,
27,RTM,4/26/2025,70,0,0,7:50,8:00,heard,RBWO,0:16,109,6.1,151.25,,,
27,RTM,4/26/2025,70,0,0,7:50,8:00,heard,GCFL,1:12,213,3.9,97.5,,,
27,RTM,4/26/2025,70,0,0,7:50,8:00,heard,RHWO,1:12,245,6.5,162.5,,,
27,RTM,4/26/2025,70,0,0,7:50,8:00,heard,RHWO,1:32,298,5.2,130,,,
27,RTM,4/26/2025,70,0,0,7:50,8:00,heard,GCFL,2:54,25,6.5,162.5,,,
27,RTM,4/26/2025,70,0,0,7:50,8:00,heard,RBWO,3:01,15,5.5,137.5,,,
27,RTM,4/26/2025,70,0,0,7:50,8:00,heard,CACH,3:25,283,6.7,166.25,,,
27,RTM,4/26/2025,70,0,0,7:50,8:00,heard,CAWR,3:36,320,6.5,162.5,,,
27,RTM,4/26/2025,70,0,0,7:50,8:00,heard,PIWO,3:41,301,7.6,190,,,
27,RTM,4/26/2025,70,0,0,7:50,8:00,heard,CAWR,4:42,73,5.0,125,,,
27,RTM,4/26/2025,70,0,0,7:50,8:00,heard,CAWR,4:43,114,8.4,210,,,
27,RTM,4/26/2025,70,0,0,7:50,8:00,heard,CACH,5:11,102,4.1,102.5,,,
27,RTM,4/26/2025,70,0,0,7:50,8:00,heard,DOWO,6:22,53,4.9,122.5,,,
27,RTM,4/26/2025,70,0,0,7:50,8:00,heard,RBWO,9:59,268,7.5,187.5,,,
28,RTM,3/4/2025,65,1,2,9:44,9:54,heard,RHWO,0:40,217,1.8,45,,,
28,RTM,3/4/2025,65,1,2,9:44,9:54,heard,RHWO,0:58,292,8.3,207.5,,,
28,RTM,3/4/2025,65,1,2,9:44,9:54,heard,PIWO,2:00,275,10.1,252.5,,,
28,RTM,3/4/2025,65,1,2,9:44,9:54,heard,TUTI,3:39,235,5.7,142.5,,,
28,RTM,3/4/2025,65,1,2,9:44,9:54,heard,CACH,4:40,260,1.5,37.5,,,
28,RTM,3/4/2025,65,1,2,9:44,9:54,heard,CACH,6:27,117,5.2,130,,,
28,RTM,3/4/2025,65,1,2,9:44,9:54,heard,RHWO,7:32,321,3.8,95,,,
28,RTM,3/16/2025,71,1,1,11:47,11:57,heard,BHNU,0:01,342,1.7,42.5,,,
28,RTM,3/16/2025,71,1,1,11:47,11:57,heard,RHWO,0:13,199,5.5,137.5,,,
28,RTM,3/16/2025,71,1,1,11:47,11:57,heard,TUTI,0:19,230,6.9,172.5,,,
28,RTM,3/16/2025,71,1,1,11:47,11:57,heard,CAWR,0:41,272,5.1,127.5,,,
28,RTM,3/16/2025,71,1,1,11:47,11:57,heard,RHWO,1:01,257,5.9,147.5,,,
28,RTM,3/16/2025,71,1,1,11:47,11:57,heard,RHWO,1:14,304,4.9,122.5,,,
28,RTM,3/16/2025,71,1,1,11:47,11:57,heard,TUTI,1:29,23,6.3,157.5,,,
28,RTM,3/16/2025,71,1,1,11:47,11:57,heard,CACH,3:32,200,3.8,95,,,
28,RTM,3/16/2025,71,1,1,11:47,11:57,heard,PIWO,4:37,347,7.4,185,,,
28,RTM,3/16/2025,71,1,1,11:47,11:57,heard,TUTI,9:57,321,8.7,217.5,,,
28,EM,3/25/2025,59,2,0,9:35,9:45,heard,RHWO,0:40,137,1.6,40,,,
28,EM,3/25/2025,59,2,0,9:35,9:45,heard,RBWO,1:05,270,8.4,210,,,
28,EM,3/25/2025,59,2,0,9:35,9:45,heard,RBWO,1:09,48,3.5,87.5,,,
28,EM,3/25/2025,59,2,0,9:35,9:45,heard,RBWO,1:30,337,7.2,180,,,
28,EM,3/25/2025,59,2,0,9:35,9:45,heard,RBWO,2:29,177,3.8,95,,,
28,EM,3/25/2025,59,2,0,9:35,9:45,heard,RBWO,2:29,177,3.8,95,,,
28,EM,3/25/2025,59,2,0,9:35,9:45,heard,TUTI,9:40,94,3.2,80,,,
28,RTM,4/4/2025,73,0,0,8:13,8:23,visual,RHWO,0:01,302,0.5,12.5,,,
28,RTM,4/4/2025,73,0,0,8:13,8:23,visual,RHWO,0:01,302,0.5,12.5,,,
28,RTM,4/4/2025,73,0,0,8:13,8:23,heard,TUTI,0:03,324,7.1,177.5,,,
28,RTM,4/4/2025,73,0,0,8:13,8:23,heard,RHWO,0:10,137,5.1,127.5,,,
28,RTM,4/4/2025,73,0,0,8:13,8:23,heard,RHWO,0:21,262,5.3,132.5,,,
28,RTM,4/4/2025,73,0,0,8:13,8:23,heard,RBWO,0:38,270,3.2,80,,,
28,RTM,4/4/2025,73,0,0,8:13,8:23,heard,CAWR,1:14,326,5.0,125,,,
28,RTM,4/4/2025,73,0,0,8:13,8:23,heard,CAWR,1:15,19,3.8,95,,,
28,RTM,4/4/2025,73,0,0,8:13,8:23,heard,DOWO,1:56,167,2.6,65,,,
28,RTM,4/4/2025,73,0,0,8:13,8:23,heard,TUTI,3:16,296,7.5,187.5,,,
28,RTM,4/4/2025,73,0,0,8:13,8:23,heard,RCWO,4:57,214,3.0,75,,,
28,RTM,4/4/2025,73,0,0,8:13,8:23,heard,RHWO,7:33,30,6.9,172.5,,,
28,RTM,4/4/2025,73,0,0,8:13,8:23,heard,GCFL,9:03,180,3.0,75,,,
28,RTM,4/8/2025,61,0,2,10:20,10:30,heard,TUTI,2:11,10,3.4,85,,,
28,RTM,4/8/2025,61,0,2,10:20,10:30,heard,CAWR,4:42,340,4.1,101.25,,,
28,RTM,4/8/2025,61,0,2,10:20,10:30,heard,GCFL,9:51,255,3.2,80,,,
28,RTM,4/26/2025,66,0,0,7:30,7:40,heard,RHWO,0:02,46,3.0,73.75,,,
28,RTM,4/26/2025,66,0,0,7:30,7:40,heard,GCFL,0:31,321,3.8,95,,,
28,RTM,4/26/2025,66,0,0,7:30,7:40,heard,EABL,1:00,1,7.5,187.5,,,
28,RTM,4/26/2025,66,0,0,7:30,7:40,heard,RCWO,1:07,118,4.3,107.5,,,
28,RTM,4/26/2025,66,0,0,7:30,7:40,heard,RBWO,1:31,187,5.6,140,,,
28,RTM,4/26/2025,66,0,0,7:30,7:40,heard,CAWR,1:35,73,7.2,180,,,
28,RTM,4/26/2025,66,0,0,7:30,7:40,heard,TUTI,3:20,71,5.4,133.75,,,
28,RTM,4/26/2025,66,0,0,7:30,7:40,heard,RBWO,3:21,274,5.1,127.5,,,
28,RTM,4/26/2025,66,0,0,7:30,7:40,heard,EABL,5:25,230,4.9,122.5,,,
28,RTM,4/26/2025,66,0,0,7:30,7:40,heard,CAWR,6:08,6,4.9,121.25,,,
28,RTM,4/26/2025,66,0,0,7:30,7:40,heard,RHWO,6:24,245,6.4,160,,,
28,RTM,4/26/2025,66,0,0,7:30,7:40,heard,TUTI,8:41,130,7.2,178.75,,,
29,RTM,3/4/2025,53,0,2,7:34,7:44,heard,TUTI,7:34,28,5.5,137.5,,,
29,RTM,3/4/2025,53,0,2,7:34,7:44,heard,PIWO,7:39,206,8.7,217.5,,,
29,RTM,3/4/2025,53,0,2,7:34,7:44,heard,RBWO,7:39,195,8.5,212.5,,,
29,RTM,3/4/2025,53,0,2,7:34,7:44,heard,RHWO,7:40,183,4.6,115,,,
29,RTM,3/4/2025,53,0,2,7:34,7:44,heard,RHWO,7:40,241,4.9,122.5,,,
29,RTM,3/4/2025,53,0,2,7:34,7:44,heard,CAWR,7:43,276,3.8,95,,,
29,RTM,3/16/2025,70,2,1,10:06,10:16,heard,RBWO,0:56,132,6.9,172.5,,,
29,RTM,3/16/2025,70,2,1,10:06,10:16,heard,RHWO,0:57,287,5.2,130,,,
29,RTM,3/16/2025,70,2,1,10:06,10:16,heard,EABL,1:24,7,5.3,132.5,,,
29,RTM,3/16/2025,70,2,1,10:06,10:16,heard,RBWO,1:38,330,5.3,132.5,,,
29,RTM,3/16/2025,70,2,1,10:06,10:16,heard,DOWO,2:35,33,8.6,215,,,
29,RTM,3/16/2025,70,2,1,10:06,10:16,heard,TUTI,3:51,13,7.7,192.5,,,
29,RTM,3/16/2025,70,2,1,10:06,10:16,heard,BHNU,5:15,225,3.9,97.5,,,
29,RTM,3/16/2025,70,2,1,10:06,10:16,heard,TUTI,5:42,236,7.6,190,,,
29,RTM,3/16/2025,70,2,1,10:06,10:16,heard,RBWO,7:01,224,9.0,225,,,
29,RTM,3/16/2025,70,2,1,10:06,10:16,heard,CACH,8:10,60,4.8,120,,,
29,EM,3/25/2025,82,0,1,14:08,14:18,heard,TUTI,1:22,15,2.3,57.5,,,
29,EM,3/25/2025,82,0,1,14:08,14:18,heard,RBWO,5:12,91,6.4,160,,,
29,EM,3/25/2025,82,0,1,14:08,14:18,heard,RHWO,5:40,83,8.5,212.5,,,
29,EM,3/25/2025,82,0,1,14:08,14:18,heard,WBNU,8:35,318,3.1,77.5,,,
29,EM,3/25/2025,82,0,1,14:08,14:18,heard,BHNU,9:55,56,4.9,122.5,,,
29,RTM,4/4/2025,94,1,2,10:16,10:26,heard,RHWO,0:02,178,4.9,122.5,,,
29,RTM,4/4/2025,94,1,2,10:16,10:26,heard,BHNU,0:29,41,5.4,135,,,
29,RTM,4/4/2025,94,1,2,10:16,10:26,heard,RBWO,1:51,311,6.3,157.5,,,
29,RTM,4/4/2025,94,1,2,10:16,10:26,heard,TUTI,3:43,250,5.3,132.5,,,
29,RTM,4/4/2025,94,1,2,10:16,10:26,heard,TUTI,3:56,121,6.3,157.5,,,
29,RTM,4/4/2025,94,1,2,10:16,10:26,heard,CAWR,5:15,332,5.6,140,,,
29,RTM,4/4/2025,94,1,2,10:16,10:26,heard,EABL,5:38,32,3.2,80,,,
29,RTM,4/4/2025,94,1,2,10:16,10:26,heard,NOFL,7:21,95,6.7,167.5,,,
29,RTM,4/4/2025,94,1,2,10:16,10:26,heard,CAWR,8:30,260,6.5,162.5,,,
29,RTM,4/4/2025,94,1,2,10:16,10:26,heard,CAWR,9:12,100,7.0,175,,,
29,RTM,4/8/2025,60,0,1,9:04,9:14,heard,GCFL,0:23,19,7.6,188.75,,,
29,RTM,4/8/2025,60,0,1,9:04,9:14,heard,CAWR,0:25,16,4.7,117.5,,,
29,RTM,4/8/2025,60,0,1,9:04,9:14,heard,RBWO,0:40,228,5.0,125,,,
29,RTM,4/8/2025,60,0,1,9:04,9:14,heard,TUTI,1:29,103,5.7,142.5,,,
29,RTM,4/8/2025,60,0,1,9:04,9:14,heard,RHWO,1:51,327,7.2,180,,,
29,RTM,4/8/2025,60,0,1,9:04,9:14,heard,WBNU,1:52,91,6.3,157.5,,,
29,RTM,4/8/2025,60,0,1,9:04,9:14,heard,CAWR,2:44,311,7.4,185,,,
29,RTM,4/8/2025,60,0,1,9:04,9:14,heard,CAWR,3:10,225,3.8,93.75,,,
29,RTM,4/8/2025,60,0,1,9:04,9:14,heard,CACH,4:05,278,4.8,118.75,,,
29,RTM,4/8/2025,60,0,1,9:04,9:14,heard,RHWO,4:52,38,6.2,155,,,
29,EM,4/29/2025,80,1,2,10:13,10:23,heard,RHWO,1:05,188,3.5,87.5,,,
29,EM,4/29/2025,80,1,2,10:13,10:23,heard,CAWR,5:21,270,3.1,77.5,,,
29,EM,4/29/2025,80,1,2,10:13,10:23,heard,CAWR,6:00,3,3.6,90,,,
29,EM,4/29/2025,80,1,2,10:13,10:23,heard,RBWO,7:55,245,6.5,162.5,,,
29,EM,4/29/2025,80,1,2,10:13,10:23,heard,TUTI,8:06,45,3.6,88.75,,,
29,EM,4/29/2025,80,1,2,10:13,10:23,heard,RBWO,9:32,322,2.2,55,,,
30,RTM,3/4/2025,63,1,1,9:20,9:30,heard,CACH,0:15,297,2.6,65,,,
30,RTM,3/4/2025,63,1,1,9:20,9:30,heard,EABL,0:25,356,3.1,77.5,,,
30,RTM,3/4/2025,63,1,1,9:20,9:30,heard,EABL,0:55,88,4.4,110,,,
30,RTM,3/4/2025,63,1,1,9:20,9:30,heard,RBWO,2:02,232,6.7,167.5,,,
30,RTM,3/4/2025,63,1,1,9:20,9:30,heard,RHWO,3:04,322,7.6,190,,,
30,RTM,3/4/2025,63,1,1,9:20,9:30,heard,TUTI,4:28,37,4.6,115,,,
30,RTM,3/16/2025,70,1,1,11:25,11:35,heard,CAWR,1:20,190,6.8,170,,,
30,RTM,3/16/2025,70,1,1,11:25,11:35,heard,RHWO,2:01,80,5.2,130,,,
30,RTM,3/16/2025,70,1,1,11:25,11:35,heard,TUTI,2:59,160,7.4,185,,,
30,RTM,3/16/2025,70,1,1,11:25,11:35,heard,RBWO,3:35,213,9.2,230,,,
30,RTM,3/16/2025,70,1,1,11:25,11:35,heard,CAWR,3:51,35,2.5,62.5,,,
30,RTM,3/16/2025,70,1,1,11:25,11:35,heard,RHWO,3:52,280,5.8,145,,,
30,RTM,3/16/2025,70,1,1,11:25,11:35,heard,WBNU,4:48,308,2.5,62.5,,,
30,RTM,3/16/2025,70,1,1,11:25,11:35,heard,BHNU,5:35,13,4.0,100,,,
30,RTM,3/16/2025,70,1,1,11:25,11:35,heard,RBWO,6:28,247,5.6,140,,,
30,RTM,3/16/2025,70,1,1,11:25,11:35,heard,RBWO,7:58,360,6.5,162.5,,,
30,EM,3/25/2025,62,2,0,10:07,10:17,heard,RBWO,0:50,141,3.4,85,,,
30,EM,3/25/2025,62,2,0,10:07,10:17,heard,RBWO,1:53,329,6.8,170,,,
30,EM,3/25/2025,62,2,0,10:07,10:17,heard,RBWO,2:36,265,5.1,127.5,,,
30,EM,3/25/2025,62,2,0,10:07,10:17,heard,RHWO,7:01,270,8.8,220,,,
30,EM,3/25/2025,62,2,0,10:07,10:17,heard,CAWR,9:20,350,3.4,85,,,
30,EM,3/25/2025,62,2,0,10:07,10:17,heard,EABL,9:52,21,3.4,85,,,
30,RTM,4/4/2025,69,0,0,7:52,8:02,heard,RHWO,0:03,275,2.5,62.5,,,
30,RTM,4/4/2025,69,0,0,7:52,8:02,heard,GCFL,0:35,12,3.7,92.5,,,
30,RTM,4/4/2025,69,0,0,7:52,8:02,heard,RBWO,0:48,23,5.2,130,,,
30,RTM,4/4/2025,69,0,0,7:52,8:02,heard,RCWO,1:25,358,5.0,125,,,
30,RTM,4/4/2025,69,0,0,7:52,8:02,heard,PIWO,2:45,125,8.4,210,,,
30,RTM,4/4/2025,69,0,0,7:52,8:02,heard,RBWO,3:12,230,4.5,112.5,,,
30,RTM,4/4/2025,69,0,0,7:52,8:02,heard,GCFL,3:37,243,3.9,97.5,,,
30,RTM,4/4/2025,69,0,0,7:52,8:02,heard,CAWR,5:12,327,3.9,97.5,,,
30,RTM,4/4/2025,69,0,0,7:52,8:02,heard,CAWR,5:29,291,1.2,30,,,
30,RTM,4/4/2025,69,0,0,7:52,8:02,heard,RHWO,5:57,136,3.1,77.5,,,
30,RTM,4/4/2025,69,0,0,7:52,8:02,heard,RHWO,5:58,86,4.6,115,,,
30,RTM,4/4/2025,69,0,0,7:52,8:02,heard,TUTI,6:36,59,7.1,177.5,,,
30,RTM,4/4/2025,69,0,0,7:52,8:02,visual,RHWO,9:32,262,3.2,80,,,
30,EM,4/8/2025,55,0,3,9:13,9:23,heard,CAWR,0:04,354,0.8,20,,,
30,EM,4/8/2025,55,0,3,9:13,9:23,heard,RBWO,0:39,250,2.9,71.25,,,
30,EM,4/8/2025,55,0,3,9:13,9:23,heard,RHWO,2:27,270,3.0,75,,,
30,EM,4/8/2025,55,0,3,9:13,9:23,heard,CACH,3:28,286,1.3,31.25,,,
30,EM,4/8/2025,55,0,3,9:13,9:23,heard,RBWO,5:32,88,3.7,92.5,,,
30,EM,4/8/2025,55,0,3,9:13,9:23,heard,RBWO,6:17,28,4.9,122.5,,,
30,EM,4/29/2025,86,1,3,12:34,12:44,heard,RHWO,1:32,106,6.9,172.5,,,
30,EM,4/29/2025,86,1,3,12:34,12:44,heard,RBWO,2:22,239,5.5,136.25,,,
30,EM,4/29/2025,86,1,3,12:34,12:44,heard,CAWR,2:23,324,3.1,77.5,,,
30,EM,4/29/2025,86,1,3,12:34,12:44,heard,WBNU,3:38,37,6.4,160,,,
30,EM,4/29/2025,86,1,3,12:34,12:44,heard,TUTI,6:22,7,4.6,115,,,
30,EM,4/29/2025,86,1,3,12:34,12:44,heard,RBWO,7:59,332,6.8,170,,,
30,EM,4/29/2025,86,1,3,12:34,12:44,heard,NOFL,8:59,3,2.8,70,,,
31,RTM,3/4/2025,58,2,2,8:57,9:07,heard,TUTI,0:20,96,7.3,182.5,,,
31,RTM,3/4/2025,58,2,2,8:57,9:07,heard,RBWO,1:58,131,7.2,180,,,
31,RTM,3/4/2025,58,2,2,8:57,9:07,heard,PIWO,1:59,43,9.8,245,,,
31,RTM,3/4/2025,58,2,2,8:57,9:07,heard,RBWO,2:29,258,5.1,127.5,,,
31,RTM,3/4/2025,58,2,2,8:57,9:07,heard,RHWO,4:30,179,1.1,27.5,,,
31,RTM,3/4/2025,58,2,2,8:57,9:07,heard,RHWO,,226,10.3,257.5,,,
31,RTM,3/16/2025,71,1,1,10:51,11:01,heard,BHNU,0:08,34,2.3,57.5,,,
31,RTM,3/16/2025,71,1,1,10:51,11:01,heard,RHWO,0:42,151,7.9,197.5,,,
31,RTM,3/16/2025,71,1,1,10:51,11:01,heard,TUTI,2:25,280,7.4,185,,,
31,RTM,3/16/2025,71,1,1,10:51,11:01,heard,TUTI,2:50,213,9.0,225,,,
31,RTM,3/16/2025,71,1,1,10:51,11:01,heard,CACH,3:28,80,7.1,177.5,,,
31,RTM,3/16/2025,71,1,1,10:51,11:01,heard,TUTI,3:39,69,7.5,187.5,,,
31,EM,3/25/2025,63,2,1,10:53,11:03,heard,BHNU,1:11,324,3.1,77.5,,,
31,EM,3/25/2025,63,2,1,10:53,11:03,heard,WBNU,2:25,53,4.3,107.5,,,
31,EM,3/25/2025,63,2,1,10:53,11:03,heard,EABL,3:01,90,4.5,112.5,,,
31,EM,3/25/2025,63,2,1,10:53,11:03,heard,RBWO,3:48,146,7.1,177.5,,,
31,EM,3/25/2025,63,2,1,10:53,11:03,heard,CAWR,4:09,90,2.2,55,,,
31,EM,3/25/2025,63,2,1,10:53,11:03,heard,RBWO,7:20,5,4.2,105,,,
31,EM,3/25/2025,63,2,1,10:53,11:03,heard,WBNU,8:47,117,6.4,160,,,
32,RTM,3/4/2025,55,1,2,8:17,8:27,heard,BHNU,0:00,315,1.6,40,,,
32,RTM,3/4/2025,55,1,2,8:17,8:27,heard,BHNU,0:00,315,1.6,40,,,
32,RTM,3/4/2025,55,1,2,8:17,8:27,heard,RHWO,0:19,97,2.2,55,,,
32,RTM,3/4/2025,55,1,2,8:17,8:27,heard,RHWO,0:19,97,2.2,55,,,
32,RTM,3/4/2025,55,1,2,8:17,8:27,heard,RHWO,0:25,14,8.3,207.5,,,
32,RTM,3/4/2025,55,1,2,8:17,8:27,heard,TUTI,0:40,342,3.1,77.5,,,
32,RTM,3/4/2025,55,1,2,8:17,8:27,heard,RCWO,2:21,338,5.3,132.5,,,
32,RTM,3/4/2025,55,1,2,8:17,8:27,heard,NOFL,5:05,21,7.0,175,,,
32,RTM,3/4/2025,55,1,2,8:17,8:27,heard,NOFL,5:20,147,6.8,170,,,
32,RTM,3/4/2025,55,1,2,8:17,8:27,heard,RBWO,,151,8.7,217.5,,,
32,RTM,3/16/2025,71,1,2,10:29,10:39,heard,RHWO,0:01,249,1.2,30,,,
32,RTM,3/16/2025,71,1,2,10:29,10:39,heard,RBWO,0:19,249,3.8,95,,,
32,RTM,3/16/2025,71,1,2,10:29,10:39,heard,BHNU,0:28,34,2.5,62.5,,,
32,RTM,3/16/2025,71,1,2,10:29,10:39,heard,RHWO,0:37,319,3.2,80,,,
32,RTM,3/16/2025,71,1,2,10:29,10:39,heard,WBNU,0:42,85,6.3,157.5,,,
32,RTM,3/16/2025,71,1,2,10:29,10:39,heard,RBWO,0:55,131,6.3,157.5,,,
32,RTM,3/16/2025,71,1,2,10:29,10:39,heard,EABL,3:27,245,5.7,142.5,,,
32,RTM,3/16/2025,71,1,2,10:29,10:39,heard,TUTI,3:41,218,7.8,195,,,
32,RTM,3/16/2025,71,1,2,10:29,10:39,heard,RHWO,4:41,47,5.8,145,,,
32,RTM,3/16/2025,71,1,2,10:29,10:39,heard,TUTI,6:35,288,7.9,197.5,,,
32,RTM,3/16/2025,71,1,2,10:29,10:39,heard,CACH,9:05,218,1.8,45,,,
32,EM,3/25/2025,64,1,2,11:27,11:37,heard,PIWO,1:25,56,4.4,110,,,
32,EM,3/25/2025,64,1,2,11:27,11:37,heard,TUTI,2:11,17,1.7,42.5,,,
32,EM,3/25/2025,64,1,2,11:27,11:37,heard,CAWR,5:12,57,2.0,50,,,
32,EM,3/25/2025,64,1,2,11:27,11:37,heard,GCFL,5:49,90,2.7,67.5,,,
31,EM,4/29/2025,88,1,4,11:57,12:07,visual,RHWO,1:07,287,0.9,22.5,,,
31,EM,4/29/2025,88,1,4,11:57,12:07,visual,RHWO,1:07,287,0.9,22.5,,,
31,EM,4/29/2025,88,1,4,11:57,12:07,heard,GCFL,6:27,339,0.4,10,,,
31,EM,4/29/2025,88,1,4,11:57,12:07,heard,NOFL,2:11,314,7.6,190,,,
31,EM,4/29/2025,88,1,4,11:57,12:07,heard,NOFL,0:46,90,1.5,37.5,,,
31,EM,4/29/2025,88,1,4,11:57,12:07,heard,RHWO,0:33,55,3.7,91.25,,,
31,RTM,4/1/2025,71,2,0,8:02,8:12,heard,BHNU,9:15,215,1.7,42.5,,,
31,RTM,4/1/2025,71,2,0,8:02,8:12,heard,RHWO,0:03,243,1.5,37.5,,,
31,RTM,4/1/2025,71,2,0,8:02,8:12,heard,RBWO,0:49,327,4.4,110,,,
31,RTM,4/1/2025,71,2,0,8:02,8:12,heard,RHWO,1:43,341,5.1,127.5,,,
31,RTM,4/1/2025,71,2,0,8:02,8:12,heard,CACH,0:25,30,1.8,45,,,
31,RTM,4/1/2025,71,2,0,8:02,8:12,heard,CAWR,1:15,27,6.3,157.5,,,
31,RTM,4/1/2025,71,2,0,8:02,8:12,heard,RBWO,4:02,65,7.3,182.5,,,
31,EM,4/8/2025,57,0,2,8:34,8:44,heard,GCFL,0:35,311,1.2,30,,,
31,EM,4/8/2025,57,0,2,8:34,8:44,heard,CAWR,9:09,342,1.9,46.25,,,
31,EM,4/8/2025,57,0,2,8:34,8:44,heard,RBWO,3:49,83,2.8,68.75,,,
31,EM,4/8/2025,57,0,2,8:34,8:44,heard,GCFL,2:22,128,1.5,37.5,,,
32,RTM,4/3/2025,77,0,1,8:01,8:11,heard,RBWO,8:37,229,5.5,137.5,,,
32,RTM,4/3/2025,77,0,1,8:01,8:11,heard,BHNU,1:17,298,1.7,42.5,,,
32,RTM,4/3/2025,77,0,1,8:01,8:11,heard,RHWO,0:15,280,6.7,167.5,,,
32,RTM,4/3/2025,77,0,1,8:01,8:11,heard,DOWO,4:03,328,2.2,55,,,
32,RTM,4/3/2025,77,0,1,8:01,8:11,heard,CACH,1:27,309,6.7,167.5,,,
32,RTM,4/3/2025,77,0,1,8:01,8:11,heard,CAWR,0:48,337,5.4,135,,,
32,RTM,4/3/2025,77,0,1,8:01,8:11,heard,GCFL,5:01,330,6.5,162.5,,,
32,RTM,4/3/2025,77,0,1,8:01,8:11,heard,TUTI,0:50,355,7.2,180,,,
32,RTM,4/3/2025,77,0,1,8:01,8:11,heard,RHWO,0:29,38,5.0,125,,,
32,RTM,4/3/2025,77,0,1,8:01,8:11,visual,RHWO,1:59,64,6.7,167.5,,,
32,RTM,4/3/2025,77,0,1,8:01,8:11,heard,RHWO,0:02,116,4.6,115,,,
32,RTM,4/3/2025,77,0,1,8:01,8:11,heard,DOWO,3:39,131,3.7,92.5,,,
32,RTM,4/8/2025,57,0,2,9:33,9:43,visual,RHWO,0:20,220,1.8,43.75,,,
32,RTM,4/8/2025,57,0,2,9:33,9:43,heard,DOWO,0:08,324,1.8,45,,,
32,RTM,4/8/2025,57,0,2,9:33,9:43,heard,RHWO,7:00,302,6.8,170,,,
32,RTM,4/8/2025,57,0,2,9:33,9:43,heard,BHNU,5:20,330,5.6,140,,,
32,RTM,4/8/2025,57,0,2,9:33,9:43,heard,WBNU,5:07,28,8.7,217.5,,,
32,RTM,4/8/2025,57,0,2,9:33,9:43,heard,RHWO,1:07,39,7.6,190,,,
32,RTM,4/8/2025,57,0,2,9:33,9:43,heard,RBWO,7:38,48,6.7,167.5,,,
32,RTM,4/8/2025,57,0,2,9:33,9:43,heard,CACH,5:39,49,7.9,197.5,,,
32,RTM,4/8/2025,57,0,2,9:33,9:43,heard,RHWO,1:01,71,7.1,177.5,,,
32,RTM,4/8/2025,57,0,2,9:33,9:43,heard,WBNU,8:47,104,6.3,157.5,,,
32,RTM,4/8/2025,57,0,2,9:33,9:43,heard,TUTI,3:29,138,7.6,190,,,
32,RTM,4/8/2025,57,0,2,9:33,9:43,heard,BHNU,2:51,114,3.7,92.5,,,
32,EM,4/29/2025,84,1,3,11:30,11:40,heard,CACH,1:49,232,1.7,42.5,,,
32,EM,4/29/2025,84,1,3,11:30,11:40,heard,CACH,1:49,232,1.7,42.5,,,
32,EM,4/29/2025,84,1,3,11:30,11:40,heard,BHNU,1:18,319,1.2,30,,,
32,EM,4/29/2025,84,1,3,11:30,11:40,heard,CAWR,8:16,324,2.4,60,,,
32,EM,4/29/2025,84,1,3,11:30,11:40,heard,RCWO,4:09,351,1.9,47.5,,,
32,EM,4/29/2025,84,1,3,11:30,11:40,heard,GCFL,9:45,110,1.6,38.75,,,
32,EM,4/29/2025,84,1,3,11:30,11:40,heard,RBWO,0:05,143,2.1,52.5,,,
1,EM,5/6/2025,72,2,1,10:23,10:33,heard,EABL,2:28,205,3.3,82.5,,,
1,EM,5/6/2025,72,2,1,10:23,10:33,heard,RBWO,3:21,212,1.5,37.5,,,
1,EM,5/6/2025,72,2,1,10:23,10:33,heard,RBWO,0:33,343,5.1,127.5,,,
1,EM,5/6/2025,72,2,1,10:23,10:33,heard,TUTI,0:23,9,3.3,82.5,,,
1,EM,5/6/2025,72,2,1,10:23,10:33,heard,CAWR,8:27,35,3.4,85,,,
1,EM,5/6/2025,72,2,1,10:23,10:33,heard,BASP,8:27,47,2.5,62.5,,,
1,EM,5/6/2025,72,2,1,10:23,10:33,heard,RBWO,6:06,63,4.1,102.5,,,
1,EM,5/6/2025,72,2,1,10:23,10:33,heard,TUTI,0:23,88,2.3,57.5,,,
2,EM,5/6/2025,71,2,2,9:55,10:05,heard,BASP,5:37,310,5.3,132.5,,,
2,EM,5/6/2025,71,2,2,9:55,10:05,heard,PIWO,3:33,350,6.5,162.5,,,
2,EM,5/6/2025,71,2,2,9:55,10:05,heard,BASP,0:16,52,2.7,67.5,,,
2,EM,5/6/2025,71,2,2,9:55,10:05,heard,CAWR,9:49,75,2.8,70,,,
2,EM,5/6/2025,71,2,2,9:55,10:05,heard,EABL,6:34,87,4.8,120,,,
2,EM,5/6/2025,71,2,2,9:55,10:05,heard,RHWO,1:55,119,3.6,90,,,
2,EM,5/6/2025,71,2,2,9:55,10:05,heard,TUTI,9:29,118,5.4,135,,,
2,EM,5/6/2025,71,2,2,9:55,10:05,heard,GCFL,8:03,141,3.8,95,,,
3,EM,5/6/2025,69,2,0,9:13,9:23,heard,CACH,7:53,245,3.2,80,,,
3,EM,5/6/2025,69,2,0,9:13,9:23,heard,BASP,0:22,270,3.5,87.5,,,
3,EM,5/6/2025,69,2,0,9:13,9:23,heard,TUTI,9:43,315,2.8,70,,,
3,EM,5/6/2025,69,2,0,9:13,9:23,heard,CAWR,1:03,339,3.4,85,,,
3,EM,5/6/2025,69,2,0,9:13,9:23,heard,TUTI,7:26,3,3.3,82.5,,,
3,EM,5/6/2025,69,2,0,9:13,9:23,heard,RBWO,8:43,4,6.9,172.5,,,
3,EM,5/6/2025,69,2,0,9:13,9:23,heard,TUTI,1:24,35,3.9,97.5,,,
3,EM,5/6/2025,69,2,0,9:13,9:23,heard,BASP,0:34,60,3.0,75,,,
3,EM,5/6/2025,69,2,0,9:13,9:23,heard,RBWO,1:40,145,4.6,115,,,
4,EM,5/6/2025,72,2,2,10:54,11:04,visual,NOFL,1:58,319,0.5,12.5,,,
4,EM,5/6/2025,72,2,2,10:54,11:04,visual,BHNU,3:08,319,0.5,12.5,,,
4,EM,5/6/2025,72,2,2,10:54,11:04,heard,WBNU,4:23,258,4.3,107.5,,,
4,EM,5/6/2025,72,2,2,10:54,11:04,heard,TUTI,5:07,299,3.6,90,,,
4,EM,5/6/2025,72,2,2,10:54,11:04,heard,GCFL,0:17,331,2.5,62.5,,,
4,EM,5/6/2025,72,2,2,10:54,11:04,heard,BHNU,1:26,346,3.7,92.5,,,
4,EM,5/6/2025,72,2,2,10:54,11:04,heard,GCFL,0:32,2,4.6,115,,,
4,EM,5/6/2025,72,2,2,10:54,11:04,heard,TUTI,1:17,8,3.1,77.5,,,
4,EM,5/6/2025,72,2,2,10:54,11:04,heard,RHWO,8:54,29,4.3,107.5,,,
4,EM,5/6/2025,72,2,2,10:54,11:04,heard,BASP,1:03,46,3.3,82.5,,,
4,EM,5/6/2025,72,2,2,10:54,11:04,heard,CAWR,7:09,83,2.7,67.5,,,
4,EM,5/6/2025,72,2,2,10:54,11:04,heard,RHWO,9:52,183,2.6,65,,,
4,EM,5/6/2025,72,2,2,10:54,11:04,heard,WBNU,5:59,168,4.5,112.5,,,
5,EM,5/6/2025,68,1,0,8:30,8:40,visual,PIWO,6:36,359,0.1,2.5,,,
5,EM,5/6/2025,68,1,0,8:30,8:40,heard,WBNU,3:28,242,4.9,122.5,,,
5,EM,5/6/2025,68,1,0,8:30,8:40,heard,BASP,8:15,262,1.6,40,,,
5,EM,5/6/2025,68,1,0,8:30,8:40,heard,RHWO,2:50,284,2.2,55,,,
5,EM,5/6/2025,68,1,0,8:30,8:40,heard,NOFL,3:13,269,8.1,202.5,,,
5,EM,5/6/2025,68,1,0,8:30,8:40,heard,RBWO,1:45,293,5.2,130,,,
5,EM,5/6/2025,68,1,0,8:30,8:40,heard,EABL,0:22,313,4.8,120,,,
5,EM,5/6/2025,68,1,0,8:30,8:40,heard,TUTI,5:40,21,3.5,87.5,,,
5,EM,5/6/2025,68,1,0,8:30,8:40,heard,BASP,3:57,52,2.9,72.5,,,
5,EM,5/6/2025,68,1,0,8:30,8:40,heard,RHWO,1:14,139,4.9,122.5,,,
5,EM,5/6/2025,68,1,0,8:30,8:40,heard,GCFL,2:32,315,1.8,45,,,
6,EM,5/6/2025,61,2,0,7:23,7:33,heard,CAWR,0:55,233,3.5,87.5,,,
6,EM,5/6/2025,61,2,0,7:23,7:33,heard,GCFL,4:02,302,3.4,85,,,
6,EM,5/6/2025,61,2,0,7:23,7:33,heard,EABL,5:59,326,3.6,90,,,
6,EM,5/6/2025,61,2,0,7:23,7:33,heard,RHWO,2:47,344,2.4,60,,,
6,EM,5/6/2025,61,2,0,7:23,7:33,heard,RHWO,2:47,344,2.4,60,,,
6,EM,5/6/2025,61,2,0,7:23,7:33,heard,WBNU,4:41,50,5.5,137.5,,,
6,EM,5/6/2025,61,2,0,7:23,7:33,heard,RBWO,1:22,69,5.0,125,,,
6,EM,5/6/2025,61,2,0,7:23,7:33,heard,BHNU,0:38,87,3.3,82.5,,,
7,EM,5/6/2025,65,1,0,7:59,8:09,heard,RHWO,1:46,219,4.8,120,,,
7,EM,5/6/2025,65,1,0,7:59,8:09,heard,TUTI,1:23,244,3.4,85,,,
7,EM,5/6/2025,65,1,0,7:59,8:09,heard,BASP,2:22,327,2.6,65,,,
7,EM,5/6/2025,65,1,0,7:59,8:09,heard,RHWO,6:30,352,4.4,110,,,
7,EM,5/6/2025,65,1,0,7:59,8:09,heard,RHWO,6:30,352,4.4,110,,,
7,EM,5/6/2025,65,1,0,7:59,8:09,heard,RHWO,7:22,33,2.1,52.5,,,
7,EM,5/6/2025,65,1,0,7:59,8:09,heard,BASP,0:37,23,4.8,120,,,
7,EM,5/6/2025,65,1,0,7:59,8:09,heard,TUTI,2:01,35,3.6,90,,,
7,EM,5/6/2025,65,1,0,7:59,8:09,heard,RHWO,0:52,87,3.7,92.5,,,
8,RTM,5/8/2025,70,2,0,7:28,7:38,heard,CAWR,6:08,208,3.8,95,,,
8,RTM,5/8/2025,70,2,0,7:28,7:38,heard,RBWO,1:38,242,4.4,110,,,
8,RTM,5/8/2025,70,2,0,7:28,7:38,heard,TUTI,7:34,256,4.7,117.5,,,
8,RTM,5/8/2025,70,2,0,7:28,7:38,heard,BHNU,1:08,275,3.8,95,,,
8,RTM,5/8/2025,70,2,0,7:28,7:38,heard,GCFL,2:45,274,4.5,112.5,,,
8,RTM,5/8/2025,70,2,0,7:28,7:38,heard,WBNU,0:02,311,3.5,87.5,,,
8,RTM,5/8/2025,70,2,0,7:28,7:38,heard,EABL,9:45,336,4.3,107.5,,,
8,RTM,5/8/2025,70,2,0,7:28,7:38,heard,BASP,0:25,49,3.1,77.5,,,
8,RTM,5/8/2025,70,2,0,7:28,7:38,heard,RCWO,5:14,38,5.2,130,,,
8,RTM,5/8/2025,70,2,0,7:28,7:38,heard,RBWO,1:58,57,5.6,140,,,
8,RTM,5/8/2025,70,2,0,7:28,7:38,heard,GCFL,0:40,71,4.6,115,,,
9,RTM,5/8/2025,90,1,0,9:03,9:13,heard,GCFL,3:58,236,5.2,130,,,
9,RTM,5/8/2025,90,1,0,9:03,9:13,heard,CAWR,1:21,257,4.3,107.5,,,
9,RTM,5/8/2025,90,1,0,9:03,9:13,heard,RCWO,8:32,250,2.3,57.5,,,
9,RTM,5/8/2025,90,1,0,9:03,9:13,heard,TUTI,4:01,215,1.3,32.5,,,
9,RTM,5/8/2025,90,1,0,9:03,9:13,heard,DOWO,7:22,309,5.1,127.5,,,
9,RTM,5/8/2025,90,1,0,9:03,9:13,heard,GCFL,8:00,61,2.7,67.5,,,
9,RTM,5/8/2025,90,1,0,9:03,9:13,heard,RCWO,0:17,69,5.6,140,,,
9,RTM,5/8/2025,90,1,0,9:03,9:13,heard,RHWO,7:19,101,6.5,162.5,,,
9,RTM,5/8/2025,90,1,0,9:03,9:13,heard,CAWR,2:31,127,5.6,140,,,
9,RTM,5/8/2025,90,1,0,9:03,9:13,heard,GCFL,9:28,116,3.2,80,,,
9,RTM,5/8/2025,90,1,0,9:03,9:13,heard,DOWO,9:57,126,3.0,75,,,
9,RTM,5/8/2025,90,1,0,9:03,9:13,heard,WBNU,0:01,196,4.4,110,,,
10,RTM,5/8/2025,76,2,0,8:36,8:46,heard,CAWR,4:28,278,7.5,187.5,,,
10,RTM,5/8/2025,76,2,0,8:36,8:46,heard,BASP,0:29,209,5.0,125,,,
10,RTM,5/8/2025,76,2,0,8:36,8:46,heard,GCFL,1:51,166,1.8,45,,,
10,RTM,5/8/2025,76,2,0,8:36,8:46,heard,GCFL,2:44,157,3.0,75,,,
10,RTM,5/8/2025,76,2,0,8:36,8:46,heard,CAWR,3:39,174,7.7,192.5,,,
10,RTM,5/8/2025,76,2,0,8:36,8:46,heard,NOFL,5:41,170,9.0,225,,,
10,RTM,5/8/2025,76,2,0,8:36,8:46,heard,RCWO,6:59,131,5.1,127.5,,,
10,RTM,5/8/2025,76,2,0,8:36,8:46,heard,RCWO,6:59,131,5.1,127.5,,,
10,RTM,5/8/2025,76,2,0,8:36,8:46,heard,BHNU,0:20,121,5.4,135,,,
10,RTM,5/8/2025,76,2,0,8:36,8:46,heard,CAWR,0:05,114,7.4,185,,,
10,RTM,5/8/2025,76,2,0,8:36,8:46,heard,EABL,8:01,99,7.4,185,,,
10,RTM,5/8/2025,76,2,0,8:36,8:46,heard,CAWR,0:47,70,7.4,185,,,
11,RTM,5/8/2025,78,2,0,8:12,8:22,heard,TUTI,3:31,256,7.0,175,,,
11,RTM,5/8/2025,78,2,0,8:12,8:22,heard,BASP,4:13,309,3.4,85,,,
11,RTM,5/8/2025,78,2,0,8:12,8:22,heard,RHWO,5:40,333,5.9,147.5,,,
11,RTM,5/8/2025,78,2,0,8:12,8:22,heard,RHWO,0:21,344,5.6,140,,,
11,RTM,5/8/2025,78,2,0,8:12,8:22,heard,CAWR,0:36,34,5.0,125,,,
11,RTM,5/8/2025,78,2,0,8:12,8:22,heard,GCFL,2:38,51,3.2,80,,,
11,RTM,5/8/2025,78,2,0,8:12,8:22,heard,WBNU,9:51,157,5.0,125,,,
11,RTM,5/8/2025,78,2,0,8:12,8:22,heard,CAWR,3:20,140,6.3,157.5,,,
11,RTM,5/8/2025,78,2,0,8:12,8:22,heard,RBWO,7:56,167,8.3,207.5,,,
11,RTM,5/8/2025,78,2,0,8:12,8:22,heard,TUTI,0:05,182,6.6,165,,,
12,RTM,5/8/2025,89,1,0,9:42,9:52,heard,GCFL,1:20,308,4.2,105,,,
12,RTM,5/8/2025,89,1,0,9:42,9:52,heard,CAWR,4:50,312,6.2,155,,,
12,RTM,5/8/2025,89,1,0,9:42,9:52,heard,TUTI,0:37,16,3.2,80,,,
12,RTM,5/8/2025,89,1,0,9:42,9:52,heard,GCFL,9:02,12,6.2,155,,,
12,RTM,5/8/2025,89,1,0,9:42,9:52,heard,RHWO,0:20,35,5.0,125,,,
12,RTM,5/8/2025,89,1,0,9:42,9:52,heard,RCWO,1:25,178,1.1,27.5,,,
12,RTM,5/8/2025,89,1,0,9:42,9:52,heard,WBNU,1:40,81,4.2,105,,,
12,RTM,5/8/2025,89,1,0,9:42,9:52,heard,RBWO,3:09,75,5.6,140,,,
12,RTM,5/8/2025,89,1,0,9:42,9:52,heard,PIWO,5:09,153,7.5,187.5,,,
12,RTM,5/8/2025,89,1,0,9:42,9:52,heard,CAWR,0:29,185,6.5,162.5,,,
13,EM,5/8/2025,70,2,0,7:21,7:31,heard,PIWO,3:26,337,5.1,127.5,,,
13,EM,5/8/2025,70,2,0,7:21,7:31,heard,NOFL,2:32,353,5.1,127.5,,,
13,EM,5/8/2025,70,2,0,7:21,7:31,heard,RBWO,1:21,5,3.7,92.5,,,
13,EM,5/8/2025,70,2,0,7:21,7:31,heard,RCWO,1:38,350,1.7,42.5,,,
13,EM,5/8/2025,70,2,0,7:21,7:31,heard,RBWO,8:12,266,0.4,10,,,
13,EM,5/8/2025,70,2,0,7:21,7:31,heard,RBWO,2:09,230,3.2,80,,,
13,EM,5/8/2025,70,2,0,7:21,7:31,heard,GCFL,0:21,46,1.6,40,,,
13,EM,5/8/2025,70,2,0,7:21,7:31,heard,BHNU,1:20,60,4.6,115,,,
14,RTM,5/8/2025,95,1,0,10:50,11:00,heard,TUTI,2:58,343,8.4,210,,,
14,RTM,5/8/2025,95,1,0,10:50,11:00,heard,GCFL,3:09,10,7.1,177.5,,,
14,RTM,5/8/2025,95,1,0,10:50,11:00,heard,TUTI,1:31,46,9.0,225,,,
14,RTM,5/8/2025,95,1,0,10:50,11:00,heard,CAWR,6:20,118,7.1,177.5,,,
14,RTM,5/8/2025,95,1,0,10:50,11:00,heard,CAWR,5:54,150,9.4,235,,,
14,RTM,5/8/2025,95,1,0,10:50,11:00,heard,CAWR,8:07,175,2.2,55,,,
14,RTM,5/8/2025,95,1,0,10:50,11:00,heard,RBWO,4:33,183,6.4,160,,,
14,RTM,5/8/2025,95,1,0,10:50,11:00,heard,GCFL,2:14,230,3.7,92.5,,,
14,RTM,5/8/2025,95,1,0,10:50,11:00,heard,RHWO,3:48,216,7.6,190,,,
14,RTM,5/8/2025,95,1,0,10:50,11:00,heard,TUTI,1:12,230,9.2,230,,,
15,EM,5/15/2025,82,1,2,9:56,10:06,heard,RBWO,2:17,3,3.7,92.5,,,
15,EM,5/15/2025,82,1,2,9:56,10:06,heard,TUTI,1:00,13,2.6,65,,,
15,EM,5/15/2025,82,1,2,9:56,10:06,heard,CAWR,3:10,48,1.5,37.5,,,
15,EM,5/15/2025,82,1,2,9:56,10:06,heard,RBWO,2:41,175,1.7,42.5,,,
15,EM,5/15/2025,82,1,2,9:56,10:06,heard,TUTI,9:00,138,3.7,92.5,,,
16,RTM,5/7/2025,70,2,1,8:32,8:42,heard,GCFL,3:45,231,3.8,95,,,
16,RTM,5/7/2025,70,2,1,8:32,8:42,heard,RHWO,0:35,38,7.4,185,,,
16,RTM,5/7/2025,70,2,1,8:32,8:42,heard,TUTI,0:50,90,7.7,192.5,,,
16,RTM,5/7/2025,70,2,1,8:32,8:42,heard,RBWO,3:10,155,5.6,140,,,
17,RTM,5/7/2025,68,2,0,7:57,8:07,heard,RBWO,3:40,290,6.5,162.5,,,
17,RTM,5/7/2025,68,2,0,7:57,8:07,heard,CAWR,9:57,294,8.7,217.5,,,
17,RTM,5/7/2025,68,2,0,7:57,8:07,heard,GCFL,0:34,312,6.2,155,,,
17,RTM,5/7/2025,68,2,0,7:57,8:07,heard,TUTI,7:39,310,8.8,220,,,
17,RTM,5/7/2025,68,2,0,7:57,8:07,heard,EABL,9:50,44,5.1,127.5,,,
17,RTM,5/7/2025,68,2,0,7:57,8:07,heard,RBWO,6:32,71,8.3,207.5,,,
17,RTM,5/7/2025,68,2,0,7:57,8:07,heard,BHNU,7:08,94,3.3,82.5,,,
17,RTM,5/7/2025,68,2,0,7:57,8:07,heard,RBWO,2:59,179,3.7,92.5,,,
18,EM,5/7/2025,73,1,1,9:02,9:12,heard,RBWO,0:35,251,5.4,135,,,
18,EM,5/7/2025,73,1,1,9:02,9:12,heard,NOFL,7:00,253,3.4,85,,,
18,EM,5/7/2025,73,1,1,9:02,9:12,heard,RCWO,3:02,276,5.4,135,,,
18,EM,5/7/2025,73,1,1,9:02,9:12,heard,BASP,7:31,311,1.7,42.5,,,
18,EM,5/7/2025,73,1,1,9:02,9:12,heard,RBWO,2:06,320,4.4,110,,,
18,EM,5/7/2025,73,1,1,9:02,9:12,heard,NOFL,4:12,360,5.2,130,,,
18,EM,5/7/2025,73,1,1,9:02,9:12,heard,RBWO,0:46,48,2.5,62.5,,,
18,EM,5/7/2025,73,1,1,9:02,9:12,heard,CAWR,1:09,141,3.3,82.5,,,
18,EM,5/7/2025,73,1,1,9:02,9:12,heard,RBWO,6:09,124,4.3,107.5,,,
19,RTM,5/7/2025,68,2,1,7:32,7:42,heard,RHWO,0:58,330,7.0,175,,,
19,RTM,5/7/2025,68,2,1,7:32,7:42,heard,RHWO,6:01,21,6.4,160,,,
19,RTM,5/7/2025,68,2,1,7:32,7:42,heard,CAWR,0:25,66,4.3,107.5,,,
19,RTM,5/7/2025,68,2,1,7:32,7:42,heard,BASP,,301,9.6,240,,,
19,RTM,5/7/2025,68,2,1,7:32,7:42,heard,RBWO,3:35,78,8.4,210,,,
19,RTM,5/7/2025,68,2,1,7:32,7:42,heard,PIWO,6:55,97,8.5,212.5,,,
19,RTM,5/7/2025,68,2,1,7:32,7:42,heard,RHWO,1:57,123,6.6,165,,,
19,RTM,5/7/2025,68,2,1,7:32,7:42,heard,RBWO,1:31,190,5.7,142.5,,,
19,RTM,5/7/2025,68,2,1,7:32,7:42,heard,CAWR,2:19,225,7.6,190,,,
20,EM,5/7/2025,74,2,0,9:35,9:45,heard,TUTI,7:19,249,2.4,60,,,
20,EM,5/7/2025,74,2,0,9:35,9:45,heard,CACH,5:16,275,2.5,62.5,,,
20,EM,5/7/2025,74,2,0,9:35,9:45,heard,CAWR,2:07,301,4.5,112.5,,,
20,EM,5/7/2025,74,2,0,9:35,9:45,heard,PIWO,4:44,88,8.6,215,,,
20,EM,5/7/2025,74,2,0,9:35,9:45,heard,RBWO,0:53,177,7.2,180,,,
21,EM,5/7/2025,76,2,2,10:10,10:20,heard,TUTI,6:23,293,4.9,122.5,,,
21,EM,5/7/2025,76,2,2,10:10,10:20,heard,CAWR,9:19,337,2.8,70,,,
22,EM,5/7/2025,70,2,0,8:32,8:42,heard,DOWO,2:38,269,1.1,27.5,,,
22,EM,5/7/2025,70,2,0,8:32,8:42,heard,BASP,6:38,307,3.1,77.5,,,
22,EM,5/7/2025,70,2,0,8:32,8:42,heard,RBWO,5:34,335,2.3,57.5,,,
22,EM,5/7/2025,70,2,0,8:32,8:42,heard,TUTI,4:17,355,3.4,85,,,
22,EM,5/7/2025,70,2,0,8:32,8:42,heard,GCFL,3:25,78,1.5,37.5,,,
22,EM,5/7/2025,70,2,0,8:32,8:42,heard,BASP,6:25,60,3.1,77.5,,,
22,EM,5/7/2025,70,2,0,8:32,8:42,heard,RHWO,5:04,125,5.2,130,,,
22,EM,5/7/2025,70,2,0,8:32,8:42,heard,NOFL,8:25,130,6.8,170,,,
23,EM,5/7/2025,68,2,0,8:00,8:10,heard,RBWO,2:31,246,6.9,172.5,,,
23,EM,5/7/2025,68,2,0,8:00,8:10,heard,RBWO,0:10,240,4.4,110,,,
23,EM,5/7/2025,68,2,0,8:00,8:10,heard,PIWO,0:05,5,4.7,117.5,,,
23,EM,5/7/2025,68,2,0,8:00,8:10,heard,RHWO,8:25,30,2.5,62.5,,,
23,EM,5/7/2025,68,2,0,8:00,8:10,heard,CAWR,0:57,49,3.3,82.5,,,
23,EM,5/7/2025,68,2,0,8:00,8:10,heard,RHWO,0:01,125,4.2,105,,,
23,EM,5/7/2025,68,2,0,8:00,8:10,heard,RBWO,9:02,155,4.5,112.5,,,
23,EM,5/7/2025,68,2,0,8:00,8:10,heard,PIWO,1:27,124,9.1,227.5,,,
24,RTM,5/9/2025,76,2,0,7:56,8:06,heard,RBWO,3:32,203,5.7,142.5,,,
24,RTM,5/9/2025,76,2,0,7:56,8:06,heard,EABL,9:37,248,5.4,135,,,
24,RTM,5/9/2025,76,2,0,7:56,8:06,heard,CAWR,4:55,257,3.8,95,,,
24,RTM,5/9/2025,76,2,0,7:56,8:06,heard,TUTI,0:12,309,3.8,95,,,
24,RTM,5/9/2025,76,2,0,7:56,8:06,heard,TUTI,0:17,34,5.7,142.5,,,
24,RTM,5/9/2025,76,2,0,7:56,8:06,heard,RBWO,1:04,46,5.2,130,,,
24,RTM,5/9/2025,76,2,0,7:56,8:06,heard,GCFL,0:03,63,1.5,37.5,,,
24,RTM,5/9/2025,76,2,0,7:56,8:06,heard,CAWR,0:35,83,3.1,77.5,,,
25,RTM,5/9/2025,77,2,0,8:41,8:51,heard,GCFL,2:37,233,1.2,30,,,
25,RTM,5/9/2025,77,2,0,8:41,8:51,heard,TUTI,3:29,224,5.1,127.5,,,
25,RTM,5/9/2025,77,2,0,8:41,8:51,heard,PIWO,0:01,279,5.1,127.5,,,
25,RTM,5/9/2025,77,2,0,8:41,8:51,heard,CAWR,9:32,310,3.8,95,,,
25,RTM,5/9/2025,77,2,0,8:41,8:51,heard,RCWO,0:14,324,3.8,95,,,
25,RTM,5/9/2025,77,2,0,8:41,8:51,heard,PIWO,4:10,332,7.0,175,,,
25,RTM,5/9/2025,77,2,0,8:41,8:51,heard,EABL,0:54,353,5.7,142.5,,,
25,RTM,5/9/2025,77,2,0,8:41,8:51,heard,CAWR,2:56,41,5.5,137.5,,,
25,RTM,5/9/2025,77,2,0,8:41,8:51,heard,RCWO,5:41,49,3.4,85,,,
25,RTM,5/9/2025,77,2,0,8:41,8:51,heard,WBNU,2:58,125,5.6,140,,,
25,RTM,5/9/2025,77,2,0,8:41,8:51,heard,RHWO,0:13,158,4.3,107.5,,,
26,RTM,5/10/2025,70,2,1,7:29,7:39,heard,CAWR,8:32,240,5.4,135,,,
26,RTM,5/10/2025,70,2,1,7:29,7:39,heard,GCFL,5:22,335,6.9,172.5,,,
26,RTM,5/10/2025,70,2,1,7:29,7:39,heard,CAWR,0:47,337,7.6,190,,,
26,RTM,5/10/2025,70,2,1,7:29,7:39,heard,EABL,9:48,102,5.3,132.5,,,
26,RTM,5/10/2025,70,2,1,7:29,7:39,heard,RBWO,1:53,138,9.4,235,,,
27,RTM,5/9/2025,72,2,0,7:30,7:40,heard,DOWO,7:25,15,1.1,27.5,,,
27,RTM,5/9/2025,72,2,0,7:30,7:40,heard,CACH,1:03,64,3.0,75,,,
27,RTM,5/9/2025,72,2,0,7:30,7:40,heard,CAWR,2:43,61,6.9,172.5,,,
27,RTM,5/9/2025,72,2,0,7:30,7:40,heard,GCFL,0:28,120,3.5,87.5,,,
27,RTM,5/9/2025,72,2,0,7:30,7:40,heard,RBWO,9:37,124,6.5,162.5,,,
27,RTM,5/9/2025,72,2,0,7:30,7:40,heard,TUTI,4:15,134,6.5,162.5,,,
27,RTM,5/9/2025,72,2,0,7:30,7:40,heard,WBNU,7:50,138,7.7,192.5,,,
28,RTM,5/6/2025,66,0,0,8:14,8:24,heard,TUTI,8:37,230,2.8,70,,,
28,RTM,5/6/2025,66,0,0,8:14,8:24,heard,GCFL,0:05,225,3.2,80,,,
28,RTM,5/6/2025,66,0,0,8:14,8:24,heard,RHWO,2:09,246,3.8,95,,,
28,RTM,5/6/2025,66,0,0,8:14,8:24,heard,RHWO,0:27,270,1.7,42.5,,,
28,RTM,5/6/2025,66,0,0,8:14,8:24,heard,CAWR,0:06,7,1.7,42.5,,,
28,RTM,5/6/2025,66,0,0,8:14,8:24,heard,RHWO,0:25,60,6.4,160,,,
28,RTM,5/6/2025,66,0,0,8:14,8:24,heard,RBWO,4:33,91,5.4,135,,,
28,RTM,5/6/2025,66,0,0,8:14,8:24,heard,BHNU,0:01,120,1.7,42.5,,,
28,RTM,5/6/2025,66,0,0,8:14,8:24,heard,RCWO,7:41,133,4.3,107.5,,,
29,RTM,5/6/2025,68,1,0,8:55,9:05,heard,TUTI,7:01,218,5.6,140,,,
29,RTM,5/6/2025,68,1,0,8:55,9:05,visual,RBWO,0:01,243,1.5,37.5,,,
29,RTM,5/6/2025,68,1,0,8:55,9:05,heard,PIWO,0:56,265,6.3,157.5,,,
29,RTM,5/6/2025,68,1,0,8:55,9:05,heard,RBWO,9:55,3,7.6,190,,,
29,RTM,5/6/2025,68,1,0,8:55,9:05,heard,TUTI,4:05,20,6.9,172.5,,,
29,RTM,5/6/2025,68,1,0,8:55,9:05,heard,TUTI,8:45,90,4.5,112.5,,,
29,RTM,5/6/2025,68,1,0,8:55,9:05,heard,CAWR,2:21,137,6.3,157.5,,,
30,RTM,5/6/2025,65,1,0,7:53,8:03,heard,DOWO,3:01,238,1.5,37.5,,,
30,RTM,5/6/2025,65,1,0,7:53,8:03,heard,TUTI,0:50,252,6.3,157.5,,,
30,RTM,5/6/2025,65,1,0,7:53,8:03,heard,CAWR,3:38,275,4.9,122.5,,,
30,RTM,5/6/2025,65,1,0,7:53,8:03,heard,PIWO,4:14,283,8.7,217.5,,,
30,RTM,5/6/2025,65,1,0,7:53,8:03,heard,RBWO,0:35,294,8.3,207.5,,,
30,RTM,5/6/2025,65,1,0,7:53,8:03,heard,TUTI,0:03,318,3.7,92.5,,,
30,RTM,5/6/2025,65,1,0,7:53,8:03,heard,CAWR,0:08,2,2.3,57.5,,,
30,RTM,5/6/2025,65,1,0,7:53,8:03,heard,RHWO,9:24,22,4.8,120,,,
30,RTM,5/6/2025,65,1,0,7:53,8:03,heard,GCFL,8:05,21,7.3,182.5,,,
30,RTM,5/6/2025,65,1,0,7:53,8:03,heard,RBWO,0:58,33,7.0,175,,,
30,RTM,5/6/2025,65,1,0,7:53,8:03,heard,EABL,2:12,60,5.2,130,,,
30,RTM,5/6/2025,65,1,0,7:53,8:03,heard,CAWR,8:29,69,6.4,160,,,
30,RTM,5/6/2025,65,1,0,7:53,8:03,heard,RBWO,0:25,113,8.5,212.5,,,
30,RTM,5/6/2025,65,1,0,7:53,8:03,visual,DOWO,3:20,197,2.0,50,,,
31,RTM,5/6/2025,62,1,0,7:20,7:30,heard,GCFL,0:59,294,7.7,192.5,,,
31,RTM,5/6/2025,62,1,0,7:20,7:30,heard,NOFL,2:08,34,8.4,210,,,
31,RTM,5/6/2025,62,1,0,7:20,7:30,heard,RBWO,4:18,89,7.1,177.5,,,
31,RTM,5/6/2025,62,1,0,7:20,7:30,heard,GCFL,0:35,95,7.2,180,,,
32,RTM,5/10/2025,70,2,1,7:52,8:02,heard,RBWO,7:31,215,7.1,177.5,,,
32,RTM,5/10/2025,70,2,1,7:52,8:02,heard,CAWR,2:25,227,5.7,142.5,,,
32,RTM,5/10/2025,70,2,1,7:52,8:02,heard,CACH,5:07,240,1.7,42.5,,,
32,RTM,5/10/2025,70,2,1,7:52,8:02,visual,RHWO,0:39,255,1.6,40,,,
32,RTM,5/10/2025,70,2,1,7:52,8:02,heard,RHWO,0:39,264,1.5,37.5,,,
32,RTM,5/10/2025,70,2,1,7:52,8:02,heard,WBNU,0:27,238,5.8,145,,,
32,RTM,5/10/2025,70,2,1,7:52,8:02,heard,RBWO,0:16,251,4.8,120,,,
32,RTM,5/10/2025,70,2,1,7:52,8:02,heard,RBWO,4:54,300,5.6,140,,,
32,RTM,5/10/2025,70,2,1,7:52,8:02,heard,PIWO,1:43,310,6.9,172.5,,,
32,RTM,5/10/2025,70,2,1,7:52,8:02,heard,CAWR,4:45,338,5.6,140,,,
32,RTM,5/10/2025,70,2,1,7:52,8:02,heard,CAWR,1:05,43,6.7,167.5,,,
32,RTM,5/10/2025,70,2,1,7:52,8:02,heard,BHNU,1:50,59,2.3,57.5,,,
32,RTM,5/10/2025,70,2,1,7:52,8:02,heard,GCFL,0:05,67,4.8,120,,,
32,RTM,5/10/2025,70,2,1,7:52,8:02,heard,GCFL,8:08,79,5.7,142.5,,,
32,RTM,5/10/2025,70,2,1,7:52,8:02,heard,CAWR,3:20,118,7.2,180,,,
32,RTM,5/10/2025,70,2,1,7:52,8:02,heard,GCFL,1:31,142,7.7,192.5,,,
32,RTM,5/10/2025,70,2,1,7:52,8:02,heard,CAWR,2:50,158,7.7,192.5,,,
1,EM,5/21/2025,77,2,0,8:00,8:10,heard,GCFL,9:42,309,3.6,90,,,
1,EM,5/21/2025,77,2,0,8:00,8:10,heard,BASP,0:31,325,4.5,112.5,,,
1,EM,5/21/2025,77,2,0,8:00,8:10,heard,CAWR,0:10,2,2.4,60,,,
1,EM,5/21/2025,77,2,0,8:00,8:10,heard,BASP,0:44,20,3.7,92.5,,,
1,EM,5/21/2025,77,2,0,8:00,8:10,heard,TUTI,9:17,18,5.7,142.5,,,
2,EM,5/21/2025,79,2,3,8:29,8:39,heard,GCFL,0:45,331,2.3,57.5,,,
2,EM,5/21/2025,79,2,3,8:29,8:39,heard,BASP,2:37,34,5.5,137.5,,,
2,EM,5/21/2025,79,2,3,8:29,8:39,heard,BHNU,0:23,72,3.0,75,,,
3,EM,5/21/2025,83,2,3,9:20,9:30,heard,GCFL,7:15,190,1.8,45,,,
3,EM,5/21/2025,83,2,3,9:20,9:30,heard,BASP,0:05,237,1.2,30,,,
3,EM,5/21/2025,83,2,3,9:20,9:30,heard,BASP,0:20,343,1.7,42.5,,,
3,EM,5/21/2025,83,2,3,9:20,9:30,heard,TUTI,2:27,24,4.9,122.5,,,
3,EM,5/21/2025,83,2,3,9:20,9:30,heard,BASP,0:31,64,2.2,55,,,
4,EM,5/21/2025,76,2,0,7:31,7:41,heard,WBNU,5:13,316,3.2,80,,,
4,EM,5/21/2025,76,2,0,7:31,7:41,heard,PIWO,8:44,330,7.1,177.5,,,
4,EM,5/21/2025,76,2,0,7:31,7:41,heard,CAWR,8:07,15,2.3,57.5,,,
4,EM,5/21/2025,76,2,0,7:31,7:41,heard,BASP,3:08,47,1.0,25,,,
4,EM,5/21/2025,76,2,0,7:31,7:41,heard,BHNU,0:25,97,1.8,45,,,
4,EM,5/21/2025,76,2,0,7:31,7:41,heard,WBNU,0:59,126,2.3,57.5,,,
4,EM,5/21/2025,76,2,0,7:31,7:41,heard,RHWO,3:51,126,5.3,132.5,,,
5,EM,5/21/2025,81,2,4,9:50,10:00,heard,CAWR,3:52,221,3.4,85,,,
5,EM,5/21/2025,81,2,4,9:50,10:00,heard,GCFL,1:30,270,3.6,90,,,
5,EM,5/21/2025,81,2,4,9:50,10:00,heard,RBWO,2:36,325,2.0,50,,,
5,EM,5/21/2025,81,2,4,9:50,10:00,heard,RBWO,2:36,325,2.0,50,,,
5,EM,5/21/2025,81,2,4,9:50,10:00,heard,NOFL,2:50,333,4.7,117.5,,,
5,EM,5/21/2025,81,2,4,9:50,10:00,heard,CACH,4:41,6,1.0,25,,,
5,EM,5/21/2025,81,2,4,9:50,10:00,heard,TUTI,0:01,21,2.6,65,,,
5,EM,5/21/2025,81,2,4,9:50,10:00,heard,RBWO,9:35,49,1.9,47.5,,,
5,EM,5/21/2025,81,2,4,9:50,10:00,heard,WBNU,,41,4.4,110,,,
6,RTM,5/21/2025,88,2,1,7:45,7:55,heard,BASP,2:51,227,2.2,55,,,
6,RTM,5/21/2025,88,2,1,7:45,7:55,heard,GCFL,6:27,312,4.2,105,,,
6,RTM,5/21/2025,88,2,1,7:45,7:55,heard,BASP,2:10,3,4.3,107.5,,,
6,RTM,5/21/2025,88,2,1,7:45,7:55,heard,GCFL,8:17,48,5.7,142.5,,,
6,RTM,5/21/2025,88,2,1,7:45,7:55,heard,EABL,0:21,57,5.1,127.5,,,
6,RTM,5/21/2025,88,2,1,7:45,7:55,heard,RBWO,5:08,65,3.6,90,,,
6,RTM,5/21/2025,88,2,1,7:45,7:55,heard,BASP,0:11,99,4.6,115,,,
7,RTM,5/21/2025,84,2,1,7:21,7:31,heard,RHWO,0:15,247,2.2,55,,,
7,RTM,5/21/2025,84,2,1,7:21,7:31,heard,BASP,1:05,255,3.3,82.5,,,
7,RTM,5/21/2025,84,2,1,7:21,7:31,heard,GCFL,1:25,280,1.5,37.5,,,
7,RTM,5/21/2025,84,2,1,7:21,7:31,heard,BASP,0:48,322,3.6,90,,,
7,RTM,5/21/2025,84,2,1,7:21,7:31,heard,RHWO,8:08,20,3.0,75,,,
7,RTM,5/21/2025,84,2,1,7:21,7:31,heard,RHWO,7:55,30,3.3,82.5,,,
7,RTM,5/21/2025,84,2,1,7:21,7:31,heard,RHWO,2:17,114,4.4,110,,,
8,EM,5/22/2025,77,1,1,9:14,9:24,heard,RBWO,3:08,181,2.7,67.5,,,
8,EM,5/22/2025,77,1,1,9:14,9:24,heard,CAWR,4:29,225,1.6,40,,,
8,EM,5/22/2025,77,1,1,9:14,9:24,heard,GCFL,9:50,250,2.1,52.5,,,
8,EM,5/22/2025,77,1,1,9:14,9:24,heard,RBWO,0:01,253,3.1,77.5,,,
8,EM,5/22/2025,77,1,1,9:14,9:24,heard,CACH,7:55,310,1.5,37.5,,,
8,EM,5/22/2025,77,1,1,9:14,9:24,heard,CAWR,3:29,312,2.6,65,,,
8,EM,5/22/2025,77,1,1,9:14,9:24,heard,NOFL,1:52,306,5.0,125,,,
8,EM,5/22/2025,77,1,1,9:14,9:24,heard,RBWO,0:56,337,4.5,112.5,,,
8,EM,5/22/2025,77,1,1,9:14,9:24,heard,BASP,2:34,353,1.7,42.5,,,
8,EM,5/22/2025,77,1,1,9:14,9:24,heard,TUTI,1:06,357,4.4,110,,,
8,EM,5/22/2025,77,1,1,9:14,9:24,heard,BASP,0:41,28,2.1,52.5,,,
8,EM,5/22/2025,77,1,1,9:14,9:24,heard,RBWO,0:05,64,4.6,115,,,
8,EM,5/22/2025,77,1,1,9:14,9:24,heard,NOFL,9:07,60,7.0,175,,,
9,EM,5/22/2025,70,1,1,8:32,8:42,heard,TUTI,0:51,233,4.5,112.5,,,
9,EM,5/22/2025,70,1,1,8:32,8:42,heard,RHWO,9:18,269,4.8,120,,,
9,EM,5/22/2025,70,1,1,8:32,8:42,heard,TUTI,1:33,314,2.7,67.5,,,
9,EM,5/22/2025,70,1,1,8:32,8:42,heard,BASP,5:41,338,2.8,70,,,
9,EM,5/22/2025,70,1,1,8:32,8:42,visual,GCFL,1:14,38,1.3,32.5,,,
9,EM,5/22/2025,70,1,1,8:32,8:42,visual,GCFL,1:14,38,1.3,32.5,,,
9,EM,5/22/2025,70,1,1,8:32,8:42,heard,GCFL,8:56,17,4.2,105,,,
9,EM,5/22/2025,70,1,1,8:32,8:42,heard,BASP,6:16,28,5.1,127.5,,,
9,EM,5/22/2025,70,1,1,8:32,8:42,heard,CAWR,0:05,158,4.6,115,,,
10,EM,5/22/2025,67,1,1,8:05,8:15,heard,GCFL,1:57,220,3.6,90,,,
10,EM,5/22/2025,67,1,1,8:05,8:15,heard,GCFL,1:57,220,3.6,90,,,
10,EM,5/22/2025,67,1,1,8:05,8:15,heard,BASP,3:22,248,3.6,90,,,
10,EM,5/22/2025,67,1,1,8:05,8:15,heard,BASP,0:03,299,1.2,30,,,
10,EM,5/22/2025,67,1,1,8:05,8:15,heard,GCFL,0:54,328,2.9,72.5,,,
10,EM,5/22/2025,67,1,1,8:05,8:15,heard,BHNU,5:29,39,2.5,62.5,,,
10,EM,5/22/2025,67,1,1,8:05,8:15,heard,TUTI,6:13,137,3.0,75,,,
11,EM,5/22/2025,65,1,0,7:42,7:52,heard,CAWR,3:43,295,3.6,90,,,
11,EM,5/22/2025,65,1,0,7:42,7:52,heard,GCFL,9:36,299,4.9,122.5,,,
11,EM,5/22/2025,65,1,0,7:42,7:52,heard,TUTI,5:44,310,4.7,117.5,,,
11,EM,5/22/2025,65,1,0,7:42,7:52,heard,CAWR,3:43,312,3.5,87.5,,,
11,EM,5/22/2025,65,1,0,7:42,7:52,heard,BASP,0:16,358,1.7,42.5,,,
11,EM,5/22/2025,65,1,0,7:42,7:52,heard,WBNU,0:10,360,4.5,113.5,,,
11,EM,5/22/2025,65,1,0,7:42,7:52,heard,CAWR,2:39,60,3.7,92.5,,,
12,RTM,5/22/2025,76,0,0,9:04,9:14,heard,RBWO,2:29,220,3.6,90,,,
12,RTM,5/22/2025,76,0,0,9:04,9:14,heard,BASP,3:41,235,3.4,85,,,
12,RTM,5/22/2025,76,0,0,9:04,9:14,heard,CAWR,1:32,296,3.8,95,,,
12,RTM,5/22/2025,76,0,0,9:04,9:14,heard,EABL,0:29,302,1.5,37.5,,,
12,RTM,5/22/2025,76,0,0,9:04,9:14,heard,CAWR,0:06,360,1.8,45,,,
12,RTM,5/22/2025,76,0,0,9:04,9:14,heard,EABL,0:46,343,1.4,35,,,
12,RTM,5/22/2025,76,0,0,9:04,9:14,heard,BHNU,5:19,351,3.5,87.5,,,
12,RTM,5/22/2025,76,0,0,9:04,9:14,heard,GCFL,6:53,34,2.3,57.5,,,
12,RTM,5/22/2025,76,0,0,9:04,9:14,heard,BASP,4:23,90,5.1,127.5,,,
12,RTM,5/22/2025,76,0,0,9:04,9:14,heard,BASP,8:42,135,4.2,105,,,
13,RTM,5/22/2025,69,0,0,8:09,8:19,heard,CAWR,0:31,235,5.7,142.5,,,
13,RTM,5/22/2025,69,0,0,8:09,8:19,heard,DOWO,6:10,229,1.8,45,,,
13,RTM,5/22/2025,69,0,0,8:09,8:19,heard,TUTI,0:16,269,2.8,70,,,
13,RTM,5/22/2025,69,0,0,8:09,8:19,heard,RBWO,1:52,262,7.8,195,,,
13,RTM,5/22/2025,69,0,0,8:09,8:19,heard,BHNU,1:01,330,1.7,42.5,,,
13,RTM,5/22/2025,69,0,0,8:09,8:19,heard,WBNU,4:35,342,3.4,85,,,
13,RTM,5/22/2025,69,0,0,8:09,8:19,heard,EABL,4:46,332,5.7,142.5,,,
13,RTM,5/22/2025,69,0,0,8:09,8:19,heard,CAWR,0:13,339,7.7,192.5,,,
13,RTM,5/22/2025,69,0,0,8:09,8:19,heard,RHWO,4:59,359,5.6,140,,,
13,RTM,5/22/2025,69,0,0,8:09,8:19,heard,CAWR,3:36,45,4.6,115,,,
13,RTM,5/22/2025,69,0,0,8:09,8:19,heard,WBNU,5:25,73,3.1,77.5,,,
13,RTM,5/22/2025,69,0,0,8:09,8:19,heard,GCFL,2:00,84,5.1,127.5,,,
13,RTM,5/22/2025,69,0,0,8:09,8:19,heard,TUTI,1:46,85,7.5,187.5,,,
13,RTM,5/22/2025,69,0,0,8:09,8:19,heard,RBWO,8:27,94,4.3,107.5,,,
13,RTM,5/22/2025,69,0,0,8:09,8:19,heard,CAWR,0:38,113,7.6,190,,,
14,RTM,5/22/2025,65,1,0,7:21,7:31,heard,GCFL,1:09,215,5.2,130,,,
14,RTM,5/22/2025,65,1,0,7:21,7:31,heard,CAWR,7:36,253,7.7,192.5,,,
14,RTM,5/22/2025,65,1,0,7:21,7:31,heard,RCWO,0:15,267,3.7,92.5,,,
14,RTM,5/22/2025,65,1,0,7:21,7:31,heard,RBWO,1:24,279,3.6,90,,,
14,RTM,5/22/2025,65,1,0,7:21,7:31,heard,GCFL,4:15,305,4.3,107.5,,,
14,RTM,5/22/2025,65,1,0,7:21,7:31,heard,BASP,0:56,306,5.5,137.5,,,
14,RTM,5/22/2025,65,1,0,7:21,7:31,heard,CAWR,5:56,347,7.8,195,,,
14,RTM,5/22/2025,65,1,0,7:21,7:31,heard,CAWR,0:37,40,7.2,180,,,
14,RTM,5/22/2025,65,1,0,7:21,7:31,heard,RHWO,0:04,50,6.2,155,,,
15,EM,5/19/2025,77,1,0,8:57,9:07,heard,GCFL,0:31,13,4.6,115,,,
15,EM,5/19/2025,77,1,0,8:57,9:07,heard,RHWO,1:09,76,2.9,72.5,,,
15,EM,5/19/2025,77,1,0,8:57,9:07,heard,RBWO,5:18,57,7.0,175,,,
16,EM,5/19/2025,83,1,1,9:58,10:08,heard,GCFL,6:26,304,2.5,62.5,,,
16,EM,5/19/2025,83,1,1,9:58,10:08,heard,CAWR,2:46,21,2.7,67.5,,,
17,EM,5/19/2025,72,1,0,7:59,8:09,heard,RHWO,2:11,275,2.5,62.5,,,
17,EM,5/19/2025,72,1,0,7:59,8:09,heard,CAWR,5:30,347,3.2,80,,,
17,EM,5/19/2025,72,1,0,7:59,8:09,heard,NOFL,4:37,132,5.1,127.5,,,
18,RTM,5/19/2025,67,0,0,7:26,7:36,heard,CAWR,3:25,184,2.5,62.5,,,
18,RTM,5/19/2025,67,0,0,7:26,7:36,heard,RHWO,4:48,207,4.7,117.5,,,
18,RTM,5/19/2025,67,0,0,7:26,7:36,heard,TUTI,2:38,229,5.7,142.5,,,
18,RTM,5/19/2025,67,0,0,7:26,7:36,heard,CAWR,5:24,287,6.4,160,,,
18,RTM,5/19/2025,67,0,0,7:26,7:36,heard,TUTI,3:49,311,4.4,110,,,
18,RTM,5/19/2025,67,0,0,7:26,7:36,heard,CAWR,6:45,337,5.8,145,,,
18,RTM,5/19/2025,67,0,0,7:26,7:36,heard,EABL,0:49,335,4.4,110,,,
18,RTM,5/19/2025,67,0,0,7:26,7:36,heard,CAWR,0:20,33,6.9,172.5,,,
18,RTM,5/19/2025,67,0,0,7:26,7:36,heard,CAWR,0:15,64,5.7,142.5,,,
18,RTM,5/19/2025,67,0,0,7:26,7:36,heard,EABL,1:05,53,4.3,107.5,,,
18,RTM,5/19/2025,67,0,0,7:26,7:36,heard,RBWO,2:01,95,6.3,157.5,,,
19,EM,5/19/2025,68,1,0,7:25,7:35,heard,RHWO,9:14,238,3.1,77.5,,,
19,EM,5/19/2025,69,1,0,7:25,7:35,heard,RHWO,9:14,238,3.1,77.5,,,
19,EM,5/19/2025,70,1,0,7:25,7:35,visual,RHWO,2:25,294,0.8,20,,,
19,EM,5/19/2025,71,1,0,7:25,7:35,visual,RHWO,2:25,294,0.8,20,,,
19,EM,5/19/2025,72,1,0,7:25,7:35,heard,RHWO,6:14,324,1.7,42.5,,,
19,EM,5/19/2025,73,1,0,7:25,7:35,heard,BASP,5:40,9,3.6,90,,,
19,EM,5/19/2025,74,1,0,7:25,7:35,heard,CAWR,0:52,49,3.0,75,,,
19,EM,5/19/2025,75,1,0,7:25,7:35,heard,RBWO,3:08,75,6.9,172.5,,,
20,RTM,5/19/2025,87,0,0,9:00,9:10,heard,TUTI,0:01,295,5.7,142.5,,,
20,RTM,5/19/2025,87,0,0,9:00,9:10,heard,RBWO,5:25,34,4.7,117.5,,,
20,RTM,5/19/2025,87,0,0,9:00,9:10,heard,RBWO,8:10,116,7.6,190,,,
21,RTM,5/19/2025,85,0,1,9:21,9:31,heard,RBWO,0:01,275,7.8,195,,,
21,RTM,5/19/2025,87,0,1,9:21,9:31,heard,CAWR,8:21,343,2.9,72.5,,,
21,RTM,5/19/2025,89,0,1,9:21,9:31,heard,CAWR,0:12,23,2.7,67.5,,,
21,RTM,5/19/2025,91,0,1,9:21,9:31,heard,TUTI,0:13,58,3.3,82.5,,,
21,RTM,5/19/2025,93,0,1,9:21,9:31,heard,RBWO,3:10,64,4.7,117.5,,,
22,RTM,5/19/2025,74,0,0,8:12,8:22,visual,RHWO,4:10,246,1.9,47.5,,,
22,RTM,5/19/2025,74,0,0,8:12,8:22,heard,RHWO,0:51,294,4.7,117.5,,,
22,RTM,5/19/2025,74,0,0,8:12,8:22,heard,RBWO,1:11,317,4.7,117.5,,,
22,RTM,5/19/2025,74,0,0,8:12,8:22,heard,CAWR,9:45,329,7.5,187.5,,,
22,RTM,5/19/2025,74,0,0,8:12,8:22,heard,TUTI,0:41,355,4.4,110,,,
22,RTM,5/19/2025,74,0,0,8:12,8:22,heard,CAWR,1:25,64,4.7,117.5,,,
22,RTM,5/19/2025,74,0,0,8:12,8:22,heard,GCFL,2:33,56,5.5,137.5,,,
22,RTM,5/19/2025,74,0,0,8:12,8:22,heard,BASP,,71,7.2,180,,,
22,RTM,5/19/2025,74,0,0,8:12,8:22,heard,BASP,0:34,84,4.3,107.5,,,
22,RTM,5/19/2025,74,0,0,8:12,8:22,heard,RHWO,0:02,125,1.6,40,,,
23,RTM,5/19/2025,79,0,0,8:37,8:47,heard,TUTI,7:12,218,6.6,165,,,
23,RTM,5/19/2025,79,0,0,8:37,8:47,heard,TUTI,1:22,229,2.5,62.5,,,
23,RTM,5/19/2025,79,0,0,8:37,8:47,heard,BHNU,3:03,202,1.0,25,,,
23,RTM,5/19/2025,79,0,0,8:37,8:47,heard,CAWR,1:06,293,3.2,80,,,
23,RTM,5/19/2025,79,0,0,8:37,8:47,heard,RCWO,1:42,336,1.6,40,,,
23,RTM,5/19/2025,79,0,0,8:37,8:47,heard,RHWO,0:55,360,2.3,57.5,,,
23,RTM,5/19/2025,79,0,0,8:37,8:47,heard,TUTI,0:12,40,4.2,105,,,
23,RTM,5/19/2025,79,0,0,8:37,8:47,heard,CAWR,0:13,57,4.6,115,,,
23,RTM,5/19/2025,79,0,0,8:37,8:47,heard,CACH,9:30,124,5.9,147.5,,,
23,RTM,5/19/2025,79,0,0,8:37,8:47,heard,RHWO,8:15,118,5.8,145,,,
23,RTM,5/19/2025,79,0,0,8:37,8:47,heard,RBWO,0:33,164,5.3,132.5,,,
24,RTM,5/18/2025,87,1,0,8:14,8:24,heard,RHWO,8:26,209,7.3,182.5,,,
24,RTM,5/18/2025,87,1,0,8:14,8:24,heard,TUTI,5:55,228,3.0,75,,,
24,RTM,5/18/2025,87,1,0,8:14,8:24,heard,RHWO,1:12,245,3.5,87.5,,,
24,RTM,5/18/2025,87,1,0,8:14,8:24,heard,WBNU,0:30,207,1.3,32.5,,,
24,RTM,5/18/2025,87,1,0,8:14,8:24,heard,CAWR,0:12,304,1.8,45,,,
24,RTM,5/18/2025,87,1,0,8:14,8:24,heard,BASP,7:57,324,5.7,142.5,,,
24,RTM,5/18/2025,87,1,0,8:14,8:24,heard,CAWR,2:01,338,7.2,180,,,
24,RTM,5/18/2025,87,1,0,8:14,8:24,heard,RBWO,4:00,10,5.4,135,,,
24,RTM,5/18/2025,87,1,0,8:14,8:24,heard,TUTI,0:43,43,4.9,122.5,,,
24,RTM,5/18/2025,87,1,0,8:14,8:24,heard,WBNU,0:07,46,2.9,72.5,,,
24,RTM,5/18/2025,87,1,0,8:14,8:24,heard,RBWO,0:02,134,5.2,130,,,
25,RTM,5/18/2025,87,1,1,8:42,8:52,heard,PIWO,4:05,236,6.4,160,,,
25,RTM,5/18/2025,87,1,1,8:42,8:52,heard,BASP,9:15,339,3.5,87.5,,,
25,RTM,5/18/2025,87,1,1,8:42,8:52,heard,BHNU,9:13,354,2.3,57.5,,,
25,RTM,5/18/2025,87,1,1,8:42,8:52,heard,PIWO,9:45,354,7.5,187.5,,,
25,RTM,5/18/2025,87,1,1,8:42,8:52,heard,CAWR,0:20,45,2.8,70,,,
25,RTM,5/18/2025,87,1,1,8:42,8:52,heard,RBWO,0:45,59,2.6,65,,,
25,RTM,5/18/2025,87,1,1,8:42,8:52,heard,RCWO,1:40,79,1.3,32.5,,,
25,RTM,5/18/2025,87,1,1,8:42,8:52,heard,RCWO,0:05,75,3.4,85,,,
25,RTM,5/18/2025,87,1,1,8:42,8:52,heard,GCFL,1:48,113,1.3,32.5,,,
25,RTM,5/18/2025,87,1,1,8:42,8:52,heard,GCFL,1:48,113,1.3,32.5,,,
25,RTM,5/18/2025,87,1,1,8:42,8:52,heard,BHNU,9:32,170,0.8,20,,,
25,RTM,5/18/2025,87,1,1,8:42,8:52,heard,RHWO,2:28,176,2.2,55,,,
25,RTM,5/18/2025,87,1,1,8:42,8:52,heard,RHWO,6:52,187,3.0,75,,,
26,RTM,5/17/2025,74,0,0,7:26,7:36,heard,BHNU,3:34,252,4.7,117.5,,,
26,RTM,5/17/2025,74,0,0,7:26,7:36,heard,CAWR,1:35,345,7.8,195,,,
26,RTM,5/17/2025,74,0,0,7:26,7:36,heard,RBWO,9:09,17,7.6,190,,,
26,RTM,5/17/2025,74,0,0,7:26,7:36,heard,CAWR,2:30,26,8.7,217.5,,,
26,RTM,5/17/2025,74,0,0,7:26,7:36,heard,CAWR,9:01,149,7.8,195,,,
26,RTM,5/17/2025,74,0,0,7:26,7:36,heard,CAWR,8:50,182,7.4,185,,,
27,RTM,5/18/2025,82,2,0,7:47,7:57,heard,RBWO,7:25,129,2.8,70,,,
27,RTM,5/18/2025,82,2,0,7:47,7:57,heard,TUTI,0:08,132,3.7,92.5,,,
27,RTM,5/18/2025,82,2,0,7:47,7:57,heard,RBWO,4:18,135,5.8,145,,,
27,RTM,5/18/2025,82,2,0,7:47,7:57,heard,CAWR,0:02,222,1.5,37.5,,,
27,RTM,5/18/2025,82,2,0,7:47,7:57,heard,RHWO,8:53,230,3.8,95,,,
27,RTM,5/18/2025,82,2,0,7:47,7:57,heard,GCFL,3:52,289,3.8,95,,,
27,RTM,5/18/2025,82,2,0,7:47,7:57,heard,CAWR,1:12,319,5.2,130,,,
28,RTM,5/18/2025,82,2,0,7:24,7:34,heard,RBWO,0:28,216,4.8,120,,,
28,RTM,5/18/2025,82,2,0,7:24,7:34,heard,RBWO,7:29,315,1.5,37.5,,,
28,RTM,5/18/2025,82,2,0,7:24,7:34,heard,WBNU,2:45,342,2.3,57.5,,,
28,RTM,5/18/2025,82,2,0,7:24,7:34,heard,TUTI,4:58,343,3.4,85,,,
28,RTM,5/18/2025,82,2,0,7:24,7:34,heard,RHWO,3:39,12,5.4,135,,,
28,RTM,5/18/2025,82,2,0,7:24,7:34,heard,CAWR,6:55,24,2.8,70,,,
28,RTM,5/18/2025,82,2,0,7:24,7:34,heard,CAWR,0:16,74,4.7,117.5,,,
28,RTM,5/18/2025,82,2,0,7:24,7:34,heard,RHWO,4:22,90,7.4,185,,,
29,RTM,5/17/2025,79,0,0,7:51,8:01,heard,CAWR,4:47,273,4.2,105,,,
29,RTM,5/17/2025,79,0,0,7:51,8:01,heard,WBNU,7:31,320,6.4,160,,,
29,RTM,5/17/2025,79,0,0,7:51,8:01,heard,RHWO,6:25,323,7.5,187.5,,,
29,RTM,5/17/2025,79,0,0,7:51,8:01,heard,TUTI,4:29,340,6.2,155,,,
29,RTM,5/17/2025,79,0,0,7:51,8:01,heard,CAWR,7:31,341,2.2,55,,,
29,RTM,5/17/2025,79,0,0,7:51,8:01,heard,DOWO,3:08,8,2.2,55,,,
29,RTM,5/17/2025,79,0,0,7:51,8:01,heard,RBWO,2:26,10,8.2,205,,,
29,RTM,5/17/2025,79,0,0,7:51,8:01,heard,TUTI,5:07,112,5.6,140,,,
29,RTM,5/17/2025,79,0,0,7:51,8:01,heard,RHWO,0:45,160,4.1,102.5,,,
30,RTM,5/17/2025,85,0,0,9:10,9:20,heard,CAWR,5:54,198,1.3,32.5,,,
30,RTM,5/17/2025,85,0,0,9:10,9:20,heard,TUTI,5:01,222,2.9,72.5,,,
30,RTM,5/17/2025,85,0,0,9:10,9:20,heard,RBWO,0:55,242,2.9,72.5,,,
30,RTM,5/17/2025,85,0,0,9:10,9:20,heard,RHWO,2:35,261,3.0,75,,,
30,RTM,5/17/2025,85,0,0,9:10,9:20,heard,BHNU,8:38,303,0.9,22.5,,,
30,RTM,5/17/2025,85,0,0,9:10,9:20,heard,CAWR,1:15,320,1.9,47.5,,,
30,RTM,5/17/2025,85,0,0,9:10,9:20,heard,RBWO,9:51,339,5.4,135,,,
30,RTM,5/17/2025,85,0,0,9:10,9:20,heard,TUTI,1:53,350,4.5,112.5,,,
30,RTM,5/17/2025,85,0,0,9:10,9:20,heard,RBWO,1:43,31,4.5,112.5,,,
30,RTM,5/17/2025,85,0,0,9:10,9:20,heard,BHNU,3:01,50,1.4,35,,,
30,RTM,5/17/2025,85,0,0,9:10,9:20,heard,RHWO,3:30,84,3.3,82.5,,,
30,RTM,5/17/2025,85,0,0,9:10,9:20,heard,WBNU,6:01,101,6.8,170,,,
30,RTM,5/17/2025,85,0,0,9:10,9:20,heard,DOWO,5:02,133,1.0,25,,,
30,RTM,5/17/2025,85,0,0,9:10,9:20,heard,RHWO,2:29,138,5.9,147.5,,,
30,RTM,5/17/2025,85,0,0,9:10,9:20,heard,RBWO,8:04,149,8.6,215,,,
31,RTM,5/17/2025,78,2,,8:36,8:46,heard,RBWO,3:01,281,4.6,115,,,
31,RTM,5/17/2025,78,2,,8:36,8:46,heard,GCFL,1:44,298,1.9,47.5,,,
31,RTM,5/17/2025,78,2,,8:36,8:46,visual,RHWO,0:49,144,1.0,25,,,
31,RTM,5/17/2025,78,2,,8:36,8:46,heard,NOFL,2:51,135,1.2,30,,,
31,RTM,5/17/2025,78,2,,8:36,8:46,heard,RBWO,7:41,100,6.9,172.5,,,
32,RTM,5/17/2025,81,2,1,8:21,8:31,heard,GCFL,0:06,148,1.1,27.5,,,
32,RTM,5/17/2025,81,2,1,8:21,8:31,heard,GCFL,4:32,247,2.3,57.5,,,
32,RTM,5/17/2025,81,2,1,8:21,8:31,heard,BHNU,3:13,328,2.4,60,,,
32,RTM,5/17/2025,81,2,1,8:21,8:31,heard,GCFL,0:13,39,1.6,40,,,
32,RTM,5/17/2025,81,2,1,8:21,8:31,heard,TUTI,0:46,82,6.2,155,,,
32,RTM,5/17/2025,81,2,1,8:21,8:31,heard,CAWR,5:17,97,7.1,177.5,,,
32,RTM,5/17/2025,81,2,1,8:21,8:31,heard,RBWO,0:52,103,6.4,160,,,
1,RTM,6/11/2025,72,0,0,7:12,7:22,heard,BHNU,6:01,230,1.8,45,,,
1,RTM,6/11/2025,72,0,0,7:12,7:22,heard,TUTI,4:37,258,1.9,46.25,,,
1,RTM,6/11/2025,72,0,0,7:12,7:22,heard,BASP,1:32,280,2.6,65,,,
1,RTM,6/11/2025,72,0,0,7:12,7:22,heard,CACH,5:06,275,4.9,122.5,,,
1,RTM,6/11/2025,72,0,0,7:12,7:22,heard,RBWO,0:04,330,2.9,71.25,,,
1,RTM,6/11/2025,72,0,0,7:12,7:22,heard,CACH,4:20,349,3.3,82.5,,,
1,RTM,6/11/2025,72,0,0,7:12,7:22,heard,BASP,1:00,329,6.5,162.5,,,
1,RTM,6/11/2025,72,0,0,7:12,7:22,heard,BASP,0:19,11,5.6,140,,,
1,RTM,6/11/2025,72,0,0,7:12,7:22,heard,RBWO,2:30,45,5.7,142.5,,,
1,RTM,6/11/2025,72,0,0,7:12,7:22,heard,CAWR,0:31,83,3.5,86.25,,,
1,RTM,6/11/2025,72,0,0,7:12,7:22,heard,BASP,2:08,139,4.4,110,,,
1,RTM,6/24/2025,80,0,0,8:29,8:39,heard,BASP,0:01,246,5.4,133.75,,,
1,RTM,6/24/2025,80,0,0,8:29,8:39,heard,EABL,6:01,200,5.5,137.5,,,
1,RTM,6/24/2025,80,0,0,8:29,8:39,heard,RBWO,6:34,350,4.4,110,,,
1,RTM,6/24/2025,80,0,0,8:29,8:39,heard,BASP,0:02,359,5.8,145,,,
1,RTM,6/24/2025,80,0,0,8:29,8:39,heard,TUTI,1:14,30,4.4,110,,,
1,RTM,6/24/2025,80,0,0,8:29,8:39,heard,WBNU,0:20,37,3.4,85,,,
1,RTM,6/24/2025,80,0,0,8:29,8:39,heard,CACH,8:19,36,1.6,40,,,
1,RTM,6/24/2025,80,0,0,8:29,8:39,heard,TUTI,2:21,53,2.9,72.5,,,
1,RTM,6/24/2025,80,0,0,8:29,8:39,heard,CAWR,0:59,61,5.2,130,,,
1,RTM,6/24/2025,80,0,0,8:29,8:39,heard,RBWO,3:25,82,5.2,130,,,
2,RTM,6/11/2025,82,0,0,8:01,8:11,heard,BHNU,2:41,289,0.5,12.5,,,
2,RTM,6/11/2025,82,0,0,8:01,8:11,heard,BASP,2:01,254,2.2,53.75,,,
2,RTM,6/11/2025,82,0,0,8:01,8:11,visual,GCFL,7:55,287,1.5,37.5,,,
2,RTM,6/11/2025,82,0,0,8:01,8:11,heard,CACH,0:34,299,3.4,83.75,,,
2,RTM,6/11/2025,82,0,0,8:01,8:11,heard,EABL,1:42,319,3.4,83.75,,,
2,RTM,6/11/2025,82,0,0,8:01,8:11,heard,BASP,0:27,287,5.7,142.5,,,
2,RTM,6/11/2025,82,0,0,8:01,8:11,visual,RHWO,9:45,279,7.2,180,,,
2,RTM,6/11/2025,82,0,0,8:01,8:11,heard,PIWO,9:17,285,7.6,190,,,
2,RTM,6/11/2025,82,0,0,8:01,8:11,heard,EABL,7:00,271,7.1,176.25,,,
2,RTM,6/11/2025,82,0,0,8:01,8:11,heard,TUTI,0:01,342,7.4,185,,,
2,RTM,6/11/2025,82,0,0,8:01,8:11,heard,EABL,1:12,27,4.3,107.5,,,
2,RTM,6/11/2025,82,0,0,8:01,8:11,heard,WBNU,0:37,39,6.4,158.75,,,
2,RTM,6/11/2025,82,0,0,8:01,8:11,heard,BASP,6:15,81,3.0,73.75,,,
2,RTM,6/11/2025,82,0,0,8:01,8:11,heard,BASP,0:13,142,1.7,42.5,,,
2,RTM,6/11/2025,82,0,0,8:01,8:11,heard,BASP,4:07,150,5.9,146.25,,,
2,RTM,6/24/2025,78,0,0,7:52,8:02,heard,BHNU,3:10,250,1.9,47.5,,,
2,RTM,6/24/2025,78,0,0,7:52,8:02,heard,BASP,0:01,276,5.5,137.5,,,
2,RTM,6/24/2025,78,0,0,7:52,8:02,heard,EABL,0:02,305,3.4,83.75,,,
2,RTM,6/24/2025,78,0,0,7:52,8:02,heard,RHWO,6:25,1,6.2,155,,,
2,RTM,6/24/2025,78,0,0,7:52,8:02,heard,GCFL,5:54,26,2.5,62.5,,,
2,RTM,6/24/2025,78,0,0,7:52,8:02,heard,PIWO,5:27,42,9.0,225,,,
2,RTM,6/24/2025,78,0,0,7:52,8:02,heard,BASP,3:45,50,6.2,155,,,
2,RTM,6/24/2025,78,0,0,7:52,8:02,heard,BHNU,0:30,65,2.6,65,,,
2,RTM,6/24/2025,78,0,0,7:52,8:02,heard,WBNU,1:02,138,5.2,130,,,
2,RTM,6/24/2025,78,0,0,7:52,8:02,heard,RHWO,1:14,206,5.8,143.75,,,
3,RTM,6/11/2025,86,0,0,8:35,8:45,heard,BHNU,1:13,52,0.9,21.25,,,
3,RTM,6/11/2025,86,0,0,8:35,8:45,heard,BHNU,1:13,52,0.9,21.25,,,
3,RTM,6/11/2025,86,0,0,8:35,8:45,heard,BHNU,1:13,52,0.9,21.25,,,
3,RTM,6/11/2025,86,0,0,8:35,8:45,visual,RHWO,4:38,107,1.3,32.5,,,
3,RTM,6/11/2025,86,0,0,8:35,8:45,visual,RHWO,6:25,253,1.9,46.25,,,
3,RTM,6/11/2025,86,0,0,8:35,8:45,heard,DOWO,0:18,285,2.7,67.5,,,
3,RTM,6/11/2025,86,0,0,8:35,8:45,heard,EABL,2:31,290,4.4,110,,,
3,RTM,6/11/2025,86,0,0,8:35,8:45,heard,CAWR,8:59,289,5.2,130,,,
3,RTM,6/11/2025,86,0,0,8:35,8:45,heard,RHWO,5:49,290,7.9,197.5,,,
3,RTM,6/11/2025,86,0,0,8:35,8:45,heard,BASP,0:28,325,5.3,132.5,,,
3,RTM,6/11/2025,86,0,0,8:35,8:45,heard,BASP,1:25,27,7.2,178.75,,,
3,RTM,6/11/2025,86,0,0,8:35,8:45,heard,RHWO,5:42,76,6.3,157.5,,,
3,RTM,6/11/2025,86,0,0,8:35,8:45,heard,RCWO,0:28,128,4.6,115,,,
3,RTM,6/11/2025,86,0,0,8:35,8:45,heard,BASP,0:30,154,2.3,57.5,,,
3,RTM,6/11/2025,86,0,0,8:35,8:45,heard,EABL,1:05,203,3.0,73.75,,,
3,RTM,6/11/2025,86,0,0,8:35,8:45,heard,RHWO,7:40,222,4.7,116.25,,,
3,RTM,6/11/2025,86,0,0,8:35,8:45,heard,BASP,2:40,220,7.8,195,,,
3,RTM,6/11/2025,86,0,0,8:35,8:45,heard,WBNU,0:10,266,5.4,135,,,
3,RTM,6/11/2025,86,0,0,8:35,8:45,heard,PIWO,8:41,260,6.0,150,,,
3,RTM,6/24/2025,74,0,0,7:07,7:17,heard,BASP,6:13,221,6.7,166.25,,,
3,RTM,6/24/2025,74,0,0,7:07,7:17,heard,CAWR,7:59,264,4.9,122.5,,,
3,RTM,6/24/2025,74,0,0,7:07,7:17,heard,BASP,6:12,339,5.3,132.5,,,
3,RTM,6/24/2025,74,0,0,7:07,7:17,heard,CAWR,0:15,2,7.0,175,,,
3,RTM,6/24/2025,74,0,0,7:07,7:17,heard,RCWO,4:14,78,4.9,122.5,,,
3,RTM,6/24/2025,74,0,0,7:07,7:17,heard,BASP,0:45,77,6.5,162.5,,,
3,RTM,6/24/2025,74,0,0,7:07,7:17,heard,RBWO,3:44,94,6.9,171.25,,,
3,RTM,6/24/2025,74,0,0,7:07,7:17,heard,TUTI,4:40,114,7.7,192.5,,,
3,RTM,6/24/2025,74,0,0,7:07,7:17,heard,WBNU,1:10,126,6.7,167.5,,,
3,RTM,6/24/2025,74,0,0,7:07,7:17,heard,RHWO,0:01,133,5.1,126.25,,,
3,RTM,6/24/2025,74,0,0,7:07,7:17,heard,BASP,1:42,164,3.4,83.75,,,
4,EM,6/11/2025,83,1,2,10:15,10:25,heard,RHWO,6:17,195,6.9,172.5,,,
4,EM,6/11/2025,83,1,2,10:15,10:25,heard,BHNU,1:45,239,5.7,141.25,,,
4,EM,6/11/2025,83,1,2,10:15,10:25,heard,BHNU,6:32,308,6.0,148.75,,,
4,EM,6/11/2025,83,1,2,10:15,10:25,heard,WBNU,8:37,323,4.7,116.25,,,
4,EM,6/11/2025,83,1,2,10:15,10:25,heard,BASP,0:33,40,3.3,82.5,,,
4,EM,6/11/2025,83,1,2,10:15,10:25,heard,RHWO,0:17,108,5.1,127.5,,,
4,EM,6/11/2025,83,1,2,10:15,10:25,heard,RHWO,7:10,127,6.7,167.5,,,
4,EM,6/24/2025,86,0,2,10:10,10:20,heard,BASP,6:29,172,2.4,60,,,
4,EM,6/24/2025,86,0,2,10:10,10:20,heard,BASP,4:27,232,2.6,63.75,,,
4,EM,6/24/2025,86,0,2,10:10,10:20,heard,BASP,0:01,342,1.7,42.5,,,
4,EM,6/24/2025,86,0,2,10:10,10:20,heard,RHWO,2:52,341,3.1,77.5,,,
4,EM,6/24/2025,86,0,2,10:10,10:20,heard,RCWO,4:36,140,1.8,45,,,
4,EM,6/24/2025,86,0,2,10:10,10:20,heard,RCWO,4:36,140,1.8,45,,,
4,EM,6/24/2025,86,0,2,10:10,10:20,heard,RHWO,1:18,228,5.7,142.5,,,
4,EM,6/24/2025,86,0,2,10:10,10:20,heard,RBWO,6:52,253,7.8,195,,,
4,EM,6/24/2025,86,0,2,10:10,10:20,heard,RBWO,8:49,307,7.7,192.5,,,
4,EM,6/24/2025,86,0,2,10:10,10:20,heard,RBWO,2:15,83,5.6,140,,,
5,EM,6/11/2025,73,1,0,7:46,7:56,visual,RHWO,0:30,8,1.4,35,,,
5,EM,6/11/2025,73,1,0,7:46,7:56,heard,CAWR,9:32,327,5.4,135,,,
5,EM,6/11/2025,73,1,0,7:46,7:56,heard,PIWO,5:10,317,10.5,262.5,,,
5,EM,6/11/2025,73,1,0,7:46,7:56,heard,RBWO,0:01,48,3.0,75,,,
5,EM,6/11/2025,73,1,0,7:46,7:56,heard,RBWO,0:01,48,3.0,75,,,
5,EM,6/11/2025,73,1,0,7:46,7:56,heard,RBWO,4:02,62,2.3,57.5,,,
5,EM,6/11/2025,73,1,0,7:46,7:56,heard,NOFL,1:33,81,3.5,87.5,,,
5,EM,6/11/2025,73,1,0,7:46,7:56,heard,EABL,6:59,138,2.5,62.5,,,
5,EM,6/11/2025,73,1,0,7:46,7:56,heard,RBWO,1:34,173,3.0,75,,,
5,EM,6/24/2025,75,0,0,7:30,7:40,heard,CAWR,0:54,170,2.9,72.5,,,
5,EM,6/24/2025,75,0,0,7:30,7:40,heard,RHWO,4:34,227,4.7,117.5,,,
5,EM,6/24/2025,75,0,0,7:30,7:40,heard,NOFL,4:01,266,4.9,122.5,,,
5,EM,6/24/2025,75,0,0,7:30,7:40,heard,GCFL,0:05,22,2.6,63.75,,,
5,EM,6/24/2025,75,0,0,7:30,7:40,heard,RBWO,4:03,47,4.6,115,,,
5,EM,6/24/2025,75,0,0,7:30,7:40,heard,BASP,1:32,137,2.6,65,,,
6,EM,6/11/2025,82,1,1,9:28,9:38,heard,BASP,6:44,225,3.9,97.5,,,
6,EM,6/11/2025,82,1,1,9:28,9:38,heard,TUTI,1:11,311,2.5,62.5,,,
6,EM,6/11/2025,82,1,1,9:28,9:38,heard,BASP,8:28,320,3.7,92.5,,,
6,EM,6/11/2025,82,1,1,9:28,9:38,heard,BASP,6:01,19,3.8,95,,,
6,EM,6/11/2025,82,1,1,9:28,9:38,heard,RBWO,3:28,68,3.8,95,,,
6,EM,6/11/2025,82,1,1,9:28,9:38,heard,NOFL,9:52,125,9.0,225,,,
6,EM,6/24/2025,82,0,0,8:50,9:00,heard,TUTI,8:50,194,3.7,91.25,,,
6,EM,6/24/2025,82,0,0,8:50,9:00,heard,WBNU,2:28,204,5.1,127.5,,,
6,EM,6/24/2025,82,0,0,8:50,9:00,heard,DOWO,6:00,284,1.3,32.5,,,
6,EM,6/24/2025,82,0,0,8:50,9:00,heard,RHWO,9:55,281,5.0,123.75,,,
6,EM,6/24/2025,82,0,0,8:50,9:00,heard,CAWR,0:37,310,1.9,47.5,,,
6,EM,6/24/2025,82,0,0,8:50,9:00,heard,BASP,5:17,34,3.0,73.75,,,
6,EM,6/24/2025,82,0,0,8:50,9:00,heard,RBWO,0:58,41,4.9,121.25,,,
6,EM,6/24/2025,82,0,0,8:50,9:00,heard,RHWO,0:01,132,1.4,35,,,
6,EM,6/24/2025,82,0,0,8:50,9:00,heard,RBWO,4:14,174,1.1,26.25,,,
7,EM,6/11/2025,79,1,1,8:28,8:38,heard,RHWO,2:03,229,7.0,175,,,
7,EM,6/11/2025,79,1,1,8:28,8:38,heard,BASP,4:06,283,3.8,95,,,
7,EM,6/11/2025,79,1,1,8:28,8:38,heard,BHNU,1:37,327,4.6,115,,,
7,EM,6/11/2025,79,1,1,8:28,8:38,heard,BASP,6:27,340,4.2,105,,,
7,EM,6/11/2025,79,1,1,8:28,8:38,heard,TUTI,1:10,32,4.4,110,,,
7,EM,6/11/2025,79,1,1,8:28,8:38,heard,RCWO,2:54,339,2.9,72.5,,,
7,EM,6/24/2025,78,0,0,8:08,8:18,heard,NOFL,6:24,249,9.1,227.5,,,
7,EM,6/24/2025,78,0,0,8:08,8:18,heard,RHWO,0:46,267,5.1,127.5,,,
7,EM,6/24/2025,78,0,0,8:08,8:18,heard,CAWR,3:30,312,3.4,85,,,
7,EM,6/24/2025,78,0,0,8:08,8:18,heard,GCFL,2:51,17,6.6,165,,,
7,EM,6/24/2025,78,0,0,8:08,8:18,heard,RHWO,0:26,53,7.6,190,,,
8,RTM,6/9/2025,94,2,1,8:49,8:59,heard,RBWO,0:34,184,4.6,115,,,
8,RTM,6/9/2025,94,2,1,8:49,8:59,heard,BASP,2:17,201,5.8,145,,,
8,RTM,6/9/2025,94,2,1,8:49,8:59,heard,EABL,0:47,231,2.3,57.5,,,
8,RTM,6/9/2025,94,2,1,8:49,8:59,heard,GCFL,9:17,332,1.6,40,,,
8,RTM,6/9/2025,94,2,1,8:49,8:59,heard,BASP,4:59,5,2.4,60,,,
8,RTM,6/9/2025,94,2,1,8:49,8:59,heard,WBNU,4:14,15,4.7,117.5,,,
8,RTM,6/9/2025,94,2,1,8:49,8:59,heard,RBWO,1:34,44,6.2,153.75,,,
8,RTM,6/9/2025,94,2,1,8:49,8:59,heard,BASP,0:14,126,7.3,182.5,,,
8,RTM,6/9/2025,94,2,1,8:49,8:59,heard,RBWO,6:14,160,4.6,113.75,,,
8,EM,6/16/2025,82,1,2,10:35,10:45,heard,TUTI,1:44,223,3.9,97.5,,,
8,EM,6/16/2025,82,1,2,10:35,10:45,heard,RBWO,6:44,275,7.6,190,,,
8,EM,6/16/2025,82,1,2,10:35,10:45,heard,GCFL,2:01,301,2.9,72.5,,,
8,EM,6/16/2025,82,1,2,10:35,10:45,heard,BASP,7:06,331,3.4,85,,,
8,EM,6/16/2025,82,1,2,10:35,10:45,heard,GCFL,3:50,359,3.5,87.5,,,
8,EM,6/16/2025,82,1,2,10:35,10:45,heard,BASP,4:10,54,3.5,86.25,,,
8,EM,6/16/2025,82,1,2,10:35,10:45,heard,DOWO,8:47,79,5.6,140,,,
8,EM,6/16/2025,82,1,2,10:35,10:45,heard,RBWO,7:25,119,7.3,182.5,,,
9,RTM,6/9/2025,98,2,1,8:12,8:22,heard,TUTI,9:57,179,2.4,60,,,
9,RTM,6/9/2025,98,2,1,8:12,8:22,heard,CAWR,0:08,210,4.9,122.5,,,
9,RTM,6/9/2025,98,2,1,8:12,8:22,heard,GCFL,4:40,218,2.6,65,,,
9,RTM,6/9/2025,98,2,1,8:12,8:22,heard,BASP,2:27,232,6.3,157.5,,,
9,RTM,6/9/2025,98,2,1,8:12,8:22,heard,EABL,9:55,321,1.8,45,,,
9,RTM,6/9/2025,98,2,1,8:12,8:22,heard,BASP,2:02,333,5.8,145,,,
9,RTM,6/9/2025,98,2,1,8:12,8:22,heard,BHNU,0:18,14,1.7,42.5,,,
9,RTM,6/9/2025,98,2,1,8:12,8:22,heard,CAWR,7:47,15,3.3,82.5,,,
9,RTM,6/9/2025,98,2,1,8:12,8:22,heard,BASP,2:07,33,5.8,145,,,
9,RTM,6/9/2025,98,2,1,8:12,8:22,heard,BHNU,1:13,83,3.9,96.25,,,
9,RTM,6/9/2025,98,2,1,8:12,8:22,heard,CAWR,1:04,140,7.4,183.75,,,
9,RTM,6/9/2025,98,2,1,8:12,8:22,heard,CAWR,6:27,158,1.5,37.5,,,
9,RTM,6/16/2025,73,1,0,7:15,7:25,heard,TUTI,7:18,184,4.9,122.5,,,
9,RTM,6/16/2025,73,1,0,7:15,7:25,heard,RBWO,7:26,268,5.3,132.5,,,
9,RTM,6/16/2025,73,1,0,7:15,7:25,heard,CAWR,3:57,285,4.7,116.25,,,
9,RTM,6/16/2025,73,1,0,7:15,7:25,heard,EABL,2:04,317,5.8,145,,,
9,RTM,6/16/2025,73,1,0,7:15,7:25,heard,WBNU,4:18,346,5.6,140,,,
9,RTM,6/16/2025,73,1,0,7:15,7:25,heard,WBNU,4:33,22,5.9,147.5,,,
9,RTM,6/16/2025,73,1,0,7:15,7:25,heard,CACH,5:05,58,7.7,192.5,,,
9,RTM,6/16/2025,73,1,0,7:15,7:25,heard,BASP,0:57,90,5.2,130,,,
9,RTM,6/16/2025,73,1,0,7:15,7:25,heard,CAWR,0:14,101,6.3,157.5,,,
9,RTM,6/16/2025,73,1,0,7:15,7:25,heard,RBWO,0:41,116,5.3,132.5,,,
10,RTM,6/9/2025,89,2,1,7:43,7:53,heard,BASP,0:22,241,3.4,85,,,
10,RTM,6/9/2025,89,2,1,7:43,7:53,heard,GCFL,0:21,252,2.3,57.5,,,
10,RTM,6/9/2025,89,2,1,7:43,7:53,heard,GCFL,6:36,268,3.4,85,,,
10,RTM,6/9/2025,89,2,1,7:43,7:53,heard,BASP,0:02,340,3.9,97.5,,,
10,RTM,6/9/2025,89,2,1,7:43,7:53,heard,RHWO,5:01,14,5.9,146.25,,,
10,RTM,6/9/2025,89,2,1,7:43,7:53,heard,BHNU,5:14,37,2.0,50,,,
10,RTM,6/9/2025,89,2,1,7:43,7:53,heard,RHWO,0:48,38,1.0,25,,,
10,RTM,6/9/2025,89,2,1,7:43,7:53,heard,WBNU,6:57,82,7.0,173.75,,,
10,RTM,6/9/2025,89,2,1,7:43,7:53,heard,BASP,0:02,91,4.3,107.5,,,
10,RTM,6/9/2025,89,2,1,7:43,7:53,heard,CAWR,7:47,141,8.5,212.5,,,
10,RTM,6/16/2025,78,1,0,8:18,8:28,heard,GCFL,1:57,184,5.1,126.25,,,
10,RTM,6/16/2025,78,1,0,8:18,8:28,heard,TUTI,3:11,202,6.8,170,,,
10,RTM,6/16/2025,78,1,0,8:18,8:28,heard,CAWR,0:48,246,7.8,195,,,
10,RTM,6/16/2025,78,1,0,8:18,8:28,heard,BASP,0:55,277,4.6,115,,,
10,RTM,6/16/2025,78,1,0,8:18,8:28,heard,TUTI,9:11,311,7.8,195,,,
10,RTM,6/16/2025,78,1,0,8:18,8:28,heard,RCWO,0:20,316,5.8,145,,,
10,RTM,6/16/2025,78,1,0,8:18,8:28,heard,CAWR,4:53,324,7.7,191.25,,,
10,RTM,6/16/2025,78,1,0,8:18,8:28,heard,BASP,0:01,326,3.3,82.5,,,
10,RTM,6/16/2025,78,1,0,8:18,8:28,heard,BHNU,1:28,339,2.3,57.5,,,
10,RTM,6/16/2025,78,1,0,8:18,8:28,heard,RCWO,2:20,356,3.9,97.5,,,
10,RTM,6/16/2025,78,1,0,8:18,8:28,heard,BHNU,0:38,49,3.0,75,,,
10,RTM,6/16/2025,78,1,0,8:18,8:28,heard,CAWR,8:37,50,7.3,182.5,,,
10,RTM,6/16/2025,78,1,0,8:18,8:28,heard,RHWO,0:28,83,6.5,162.5,,,
10,RTM,6/16/2025,78,1,0,8:18,8:28,heard,GCFL,6:58,97,5.7,142.5,,,
10,RTM,6/16/2025,78,1,0,8:18,8:28,heard,BASP,2:35,122,3.5,87.5,,,
10,RTM,6/16/2025,78,1,0,8:18,8:28,heard,RHWO,7:50,132,7.9,196.25,,,
10,RTM,6/16/2025,78,1,0,8:18,8:28,heard,RHWO,2:11,154,4.9,122.5,,,
11,RTM,6/9/2025,86,2,1,7:17,7:27,heard,GCFL,1:47,279,3.2,80,,,
11,RTM,6/9/2025,86,2,1,7:17,7:27,heard,RBWO,2:27,299,3.6,90,,,
11,RTM,6/9/2025,86,2,1,7:17,7:27,heard,CAWR,1:17,300,6.6,165,,,
11,RTM,6/9/2025,86,2,1,7:17,7:27,visual,RHWO,8:12,357,5.2,130,,,
11,RTM,6/9/2025,86,2,1,7:17,7:27,heard,CAWR,0:05,18,3.0,73.75,,,
11,RTM,6/9/2025,86,2,1,7:17,7:27,heard,CAWR,1:07,50,7.7,191.25,,,
11,RTM,6/9/2025,86,2,1,7:17,7:27,heard,RBWO,0:28,87,5.1,126.25,,,
11,RTM,6/9/2025,86,2,1,7:17,7:27,heard,TUTI,5:30,105,6.8,170,,,
11,RTM,6/9/2025,86,2,1,7:17,7:27,heard,BHNU,0:21,141,2.8,70,,,
11,RTM,6/16/2025,77,2,1,7:48,7:58,heard,TUTI,9:13,178,7.1,176.25,,,
11,RTM,6/16/2025,77,2,1,7:48,7:58,heard,RBWO,5:25,248,7.0,175,,,
11,RTM,6/16/2025,77,2,1,7:48,7:58,heard,PIWO,1:47,286,8.7,217.5,,,
11,RTM,6/16/2025,77,2,1,7:48,7:58,heard,RHWO,0:15,313,5.3,132.5,,,
11,RTM,6/16/2025,77,2,1,7:48,7:58,heard,CAWR,0:16,321,5.5,137.5,,,
11,RTM,6/16/2025,77,2,1,7:48,7:58,heard,RBWO,7:45,358,7.5,187.5,,,
11,RTM,6/16/2025,77,2,1,7:48,7:58,heard,RCWO,6:55,18,3.6,90,,,
11,RTM,6/16/2025,77,2,1,7:48,7:58,heard,TUTI,0:38,40,6.8,170,,,
11,RTM,6/16/2025,77,2,1,7:48,7:58,heard,BASP,0:51,46,2.7,67.5,,,
11,RTM,6/16/2025,77,2,1,7:48,7:58,heard,CAWR,2:04,76,3.6,90,,,
11,RTM,6/16/2025,77,2,1,7:48,7:58,heard,BHNU,5:28,143,3.1,77.5,,,
12,EM,6/9/2025,77,2,0,7:20,7:30,heard,GCFL,2:52,233,1.9,46.25,,,
12,EM,6/9/2025,77,2,0,7:20,7:30,heard,BHNU,1:15,305,1.8,45,,,
12,EM,6/9/2025,77,2,0,7:20,7:30,heard,BASP,9:24,338,2.9,71.25,,,
12,EM,6/9/2025,77,2,0,7:20,7:30,heard,GCFL,9:54,341,5.6,140,,,
12,EM,6/9/2025,77,2,0,7:20,7:30,heard,RBWO,5:36,24,5.6,140,,,
12,EM,6/9/2025,77,2,0,7:20,7:30,heard,CAWR,3:13,36,3.6,90,,,
12,EM,6/9/2025,77,2,0,7:20,7:30,heard,GCFL,6:03,40,2.3,57.5,,,
12,EM,6/9/2025,77,2,0,7:20,7:30,heard,BASP,0:37,53,3.8,93.75,,,
12,EM,6/9/2025,77,2,0,7:20,7:30,heard,RBWO,3:33,98,4.6,115,,,
12,EM,6/9/2025,77,2,0,7:20,7:30,heard,BASP,2:15,133,2.7,67.5,,,
12,EM,6/16/2025,80,2,0,9:05,9:15,heard,PIWO,9:38,320,8.9,222.5,,,
12,EM,6/16/2025,80,2,0,9:05,9:15,heard,TUTI,3:08,330,3.1,77.5,,,
12,EM,6/16/2025,80,2,0,9:05,9:15,heard,CAWR,7:40,28,3.5,86.25,,,
12,EM,6/16/2025,80,2,0,9:05,9:15,heard,BASP,1:01,49,4.4,108.75,,,
12,EM,6/16/2025,80,2,0,9:05,9:15,heard,PIWO,4:10,75,6.6,165,,,
13,EM,6/9/2025,79,2,1,8:20,8:30,heard,BHNU,5:56,258,3.7,92.5,,,
13,EM,6/9/2025,79,2,1,8:20,8:30,heard,PIWO,1:00,267,1.7,41.25,,,
13,EM,6/9/2025,79,2,1,8:20,8:30,heard,PIWO,1:00,267,1.7,42.5,,,
13,EM,6/9/2025,79,2,1,8:20,8:30,heard,WBNU,4:05,276,3.5,87.5,,,
13,EM,6/9/2025,79,2,1,8:20,8:30,heard,CACH,8:00,313,1.8,45,,,
13,EM,6/9/2025,79,2,1,8:20,8:30,heard,RBWO,8:01,333,3.8,93.75,,,
13,EM,6/9/2025,79,2,1,8:20,8:30,heard,CAWR,0:10,343,1.6,40,,,
13,EM,6/9/2025,79,2,1,8:20,8:30,heard,HAWO,5:05,276,6.5,162.5,,,
13,EM,6/16/2025,80,1,0,8:35,8:45,heard,RBWO,4:47,222,4.4,108.75,,,
13,EM,6/16/2025,80,1,0,8:35,8:45,heard,WBNU,9:45,330,1.7,42.5,,,
13,EM,6/16/2025,80,1,0,8:35,8:45,heard,BHNU,5:16,331,3.3,82.5,,,
13,EM,6/16/2025,80,1,0,8:35,8:45,heard,CAWR,6:48,6,3.9,97.5,,,
13,EM,6/16/2025,80,1,0,8:35,8:45,heard,BASP,0:50,31,4.8,120,,,
14,EM,6/9/2025,84,1,2,9:31,9:41,heard,BHNU,0:47,214,2.4,60,,,
14,EM,6/9/2025,84,1,2,9:31,9:41,heard,RBWO,4:31,273,6.7,167.5,,,
14,EM,6/9/2025,84,1,2,9:31,9:41,heard,BASP,0:31,38,2.6,63.75,,,
14,EM,6/9/2025,84,1,2,9:31,9:41,heard,RBWO,2:37,123,3.6,90,,,
14,EM,6/16/2025,76,1,0,7:53,8:03,heard,RBWO,1:36,280,6.8,170,,,
14,EM,6/16/2025,76,1,0,7:53,8:03,heard,WBNU,2:05,301,4.4,110,,,
14,EM,6/16/2025,76,1,0,7:53,8:03,heard,RBWO,0:56,313,5.1,127.5,,,
14,EM,6/16/2025,76,1,0,7:53,8:03,heard,EABL,5:22,357,4.6,115,,,
14,EM,6/16/2025,76,1,0,7:53,8:03,heard,PIWO,8:19,25,7.4,183.75,,,
14,EM,6/16/2025,76,1,0,7:53,8:03,heard,CAWR,6:02,34,2.9,72.5,,,
14,EM,6/16/2025,76,1,0,7:53,8:03,heard,BHNU,9:09,63,4.4,110,,,
14,EM,6/16/2025,76,1,0,7:53,8:03,heard,EABL,8:52,64,2.8,68.75,,,
15,EM,6/12/2025,85,1,3,10:11,10:21,heard,RBWO,7:48,245,5.4,135,,,
15,EM,6/12/2025,85,1,3,10:11,10:21,heard,RBWO,9:08,322,5.5,136.25,,,
15,EM,6/12/2025,85,1,3,10:11,10:21,heard,BASP,0:43,338,5.0,123.75,,,
15,EM,6/12/2025,85,1,3,10:11,10:21,heard,PIWO,4:12,4,6.8,170,,,
15,EM,6/12/2025,85,1,3,10:11,10:21,heard,TUTI,6:24,36,2.6,65,,,
15,EM,6/12/2025,85,1,3,10:11,10:21,heard,RHWO,3:04,43,0.1,3.194444444,,,
15,EM,6/12/2025,85,1,3,10:11,10:21,heard,RBWO,2:27,133,4.3,107.5,,,
15,RTM,6/25/2025,81,0,0,8:20,8:30,heard,RBWO,0:40,181,5.0,123.75,,,
15,RTM,6/25/2025,81,0,0,8:20,8:30,heard,CAWR,8:35,229,6.4,158.75,,,
15,RTM,6/25/2025,81,0,0,8:20,8:30,heard,RHWO,0:26,291,5.8,145,,,
15,RTM,6/25/2025,81,0,0,8:20,8:30,heard,CAWR,0:06,327,3.6,90,,,
15,RTM,6/25/2025,81,0,0,8:20,8:30,heard,TUTI,0:21,337,4.7,117.5,,,
15,RTM,6/25/2025,81,0,0,8:20,8:30,heard,RHWO,2:38,85,5.5,137.5,,,
16,RTM,6/12/2025,88,1,1,9:10,9:20,heard,RBWO,0:55,182,3.1,77.5,,,
16,RTM,6/12/2025,88,1,1,9:10,9:20,heard,TUTI,6:12,13,6.7,167.5,,,
16,RTM,6/12/2025,88,1,1,9:10,9:20,heard,WBNU,6:03,50,4.4,108.75,,,
16,RTM,6/12/2025,88,1,1,9:10,9:20,heard,BASP,9:59,69,6.5,162.5,,,
16,RTM,6/12/2025,88,1,1,9:10,9:20,heard,RBWO,0:56,91,3.5,87.5,,,
16,RTM,6/12/2025,88,1,1,9:10,9:20,heard,RHWO,3:29,104,7.6,190,,,
16,RTM,6/12/2025,88,1,1,9:10,9:20,heard,PIWO,1:23,157,7.6,190,,,
16,RTM,6/25/2025,82,0,0,8:45,8:55,heard,DOWO,6:15,182,1.2,30,,,
16,RTM,6/25/2025,82,0,0,8:45,8:55,heard,WBNU,2:15,182,2.8,68.75,,,
16,RTM,6/25/2025,82,0,0,8:45,8:55,heard,TUTI,3:48,187,6.5,162.5,,,
16,RTM,6/25/2025,82,0,0,8:45,8:55,heard,RBWO,6:07,296,6.4,160,,,
16,RTM,6/25/2025,82,0,0,8:45,8:55,heard,RBWO,4:31,347,7.8,193.75,,,
16,RTM,6/25/2025,82,0,0,8:45,8:55,heard,RHWO,9:48,44,5.2,130,,,
17,EM,6/12/2025,86,1,1,9:43,9:53,heard,RBWO,2:17,322,5.5,136.25,,,
17,EM,6/12/2025,86,1,1,9:43,9:53,heard,PIWO,3:34,25,6.2,155,,,
17,EM,6/12/2025,86,1,1,9:43,9:53,heard,RBWO,2:17,56,5.5,137.5,,,
17,RTM,6/25/2025,80,0,0,7:59,8:09,heard,RBWO,6:25,192,1.3,32.5,,,
17,RTM,6/25/2025,80,0,0,7:59,8:09,heard,RBWO,6:26,189,1.7,41.25,,,
17,RTM,6/25/2025,80,0,0,7:59,8:09,heard,EABL,1:02,262,2.7,67.5,,,
17,RTM,6/25/2025,80,0,0,7:59,8:09,heard,RHWO,0:05,282,3.6,90,,,
17,RTM,6/25/2025,80,0,0,7:59,8:09,heard,TUTI,0:45,317,4.6,115,,,
17,RTM,6/25/2025,80,0,0,7:59,8:09,heard,CAWR,1:32,311,7.7,191.25,,,
17,RTM,6/25/2025,80,0,0,7:59,8:09,heard,WBNU,0:10,328,1.8,43.75,,,
17,RTM,6/25/2025,80,0,0,7:59,8:09,heard,RHWO,0:01,359,2.9,72.5,,,
17,RTM,6/25/2025,80,0,0,7:59,8:09,heard,CAWR,5:05,31,6.4,160,,,
17,RTM,6/25/2025,80,0,0,7:59,8:09,heard,BHNU,9:59,47,2.3,57.5,,,
17,RTM,6/25/2025,80,0,0,7:59,8:09,heard,RHWO,5:10,76,7.2,178.75,,,
17,RTM,6/25/2025,80,0,0,7:59,8:09,heard,TUTI,5:47,109,8.1,202.5,,,
17,RTM,6/25/2025,80,0,0,7:59,8:09,heard,PIWO,5:34,227,9.4,235,,,
18,RTM,6/12/2025,89,0,0,8:18,8:28,heard,RBWO,1:14,213,5.0,125,,,
18,RTM,6/12/2025,89,0,0,8:18,8:28,visual,RHWO,9:27,272,3.9,96.25,,,
18,RTM,6/12/2025,89,0,0,8:18,8:28,heard,BASP,5:25,295,3.8,95,,,
18,RTM,6/12/2025,89,0,0,8:18,8:28,heard,RHWO,7:47,295,7.5,187.5,,,
18,RTM,6/12/2025,89,0,0,8:18,8:28,heard,TUTI,4:49,307,7.8,195,,,
18,RTM,6/12/2025,89,0,0,8:18,8:28,heard,CAWR,0:03,317,7.1,177.5,,,
18,RTM,6/12/2025,89,0,0,8:18,8:28,heard,BASP,0:01,357,3.4,85,,,
18,RTM,6/12/2025,89,0,0,8:18,8:28,heard,CAWR,0:20,20,7.7,192.5,,,
18,RTM,6/12/2025,89,0,0,8:18,8:28,heard,RBWO,2:12,47,5.8,145,,,
18,RTM,6/12/2025,89,0,0,8:18,8:28,heard,BASP,1:21,57,6.2,155,,,
18,RTM,6/12/2025,89,0,0,8:18,8:28,heard,EABL,1:51,67,3.4,85,,,
18,RTM,6/12/2025,89,0,0,8:18,8:28,heard,DOWO,1:57,74,1.3,32.5,,,
18,RTM,6/12/2025,89,0,0,8:18,8:28,heard,BASP,1:31,126,3.3,82.5,,,
18,RTM,6/12/2025,89,0,0,8:18,8:28,heard,DOWO,3:51,126,2.2,55,,,
18,EM,6/25/2025,79,0,0,7:51,8:01,heard,RHWO,0:20,196,5.8,145,,,
18,EM,6/25/2025,79,0,0,7:51,8:01,heard,RBWO,0:48,220,7.6,188.75,,,
18,EM,6/25/2025,79,0,0,7:51,8:01,heard,RBWO,9:09,316,4.3,107.5,,,
18,EM,6/25/2025,79,0,0,7:51,8:01,heard,RBWO,7:22,40,8.4,210,,,
18,EM,6/25/2025,79,0,0,7:51,8:01,heard,CAWR,2:48,69,2.8,70,,,
19,EM,6/12/2025,84,2,2,9:18,9:28,heard,CAWR,1:55,304,3.3,82.5,,,
19,EM,6/12/2025,84,2,2,9:18,9:28,heard,RBWO,3:43,323,5.2,130,,,
19,EM,6/12/2025,84,2,2,9:18,9:28,heard,TUTI,0:15,328,2.9,72.5,,,
19,EM,6/12/2025,84,2,2,9:18,9:28,heard,RHWO,5:33,116,5.5,136.25,,,
19,EM,6/12/2025,84,2,2,9:18,9:28,heard,RBWO,5:30,132,5.7,142.5,,,
19,RTM,6/25/2025,76,0,0,7:31,7:41,visual,RHWO,0:01,227,1.6,40,,,
19,RTM,6/25/2025,76,0,0,7:31,7:41,heard,BASP,4:41,208,5.3,132.5,,,
19,RTM,6/25/2025,76,0,0,7:31,7:41,heard,TUTI,5:58,305,7.6,190,,,
19,RTM,6/25/2025,76,0,0,7:31,7:41,heard,CAWR,1:52,325,6.0,148.75,,,
19,RTM,6/25/2025,76,0,0,7:31,7:41,visual,RBWO,8:47,5,1.4,35,,,
19,RTM,6/25/2025,76,0,0,7:31,7:41,heard,RBWO,6:27,3,7.3,182.5,,,
19,RTM,6/25/2025,76,0,0,7:31,7:41,heard,RHWO,0:29,104,7.5,187.5,,,
19,RTM,6/25/2025,76,0,0,7:31,7:41,heard,TUTI,3:42,133,8.8,218.75,,,
19,RTM,6/25/2025,76,0,0,7:31,7:41,heard,RBWO,2:39,158,7.7,192.5,,,
20,EM,6/12/2025,78,0,0,7:51,8:01,heard,CAWR,0:01,219,2.0,48.75,,,
20,EM,6/12/2025,78,0,0,7:51,8:01,heard,RBWO,2:43,263,3.2,80,,,
20,EM,6/12/2025,78,0,0,7:51,8:01,heard,CAWR,5:14,209,3.0,75,,,
20,EM,6/12/2025,78,0,0,7:51,8:01,heard,RBWO,5:55,322,1.5,37.5,,,
20,EM,6/12/2025,78,0,0,7:51,8:01,heard,RHWO,3:11,18,2.9,71.25,,,
20,EM,6/12/2025,78,0,0,7:51,8:01,heard,TUTI,6:05,45,2.2,53.75,,,
20,EM,6/25/2025,94,1,2,11:31,11:41,heard,RBWO,9:36,221,2.7,66.25,,,
20,EM,6/25/2025,94,1,2,11:31,11:41,heard,BASP,1:13,55,3.4,83.75,,,
20,EM,6/25/2025,94,1,2,11:31,11:41,heard,RBWO,7:59,121,3.5,86.25,,,
20,EM,6/25/2025,94,1,2,11:31,11:41,heard,CAWR,0:23,149,1.7,42.5,,,
21,EM,6/12/2025,76,0,0,8:22,8:32,heard,RBWO,6:02,275,1.7,42.5,,,
21,EM,6/12/2025,76,0,0,8:22,8:32,heard,TUTI,1:25,287,5.0,125,,,
21,EM,6/12/2025,76,0,0,8:22,8:32,heard,TUTI,0:42,1,3.2,80,,,
21,EM,6/12/2025,76,0,0,8:22,8:32,heard,RHWO,3:58,359,6.5,161.25,,,
21,EM,6/12/2025,76,0,0,8:22,8:32,heard,CAWR,2:59,38,3.3,82.5,,,
21,EM,6/12/2025,76,0,0,8:22,8:32,heard,RHWO,3:37,128,5.5,137.5,,,
21,EM,6/25/2025,93,1,2,10:56,11:06,heard,BASP,9:50,285,3.7,92.5,,,
21,EM,6/25/2025,93,1,2,10:56,11:06,heard,RBWO,7:35,318,7.1,177.5,,,
21,EM,6/25/2025,93,1,2,10:56,11:06,heard,CAWR,0:18,1,2.3,57.5,,,
21,EM,6/25/2025,93,1,2,10:56,11:06,heard,DOWO,8:25,41,5.5,136.25,,,
22,RTM,6/12/2025,82,0,0,7:55,8:05,heard,BASP,1:04,271,2.7,67.5,,,
22,RTM,6/12/2025,82,0,0,7:55,8:05,heard,RHWO,3:24,254,5.3,132.5,,,
22,RTM,6/12/2025,82,0,0,7:55,8:05,heard,RHWO,9:17,274,6.5,162.5,,,
22,RTM,6/12/2025,82,0,0,7:55,8:05,heard,WBNU,8:57,283,5.8,145,,,
22,RTM,6/12/2025,82,0,0,7:55,8:05,heard,RHWO,5:32,300,5.9,146.25,,,
22,RTM,6/12/2025,82,0,0,7:55,8:05,heard,EABL,0:20,337,3.6,90,,,
22,RTM,6/12/2025,82,0,0,7:55,8:05,heard,BASP,0:04,348,4.6,113.75,,,
22,RTM,6/12/2025,82,0,0,7:55,8:05,heard,TUTI,5:32,9,6.5,161.25,,,
22,RTM,6/12/2025,82,0,0,7:55,8:05,heard,CAWR,2:07,52,3.4,83.75,,,
22,RTM,6/12/2025,82,0,0,7:55,8:05,heard,RBWO,1:35,56,2.4,60,,,
22,RTM,6/12/2025,82,0,0,7:55,8:05,heard,RHWO,0:35,71,6.3,157.5,,,
22,RTM,6/12/2025,82,0,0,7:55,8:05,heard,BASP,1:06,80,3.5,87.5,,,
22,RTM,6/12/2025,82,0,0,7:55,8:05,heard,TUTI,7:31,91,8.2,205,,,
22,RTM,6/12/2025,82,0,0,7:55,8:05,heard,RHWO,7:57,121,4.8,118.75,,,
22,EM,6/25/2025,83,0,0,9:00,9:10,heard,RHWO,0:36,176,4.9,121.25,,,
22,EM,6/25/2025,83,0,0,9:00,9:10,heard,RHWO,1:30,264,3.7,92.5,,,
22,EM,6/25/2025,83,0,0,9:00,9:10,heard,BASP,0:16,296,4.4,110,,,
22,EM,6/25/2025,83,0,0,9:00,9:10,heard,RHWO,8:47,321,3.3,82.5,,,
22,EM,6/25/2025,83,0,0,9:00,9:10,heard,CAWR,7:25,13,6.0,148.75,,,
22,EM,6/25/2025,83,0,0,9:00,9:10,heard,RBWO,3:10,48,9.9,247.5,,,
22,EM,6/25/2025,83,0,0,9:00,9:10,heard,BASP,0:56,62,4.5,112.5,,,
23,RTM,6/12/2025,79,0,0,7:27,7:37,heard,CAWR,0:01,343,3.4,83.75,,,
23,RTM,6/12/2025,79,0,0,7:27,7:37,heard,RBWO,4:25,329,4.6,115,,,
23,RTM,6/12/2025,79,0,0,7:27,7:37,heard,GCFL,0:25,35,4.7,116.25,,,
23,RTM,6/12/2025,79,0,0,7:27,7:37,heard,TUTI,1:29,46,3.5,87.5,,,
23,RTM,6/12/2025,79,0,0,7:27,7:37,heard,CAWR,0:13,53,6.3,157.5,,,
23,RTM,6/12/2025,79,0,0,7:27,7:37,heard,RBWO,0:58,130,5.0,123.75,,,
23,RTM,6/12/2025,79,0,0,7:27,7:37,heard,CACH,3:17,139,5.4,133.75,,,
23,EM,6/25/2025,90,0,1,10:06,10:16,heard,CAWR,6:18,335,2.5,61.25,,,
23,EM,6/25/2025,90,0,1,10:06,10:16,heard,NOFL,3:14,327,6.3,157.5,,,
23,EM,6/25/2025,90,0,1,10:06,10:16,heard,CACH,8:12,31,2.4,60,,,
23,EM,6/25/2025,90,0,1,10:06,10:16,heard,PIWO,8:17,38,4.5,112.5,,,
23,EM,6/25/2025,90,0,1,10:06,10:16,heard,RBWO,1:00,79,4.4,110,,,
23,EM,6/25/2025,90,0,1,10:06,10:16,heard,CAWR,7:40,146,3.6,90,,,
24,EM,6/13/2025,92,0,1,9:00,9:10,heard,RHWO,0:39,238,5.1,126.25,y,match,
24,EM,6/13/2025,92,0,1,9:00,9:10,heard,TUTI,1:36,283,3.6,88.75,y,match,
24,EM,6/13/2025,92,0,1,9:00,9:10,heard,WBNU,3:40,321,4.3,107.5,y,no_match,
24,EM,6/13/2025,92,0,1,9:00,9:10,heard,PIWO,2:21,344,6.9,172.5,y,no_match,
24,EM,6/13/2025,92,0,1,9:00,9:10,heard,RBWO,7:00,29,8.4,208.75,y,no_match,
24,EM,6/13/2025,92,0,1,9:00,9:10,heard,TUTI,3:01,27,4.5,112.5,y,match,
24,EM,6/13/2025,92,0,1,9:00,9:10,heard,WBNU,9:10,47,4.4,110,y,match,
24,EM,6/13/2025,92,0,1,9:00,9:10,heard,CAWR,0:15,66,2.4,60,y,match,
24,EM,6/13/2025,92,0,1,9:00,9:10,heard,PIWO,4:30,113,7.2,178.75,y,no_match,
24,RTM,6/13/2025,92,0,1,9:00,9:10,heard,TUTI,9:57,206,4.3,107.5,y,no_match,
24,RTM,6/13/2025,92,0,1,9:00,9:10,heard,BASP,8:02,190,6.5,162.5,y,no_match,
24,RTM,6/13/2025,92,0,1,9:00,9:10,heard,RHWO,0:34,230,5.2,130,y,match,
24,RTM,6/13/2025,92,0,1,9:00,9:10,heard,TUTI,0:37,291,3.4,83.75,y,match,
24,RTM,6/13/2025,92,0,1,9:00,9:10,heard,RHWO,1:53,315,2.7,67.5,y,no_match,
24,RTM,6/13/2025,92,0,1,9:00,9:10,heard,CAWR,2:14,340,3.4,83.75,y,no_match,
24,RTM,6/13/2025,92,0,1,9:00,9:10,heard,TUTI,0:27,27,5.8,145,y,match,
24,RTM,6/13/2025,92,0,1,9:00,9:10,heard,DOWO,3:59,42,1.7,41.25,y,no_match,
24,RTM,6/13/2025,92,0,1,9:00,9:10,heard,CAWR,0:10,44,3.8,93.75,y,match,
24,RTM,6/13/2025,92,0,1,9:00,9:10,heard,CAWR,4:35,118,2.5,62.5,y,no_match,
24,RTM,6/13/2025,92,0,1,9:00,9:10,heard,CAWR,0:11,89,6.3,156.25,y,no_match,
24,RTM,6/13/2025,92,0,1,9:00,9:10,heard,WBNU,2:40,107,5.8,145,y,match,
24,RTM,6/13/2025,92,0,1,9:00,9:10,heard,TUTI,6:12,133,5.5,137.5,y,no_match,
24,EM,6/26/2025,76,2,0,9:08,9:18,heard,BASP,2:13,316,2.6,65,,,
24,EM,6/26/2025,76,2,0,9:08,9:18,heard,TUTI,5:59,311,4.5,112.5,,,
24,EM,6/26/2025,76,2,0,9:08,9:18,heard,RHWO,1:06,334,5.4,135,,,
24,EM,6/26/2025,76,2,0,9:08,9:18,heard,BASP,4:19,35,5.4,133.75,,,
24,EM,6/26/2025,76,2,0,9:08,9:18,heard,RBWO,1:27,50,4.7,117.5,,,
24,EM,6/26/2025,76,2,0,9:08,9:18,heard,RHWO,0:28,124,6.3,156.25,,,
24,EM,6/26/2025,76,2,0,9:08,9:18,heard,RHWO,0:28,124,6.3,156.25,,,
25,EM,6/13/2025,83,1,0,9:33,9:43,heard,TUTI,8:57,254,1.9,46.25,y,match,
25,EM,6/13/2025,83,1,0,9:33,9:43,heard,BHNU,8:27,260,2.8,70,y,match,
25,EM,6/13/2025,83,1,0,9:33,9:43,heard,RBWO,3:22,242,5.5,137.5,y,no_match,
25,EM,6/13/2025,83,1,0,9:33,9:43,visual,RHWO,1:13,309,3.0,75,y,match,
25,EM,6/13/2025,83,1,0,9:33,9:43,heard,TUTI,1:35,345,2.9,72.5,y,match,
25,EM,6/13/2025,83,1,0,9:33,9:43,heard,BASP,9:36,353,4.7,116.25,y,match,
25,EM,6/13/2025,83,1,0,9:33,9:43,heard,GCFL,2:13,37,1.9,47.5,y,no_match,
25,EM,6/13/2025,83,1,0,9:33,9:43,heard,CAWR,0:23,48,2.9,71.25,y,match,
25,RTM,6/13/2025,83,1,0,9:33,9:43,heard,TUTI,2:08,213,3.3,82.5,y,match,
25,RTM,6/13/2025,83,1,0,9:33,9:43,heard,CAWR,2:37,277,1.9,47.5,y,no_match,
25,RTM,6/13/2025,83,1,0,9:33,9:43,heard,WBNU,0:34,281,3.9,97.5,y,no_match,
25,RTM,6/13/2025,83,1,0,9:33,9:43,heard,BHNU,6:58,322,2.0,48.75,y,match,
25,RTM,6/13/2025,83,1,0,9:33,9:43,heard,RHWO,7:44,108,5.5,137.5,y,no_match,
25,RTM,6/13/2025,83,1,0,9:33,9:43,visual,RHWO,3:14,327,4.4,110,y,match,
25,RTM,6/13/2025,83,1,0,9:33,9:43,heard,BASP,9:30,341,6.1,152.5,y,match,
25,RTM,6/13/2025,83,1,0,9:33,9:43,heard,RHWO,8:59,6,3.6,88.75,y,no_match,
25,RTM,6/13/2025,83,1,0,9:33,9:43,heard,TUTI,1:20,15,5.6,140,y,match,
25,RTM,6/13/2025,83,1,0,9:33,9:43,heard,CAWR,0:18,39,5.0,123.75,y,match,
25,RTM,6/13/2025,83,1,0,9:33,9:43,heard,BASP,5:53,52,7.4,185,y,no_match,
25,RTM,6/13/2025,83,1,0,9:33,9:43,heard,EABL,6:42,139,2.2,55,y,no_match,
25,RTM,6/13/2025,83,1,0,9:33,9:43,heard,WBNU,3:57,126,6.3,156.25,y,no_match,
25,EM,6/26/2025,78,2,0,10:19,10:29,heard,RHWO,0:08,290,3.2,78.75,,,
25,EM,6/26/2025,78,2,0,10:19,10:29,heard,CAWR,0:51,328,2.4,60,,,
25,EM,6/26/2025,78,2,0,10:19,10:29,heard,RBWO,3:44,1,7.6,190,,,
25,EM,6/26/2025,78,2,0,10:19,10:29,heard,CAWR,3:17,74,2.8,70,,,
26,EM,6/13/2025,85,1,2,10:12,10:22,heard,CAWR,2:03,251,3.6,90,y,match,
26,EM,6/13/2025,85,1,2,10:12,10:22,heard,PIWO,4:21,344,8.2,205,y,no_match,
26,EM,6/13/2025,85,1,2,10:12,10:22,heard,TUTI,2:37,338,5.7,142.5,y,match,
26,EM,6/13/2025,85,1,2,10:12,10:22,heard,TUTI,0:16,12,4.5,111.25,y,match,
26,EM,6/13/2025,85,1,2,10:12,10:22,heard,CAWR,8:01,56,2.9,71.25,y,match,
26,RTM,6/13/2025,85,1,2,10:12,10:22,heard,CAWR,1:49,202,5.4,135,y,match,
26,RTM,6/13/2025,85,1,2,10:12,10:22,heard,TUTI,9:25,285,4.5,111.25,y,match,
26,RTM,6/13/2025,85,1,2,10:12,10:22,heard,RHWO,4:35,293,5.8,143.75,y,no_match,
26,RTM,6/13/2025,85,1,2,10:12,10:22,heard,BHNU,1:02,321,5.4,135,y,no_match,
26,RTM,6/13/2025,85,1,2,10:12,10:22,heard,CAWR,0:49,334,5.3,131.25,y,no_match,
26,RTM,6/13/2025,85,1,2,10:12,10:22,heard,RHWO,2:24,344,7.3,181.25,y,no_match,
26,RTM,6/13/2025,85,1,2,10:12,10:22,heard,RBWO,0:31,2,7.5,186.25,y,no_match,
26,RTM,6/13/2025,85,1,2,10:12,10:22,heard,CAWR,7:07,12,6.9,172.5,y,no_match,
26,RTM,6/13/2025,85,1,2,10:12,10:22,heard,TUTI,0:16,37,6.9,172.5,y,no_match,
26,RTM,6/13/2025,85,1,2,10:12,10:22,heard,CAWR,7:33,61,1.7,41.25,y,match,
26,RTM,6/13/2025,85,1,2,10:12,10:22,heard,CACH,1:59,159,1.4,33.75,y,no_match,
26,RTM,6/13/2025,85,1,2,10:12,10:22,heard,RCWO,2:01,170,2.9,72.5,y,no_match,
26,EM,6/26/2025,78,2,1,10:52,11:02,heard,CAWR,1:50,313,3.2,80,,,
26,EM,6/26/2025,78,2,1,10:52,11:02,heard,BASP,1:27,40,4.5,112.5,,,
27,EM,6/13/2025,85,0,1,8:29,8:39,heard,GCFL,3:56,296,1.5,36.25,y,match,
27,EM,6/13/2025,85,0,1,8:29,8:39,heard,GCFL,3:56,296,1.5,36.25,y,no_match,
27,EM,6/13/2025,85,0,1,8:29,8:39,heard,EABL,1:42,308,1.9,47.5,y,match,
27,EM,6/13/2025,85,0,1,8:29,8:39,heard,CACH,7:14,315,3.1,77.5,y,match,
27,EM,6/13/2025,85,0,1,8:29,8:39,heard,BHNU,1:16,339,3.1,76.25,y,match,
27,EM,6/13/2025,85,0,1,8:29,8:39,heard,GCFL,8:21,358,2.8,70,y,no_match,
27,EM,6/13/2025,85,0,1,8:29,8:39,heard,RBWO,0:37,22,4.6,113.75,y,match,
27,EM,6/13/2025,85,0,1,8:29,8:39,heard,GCFL,1:51,45,3.2,78.75,y,match,
27,EM,6/13/2025,85,0,1,8:29,8:39,heard,GCFL,1:51,45,3.2,78.75,y,no_match,
27,EM,6/13/2025,85,0,1,8:29,8:39,heard,RHWO,1:00,113,3.4,85,y,match,
27,RTM,6/13/2025,85,0,1,8:29,8:39,visual,GCFL,3:55,1,0.5,12.5,y,match,
27,RTM,6/13/2025,85,0,1,8:29,8:39,heard,EABL,0:57,24,1.7,41.25,y,match,
27,RTM,6/13/2025,85,0,1,8:29,8:39,heard,CAWR,5:57,330,2.6,65,y,no_match,
27,RTM,6/13/2025,85,0,1,8:29,8:39,heard,BHNU,1:05,14,2.4,58.75,y,match,
27,RTM,6/13/2025,85,0,1,8:29,8:39,heard,CACH,6:09,12,3.7,92.5,y,match,
27,RTM,6/13/2025,85,0,1,8:29,8:39,heard,TUTI,7:05,12,4.4,108.75,y,no_match,
27,RTM,6/13/2025,85,0,1,8:29,8:39,heard,RBWO,0:37,33,2.2,55,y,match,
27,RTM,6/13/2025,85,0,1,8:29,8:39,heard,GCFL,0:57,57,1.6,38.75,y,match,
27,RTM,6/13/2025,85,0,1,8:29,8:39,heard,RBWO,0:08,96,5.4,135,y,no_match,
27,RTM,6/13/2025,85,0,1,8:29,8:39,heard,RHWO,0:09,111,4.4,110,y,match,
27,RTM,6/13/2025,85,0,1,8:29,8:39,heard,RHWO,4:31,137,6.4,158.75,y,no_match,
27,RTM,6/13/2025,85,0,1,8:29,8:39,heard,CAWR,4:47,125,7.5,186.25,y,no_match,
27,RTM,6/13/2025,85,0,1,8:29,8:39,heard,CACH,2:10,155,2.7,67.5,y,no_match,
27,EM,6/26/2025,74,2,0,8:15,8:25,heard,GCFL,8:34,299,3.6,90,,,
27,EM,6/26/2025,74,2,0,8:15,8:25,heard,RBWO,2:55,307,7.1,176.25,,,
27,EM,6/26/2025,74,2,0,8:15,8:25,heard,RBWO,9:26,3,4.6,115,,,
27,EM,6/26/2025,74,2,0,8:15,8:25,heard,GCFL,0:18,30,3.9,96.25,,,
27,EM,6/26/2025,74,2,0,8:15,8:25,heard,TUTI,3:21,55,4.4,110,,,
27,EM,6/26/2025,74,2,0,8:15,8:25,heard,CAWR,3:34,78,3.2,80,,,
27,EM,6/26/2025,74,2,0,8:15,8:25,heard,GCFL,5:14,75,6.9,171.25,,,
28,EM,6/13/2025,85,0,0,8:05,8:15,heard,RHWO,3:30,216,4.6,115,y,no_match,
28,EM,6/13/2025,85,0,0,8:05,8:15,heard,RBWO,6:03,223,5.8,145,y,match,
28,EM,6/13/2025,85,0,0,8:05,8:15,heard,BHNU,5:29,270,3.8,95,y,no_match,
28,EM,6/13/2025,85,0,0,8:05,8:15,heard,RHWO,1:17,314,4.6,115,y,match,
28,EM,6/13/2025,85,0,0,8:05,8:15,heard,TUTI,6:53,319,3.7,92.5,y,match,
28,EM,6/13/2025,85,0,0,8:05,8:15,heard,CAWR,2:01,33,2.4,60,y,no_match,
28,EM,6/13/2025,85,0,0,8:05,8:15,heard,CAWR,0:21,131,3.6,88.75,y,match,
28,EM,6/13/2025,85,0,0,8:05,8:15,heard,RBWO,0:01,141,5.3,132.5,y,match,
28,RTM,6/13/2025,85,0,0,8:05,8:15,heard,CAWR,6:33,210,7.6,190,y,no_match,
28,RTM,6/13/2025,85,0,0,8:05,8:15,heard,EABL,1:45,226,3.8,95,y,no_match,
28,RTM,6/13/2025,85,0,0,8:05,8:15,heard,BASP,2:28,241,5.6,140,y,no_match,
28,RTM,6/13/2025,85,0,0,8:05,8:15,heard,TUTI,4:42,303,3.2,80,y,match,
28,RTM,6/13/2025,85,0,0,8:05,8:15,heard,RHWO,1:12,315,3.3,82.5,y,match,
28,RTM,6/13/2025,85,0,0,8:05,8:15,heard,CAWR,1:42,335,1.7,42.5,y,match,
28,RTM,6/13/2025,85,0,0,8:05,8:15,heard,RHWO,8:15,349,2.2,55,y,no_match,
28,RTM,6/13/2025,85,0,0,8:05,8:15,heard,BASP,2:10,55,4.3,107.5,y,no_match,
28,RTM,6/13/2025,85,0,0,8:05,8:15,heard,EABL,6:30,80,3.2,80,y,no_match,
28,RTM,6/13/2025,85,0,0,8:05,8:15,heard,RBWO,0:02,82,5.8,145,y,match,
28,RTM,6/13/2025,85,0,0,8:05,8:15,heard,CAWR,0:01,156,2.4,58.75,y,match,
28,RTM,6/13/2025,85,0,0,8:05,8:15,heard,RBWO,0:30,177,4.6,115,y,match,
28,RTM,6/13/2025,85,0,0,8:05,8:15,heard,TUTI,5:08,180,7.5,187.5,y,no_match,
28,RTM,6/26/2025,72,2,0,7:43,7:53,heard,RHWO,0:08,192,3.5,86.25,,,
28,RTM,6/26/2025,72,2,0,7:43,7:53,heard,RCWO,0:01,192,1.3,32.5,,,
28,RTM,6/26/2025,72,2,0,7:43,7:53,visual,RCWO,3:25,237,1.9,47.5,,,
28,RTM,6/26/2025,72,2,0,7:43,7:53,heard,RHWO,7:42,235,6.5,162.5,,,
28,RTM,6/26/2025,72,2,0,7:43,7:53,heard,RHWO,8:40,252,5.8,145,,,
28,RTM,6/26/2025,72,2,0,7:43,7:53,heard,BHNU,3:44,300,1.0,25,,,
28,RTM,6/26/2025,72,2,0,7:43,7:53,heard,WBNU,1:35,283,2.5,61.25,,,
28,RTM,6/26/2025,72,2,0,7:43,7:53,heard,CAWR,0:18,281,4.9,122.5,,,
28,RTM,6/26/2025,72,2,0,7:43,7:53,visual,DOWO,0:01,327,1.3,32.5,,,
28,RTM,6/26/2025,72,2,0,7:43,7:53,heard,RHWO,3:08,306,3.6,90,,,
28,RTM,6/26/2025,72,2,0,7:43,7:53,heard,BASP,1:20,301,5.1,126.25,,,
28,RTM,6/26/2025,72,2,0,7:43,7:53,heard,BASP,7:32,11,4.8,120,,,
29,EM,6/13/2025,87,1,2,10:41,10:51,heard,CACH,1:26,177,1.7,42.5,y,match,
29,EM,6/13/2025,87,1,2,10:41,10:51,heard,CAWR,0:33,246,1.7,41.25,y,match,
29,EM,6/13/2025,87,1,2,10:41,10:51,heard,CAWR,0:10,17,2.0,49.75,y,match,
29,EM,6/13/2025,87,1,2,10:41,10:51,heard,BHNU,4:21,34,3.0,75,y,no_match,
29,RTM,6/13/2025,87,1,2,10:41,10:51,heard,CAWR,0:09,272,2.5,62.5,y,match,
29,RTM,6/13/2025,87,1,2,10:41,10:51,heard,DOWO,1:13,316,1.4,35,y,no_match,
29,RTM,6/13/2025,87,1,2,10:41,10:51,heard,CAWR,0:08,40,2.0,50,y,match,
29,RTM,6/13/2025,87,1,2,10:41,10:51,heard,CAWR,1:41,60,7.3,182.5,y,no_match,
29,RTM,6/13/2025,87,1,2,10:41,10:51,heard,CACH,0:47,148,2.0,48.75,y,match,
29,RTM,6/26/2025,72,2,0,7:12,7:22,heard,RBWO,0:38,214,4.7,117.5,,,
29,RTM,6/26/2025,72,2,0,7:12,7:22,heard,TUTI,8:46,285,7.5,187.5,,,
29,RTM,6/26/2025,72,2,0,7:12,7:22,heard,RHWO,6:14,311,7.2,180,,,
29,RTM,6/26/2025,72,2,0,7:12,7:22,heard,CAWR,1:32,71,5.8,143.75,,,
29,RTM,6/26/2025,72,2,0,7:12,7:22,heard,CAWR,1:30,117,5.1,127.5,,,
29,RTM,6/26/2025,72,2,0,7:12,7:22,heard,RHWO,5:25,159,3.4,85,,,
29,RTM,6/26/2025,72,2,0,7:12,7:22,heard,PIWO,4:06,323,9.2,230,,,
30,EM,6/13/2025,83,0,0,7:37,7:47,heard,RHWO,8:10,305,3.5,87.5,y,match,
30,EM,6/13/2025,83,0,0,7:37,7:47,heard,RBWO,0:30,314,4.6,115,y,match,
30,EM,6/13/2025,83,0,0,7:37,7:47,heard,RHWO,5:19,230,8.3,207.5,y,no_match,
30,EM,6/13/2025,83,0,0,7:37,7:47,heard,RHWO,1:34,108,4.3,107.5,y,match,
30,EM,6/13/2025,83,0,0,7:37,7:47,heard,RHWO,4:12,349,7.7,191.25,y,no_match,
30,EM,6/13/2025,83,0,0,7:37,7:47,heard,RBWO,2:15,145,8.4,210,y,match,
30,RTM,6/13/2025,83,0,0,7:37,7:47,heard,EABL,0:46,241,3.1,77.5,y,no_match,
30,RTM,6/13/2025,83,0,0,7:37,7:47,heard,RHWO,3:35,230,7.5,187.5,y,match,
30,RTM,6/13/2025,83,0,0,7:37,7:47,heard,RBWO,0:25,293,3.7,91.25,y,match,
30,RTM,6/13/2025,83,0,0,7:37,7:47,heard,RHWO,8:10,349,3.9,97.5,y,match,
30,RTM,6/13/2025,83,0,0,7:37,7:47,heard,TUTI,6:55,18,7.8,195,y,no_match,
30,RTM,6/13/2025,83,0,0,7:37,7:47,heard,EABL,0:31,46,5.6,140,y,no_match,
30,RTM,6/13/2025,83,0,0,7:37,7:47,heard,CAWR,2:41,48,3.7,92.5,y,no_match,
30,RTM,6/13/2025,83,0,0,7:37,7:47,heard,RHWO,1:28,121,5.2,128.75,y,match,
30,RTM,6/13/2025,83,0,0,7:37,7:47,heard,RBWO,2:08,139,6.9,171.25,y,match,
30,RTM,6/26/2025,74,2,0,8:16,8:26,heard,CACH,1:58,206,1.9,47.5,,,
30,RTM,6/26/2025,74,2,0,8:16,8:26,heard,CAWR,0:26,263,4.5,112.5,,,
30,RTM,6/26/2025,74,2,0,8:16,8:26,heard,CAWR,0:05,342,2.3,56.25,,,
30,RTM,6/26/2025,74,2,0,8:16,8:26,heard,RBWO,1:11,342,4.4,108.75,,,
30,RTM,6/26/2025,74,2,0,8:16,8:26,visual,RHWO,5:49,337,6.5,162.5,,,
30,RTM,6/26/2025,74,2,0,8:16,8:26,heard,CAWR,0:55,329,7.6,190,,,
30,RTM,6/26/2025,74,2,0,8:16,8:26,heard,PIWO,6:53,354,8.2,205,,,
30,RTM,6/26/2025,74,2,0,8:16,8:26,heard,DOWO,5:13,7,4.4,108.75,,,
30,RTM,6/26/2025,74,2,0,8:16,8:26,heard,WBNU,0:14,52,3.6,90,,,
30,RTM,6/26/2025,74,2,0,8:16,8:26,visual,RHWO,7:28,73,3.7,92.5,,,
30,RTM,6/26/2025,74,2,0,8:16,8:26,heard,RHWO,0:39,86,6.3,157.5,,,
30,RTM,6/26/2025,74,2,0,8:16,8:26,heard,CAWR,3:30,136,6.2,153.75,,,
30,RTM,6/26/2025,74,2,0,8:16,8:26,heard,RBWO,3:36,159,6.2,155,,,
31,EM,6/13/2025,91,1,2,11:31,11:41,visual,RHWO,5:48,272,0.6,15,y,match,
31,EM,6/13/2025,91,1,2,11:31,11:41,heard,RBWO,0:58,269,2.3,57.5,y,no_match,
31,EM,6/13/2025,91,1,2,11:31,11:41,heard,BHNU,2:16,336,2.8,70,y,match,
31,EM,6/13/2025,91,1,2,11:31,11:41,heard,RBWO,2:46,316,4.8,120,y,no_match,
31,EM,6/13/2025,91,1,2,11:31,11:41,heard,TUTI,8:31,327,6.9,172.5,y,match,
31,EM,6/13/2025,91,1,2,11:31,11:41,heard,GCFL,1:35,33,2.2,55,y,match,
31,EM,6/13/2025,91,1,2,11:31,11:41,heard,CAWR,4:28,35,4.9,122.5,y,no_match,
31,RTM,6/13/2025,91,1,2,11:31,11:41,visual,RHWO,5:48,270,1.1,27.5,y,match,
31,RTM,6/13/2025,91,1,2,11:31,11:41,visual,RHWO,5:48,270,1.1,27.5,y,no_match,
31,RTM,6/13/2025,91,1,2,11:31,11:41,heard,RHWO,0:33,284,1.9,47.5,y,no_match,
31,RTM,6/13/2025,91,1,2,11:31,11:41,heard,BHNU,9:01,249,3.6,90,y,no_match,
31,RTM,6/13/2025,91,1,2,11:31,11:41,heard,TUTI,8:27,243,5.0,123.75,y,match,
31,RTM,6/13/2025,91,1,2,11:31,11:41,heard,BHNU,1:38,328,2.3,57.5,y,match,
31,RTM,6/13/2025,91,1,2,11:31,11:41,heard,WBNU,0:32,335,3.0,75,y,no_match,
31,RTM,6/13/2025,91,1,2,11:31,11:41,heard,GCFL,1:54,47,2.2,53.75,y,match,
31,RTM,6/13/2025,91,1,2,11:31,11:41,heard,WBNU,3:38,54,5.6,140,y,no_match,
31,RTM,6/13/2025,91,1,2,11:31,11:41,heard,DOWO,4:16,49,5.7,142.5,y,no_match,
31,RTM,6/13/2025,91,1,2,11:31,11:41,heard,EABL,9:21,82,5.4,135,y,no_match,
31,RTM,6/13/2025,91,1,2,11:31,11:41,heard,BHNU,1:19,133,3.6,90,y,no_match,
31,RTM,6/26/2025,76,1,0,8:45,8:55,heard,RHWO,3:28,190,5.8,145,,,
31,RTM,6/26/2025,76,1,0,8:45,8:55,heard,NOFL,0:55,235,6.4,158.75,,,
31,RTM,6/26/2025,76,1,0,8:45,8:55,heard,CAWR,1:15,281,3.7,92.5,,,
31,RTM,6/26/2025,76,1,0,8:45,8:55,visual,NOFL,2:37,109,2.1,52.5,,,
31,RTM,6/26/2025,76,1,0,8:45,8:55,heard,NOFL,3:13,137,2.2,55,,,
32,EM,6/13/2025,88,1,2,11:06,11:16,heard,RHWO,5:43,275,6.8,168.75,y,match,
32,EM,6/13/2025,88,1,2,11:06,11:16,heard,TUTI,5:31,299,6.9,172.5,y,no_match,
32,EM,6/13/2025,88,1,2,11:06,11:16,heard,BHNU,7:56,319,5.1,127.5,y,match,
32,EM,6/13/2025,88,1,2,11:06,11:16,heard,TUTI,5:08,10,5.8,143.75,y,no_match,
32,EM,6/13/2025,88,1,2,11:06,11:16,heard,RBWO,8:10,35,4.3,107.5,y,no_match,
32,EM,6/13/2025,88,1,2,11:06,11:16,heard,DOWO,2:50,87,4.5,111.25,y,match,
32,EM,6/13/2025,88,1,2,11:06,11:16,heard,RBWO,0:02,125,5.3,132.5,y,match,
32,RTM,6/13/2025,88,1,2,11:06,11:16,heard,RHWO,0:26,281,3.7,91.25,y,match,
32,RTM,6/13/2025,88,1,2,11:06,11:16,heard,BHNU,2:32,325,3.3,82.5,y,match,
32,RTM,6/13/2025,88,1,2,11:06,11:16,heard,WBNU,2:39,347,2.9,72.5,y,no_match,
32,RTM,6/13/2025,88,1,2,11:06,11:16,heard,RHWO,0:03,78,4.9,122.5,y,no_match,
32,RTM,6/13/2025,88,1,2,11:06,11:16,heard,DOWO,2:48,78,2.2,53.75,y,match,
32,RTM,6/13/2025,88,1,2,11:06,11:16,heard,BHNU,7:59,91,6.1,152.5,y,no_match,
32,RTM,6/13/2025,88,1,2,11:06,11:16,heard,CAWR,3:37,91,7.1,176.25,y,no_match,
32,RTM,6/13/2025,88,1,2,11:06,11:16,heard,RBWO,3:22,103,5.5,136.25,y,match,
32,RTM,6/13/2025,88,1,2,11:06,11:16,visual,RHWO,4:04,105,7.4,183.75,y,no_match,
32,RTM,6/13/2025,88,1,2,11:06,11:16,heard,TUTI,4:10,133,7.4,185,y,no_match,
32,RTM,6/13/2025,88,1,2,11:06,11:16,heard,RHWO,5:48,160,7.3,182.5,y,no_match,
32,RTM,6/26/2025,80,1,0,9:15,9:25,heard,RHWO,2:12,208,8.0,198.75,,,
32,RTM,6/26/2025,80,1,0,9:15,9:25,heard,GCFL,0:22,244,3.6,90,,,
32,RTM,6/26/2025,80,1,0,9:15,9:25,heard,EABL,5:20,268,6.2,155,,,
32,RTM,6/26/2025,80,1,0,9:15,9:25,heard,GCFL,1:05,65,5.5,137.5,,,
32,RTM,6/26/2025,80,1,0,9:15,9:25,heard,RBWO,6:15,76,3.2,80,,,
32,RTM,6/26/2025,80,1,0,9:15,9:25,heard,CAWR,4:56,81,6.2,155,,,
27,RTM,7/10/2025,81,0,0,8:41,8:51,heard,PIWO,4:29,296,8.8,220,,,
27,RTM,7/10/2025,81,0,0,8:41,8:51,heard,RHWO,1:21,319,5.4,133.75,,,
27,RTM,7/10/2025,81,0,0,8:41,8:51,heard,RBWO,5:31,4,2.1,52.5,,,
27,RTM,7/10/2025,81,0,0,8:41,8:51,heard,CAWR,9:13,6,5.5,137.5,,,
27,RTM,7/10/2025,81,0,0,8:41,8:51,heard,WBNU,1:46,33,5.4,135,,,
27,RTM,7/10/2025,81,0,0,8:41,8:51,heard,TUTI,0:43,47,6.6,165,,,
27,RTM,7/10/2025,81,0,0,8:41,8:51,heard,RHWO,0:11,213,6.5,161.25,,,
27,RTM,7/10/2025,81,0,0,8:41,8:51,heard,DOWO,4:30,225,1.7,42.5,,,
27,RTM,7/10/2025,81,0,0,8:41,8:51,heard,CAWR,0:05,278,3.3,81.25,,,
26,RTM,7/10/2025,76,1,0,7:21,7:31,heard,RHWO,7:32,42,5.5,136.25,,,
26,RTM,7/10/2025,76,1,0,7:21,7:31,heard,CAWR,7:01,61,3.6,90,,,
26,RTM,7/10/2025,76,1,0,7:21,7:31,heard,RHWO,0:40,150,7.2,180,,,
26,RTM,7/10/2025,76,1,0,7:21,7:31,heard,CAWR,5:37,237,1.6,40,,,
26,RTM,7/10/2025,76,1,0,7:21,7:31,heard,RHWO,6:15,274,5.9,147.5,,,
26,RTM,7/10/2025,76,1,0,7:21,7:31,heard,RHWO,5:28,323,7.1,176.25,,,
26,RTM,7/10/2025,76,1,0,7:21,7:31,heard,CAWR,0:14,333,7.6,190,,,
26,RTM,7/10/2025,76,1,0,7:21,7:31,heard,RHWO,6:14,337,6.4,160,,,
25,RTM,7/10/2025,76,0,0,7:45,7:55,heard,BASP,0:01,9,6.2,153.75,,,
25,RTM,7/10/2025,76,0,0,7:45,7:55,heard,RHWO,4:52,12,4.3,107.5,,,
25,RTM,7/10/2025,76,0,0,7:45,7:55,heard,CAWR,8:07,46,3.6,90,,,
25,RTM,7/10/2025,76,0,0,7:45,7:55,heard,TUTI,0:51,53,4.6,115,,,
25,RTM,7/10/2025,76,0,0,7:45,7:55,heard,RHWO,2:24,101,5.6,140,,,
25,RTM,7/10/2025,76,0,0,7:45,7:55,heard,GCFL,0:31,109,5.1,127.5,,,
25,RTM,7/10/2025,76,0,0,7:45,7:55,heard,RHWO,1:10,139,7.7,191.25,,,
25,RTM,7/10/2025,76,0,0,7:45,7:55,heard,CAWR,0:13,262,3.4,85,,,
25,RTM,7/10/2025,76,0,0,7:45,7:55,heard,CAWR,1:40,336,4.6,113.75,,,
25,RTM,7/10/2025,76,0,0,7:45,7:55,heard,TUTI,3:51,335,7.1,176.25,,,
24,RTM,7/10/2025,78,0,0,8:11,8:21,heard,DOWO,1:40,343,1.2,28.75,,,
24,RTM,7/10/2025,78,0,0,8:11,8:21,heard,CAWR,9:59,32,7.1,176.25,,,
24,RTM,7/10/2025,78,0,0,8:11,8:21,heard,WBNU,3:03,56,3.7,92.5,,,
24,RTM,7/10/2025,78,0,0,8:11,8:21,heard,RBWO,0:49,56,4.8,118.75,,,
24,RTM,7/10/2025,78,0,0,8:11,8:21,heard,CAWR,0:07,109,1.7,42.5,,,
24,RTM,7/10/2025,78,0,0,8:11,8:21,heard,RBWO,9:08,164,7.4,185,,,
24,RTM,7/10/2025,78,0,0,8:11,8:21,heard,TUTI,7:30,162,2.3,57.5,,,
24,RTM,7/10/2025,78,0,0,8:11,8:21,heard,TUTI,0:20,218,1.3,32.5,,,
24,RTM,7/10/2025,78,0,0,8:11,8:21,heard,RHWO,8:16,228,4.4,110,,,
24,RTM,7/10/2025,78,0,0,8:11,8:21,heard,TUTI,2:06,285,3.8,95,,,
24,RTM,7/10/2025,78,0,0,8:11,8:21,heard,RBWO,9:10,316,3.6,90,,,
23,EM,7/9/2025,86,1,2,11:02,11:12,heard,TUTI,6:39,336,5.0,125,,,
23,EM,7/9/2025,86,1,2,11:02,11:12,heard,RBWO,0:19,43,3.1,77.5,,,
23,EM,7/9/2025,86,1,2,11:02,11:12,heard,CAWR,5:07,53,4.3,107.5,,,
23,EM,7/9/2025,86,1,2,11:02,11:12,heard,RBWO,0:20,287,3.4,83.75,,,
22,EM,7/9/2025,85,2,2,10:30,10:40,heard,BASP,0:26,351,3.3,81.25,,,
22,EM,7/9/2025,85,2,2,10:30,10:40,heard,TUTI,0:11,341,1.8,43.75,,,
22,EM,7/9/2025,85,2,2,10:30,10:40,heard,CAWR,6:32,52,3.2,80,,,
22,EM,7/9/2025,85,2,2,10:30,10:40,heard,BHNU,3:34,121,4.1,102.5,,,
22,EM,7/9/2025,85,2,2,10:30,10:40,heard,PIWO,3:00,127,9.8,245,,,
22,EM,7/9/2025,85,2,2,10:30,10:40,heard,BASP,0:43,288,3.5,86.25,,,
22,EM,7/9/2025,85,2,2,10:30,10:40,heard,BASP,0:43,289,3.5,87.5,,,
22,EM,7/9/2025,85,2,2,10:30,10:40,heard,PIWO,4:23,272,8.9,222.5,,,
21,EM,7/9/2025,82,2,0,8:04,8:14,heard,CACH,0:18,1,2.6,65,,,
21,EM,7/9/2025,82,2,0,8:04,8:14,heard,RBWO,7:33,23,4.7,117.5,,,
21,EM,7/9/2025,82,2,0,8:04,8:14,heard,TUTI,2:45,34,3.5,87.5,,,
21,EM,7/9/2025,82,2,0,8:04,8:14,heard,RHWO,0:57,125,5.5,136.25,,,
21,EM,7/9/2025,82,2,0,8:04,8:14,heard,CAWR,7:33,293,1.5,36.25,,,
20,EM,7/9/2025,82,2,0,8:54,9:04,heard,BASP,2:49,105,5.6,138.75,,,
20,EM,7/9/2025,82,2,0,8:54,9:04,heard,CAWR,0:53,217,1.5,36.25,,,
20,EM,7/9/2025,82,2,0,8:54,9:04,heard,RBWO,3:40,210,7.0,175,,,
20,EM,7/9/2025,82,2,0,8:54,9:04,heard,RHWO,3:50,225,7.7,192.5,,,
20,EM,7/9/2025,82,2,0,8:54,9:04,heard,TUTI,2:38,238,6.4,158.75,,,
20,EM,7/9/2025,82,2,0,8:54,9:04,heard,RBWO,6:19,264,2.2,55,,,
19,RTM,7/9/2025,78,2,0,7:43,7:53,heard,BHNU,1:14,22,3.6,88.75,,,
19,RTM,7/9/2025,78,2,0,7:43,7:53,heard,WBNU,1:45,27,4.5,111.25,,,
19,RTM,7/9/2025,78,2,0,7:43,7:53,heard,TUTI,1:39,27,8.3,207.5,,,
19,RTM,7/9/2025,78,2,0,7:43,7:53,heard,RHWO,9:50,47,5.6,138.75,,,
19,RTM,7/9/2025,78,2,0,7:43,7:53,heard,RBWO,2:04,67,6.8,170,,,
19,RTM,7/9/2025,78,2,0,7:43,7:53,heard,BASP,2:55,79,6.7,166.25,,,
19,RTM,7/9/2025,78,2,0,7:43,7:53,heard,BASP,2:50,208,4.7,117.5,,,
19,RTM,7/9/2025,78,2,0,7:43,7:53,heard,CAWR,1:13,309,6.4,158.75,,,
18,EM,7/9/2025,82,2,1,9:31,9:41,heard,CAWR,0:46,28,5.2,130,,,
18,EM,7/9/2025,82,2,1,9:31,9:41,heard,BASP,6:50,51,3.3,82.5,,,
18,EM,7/9/2025,82,2,1,9:31,9:41,heard,RHWO,8:14,59,8.2,203.75,,,
18,EM,7/9/2025,82,2,1,9:31,9:41,heard,CAWR,0:46,91,5.4,135,,,
17,RTM,7/9/2025,82,2,1,8:15,8:25,heard,WBNU,6:10,91,1.3,32.5,,,
17,RTM,7/9/2025,82,2,1,8:15,8:25,heard,RHWO,3:36,43,5.5,136.25,,,
17,RTM,7/9/2025,82,2,1,8:15,8:25,heard,RHWO,3:35,82,6.4,158.75,,,
17,RTM,7/9/2025,82,2,1,8:15,8:25,heard,WBNU,5:30,128,6.6,163.75,,,
17,RTM,7/9/2025,82,2,1,8:15,8:25,heard,RBWO,8:59,140,9.1,227.5,,,
17,RTM,7/9/2025,82,2,1,8:15,8:25,heard,RHWO,9:28,155,7.5,187.5,,,
17,RTM,7/9/2025,82,2,1,8:15,8:25,heard,RBWO,0:10,237,6.3,157.5,,,
17,RTM,7/9/2025,82,2,1,8:15,8:25,heard,DOWO,4:23,242,4.3,106.25,,,
17,RTM,7/9/2025,82,2,1,8:15,8:25,heard,BASP,5:57,330,3.7,91.25,,,
16,RTM,7/9/2025,83,2,2,9:08,9:18,heard,RCWO,6:14,50,3.7,91.25,,,
16,RTM,7/9/2025,83,2,2,9:08,9:18,heard,BASP,2:55,48,4.8,118.75,,,
16,RTM,7/9/2025,83,2,2,9:08,9:18,heard,RCWO,7:05,76,4.4,110,,,
16,RTM,7/9/2025,83,2,2,9:08,9:18,visual,WODU,0:08,210,1.7,41.25,,,
16,RTM,7/9/2025,83,2,2,9:08,9:18,visual,WODU,0:08,210,1.7,42.5,,,
16,RTM,7/9/2025,83,2,2,9:08,9:18,heard,CAWR,0:27,295,3.6,90,,,
16,RTM,7/9/2025,83,2,2,9:08,9:18,heard,GCFL,0:39,289,5.7,142.5,,,
15,RTM,7/9/2025,84,2,2,8:48,8:58,heard,CAWR,8:50,42,3.2,80,,,
15,RTM,7/9/2025,84,2,2,8:48,8:58,heard,RBWO,5:10,238,1.9,46.25,,,
15,RTM,7/9/2025,84,2,2,8:48,8:58,heard,BASP,0:57,261,3.2,80,,,
15,RTM,7/9/2025,84,2,2,8:48,8:58,heard,TUTI,8:10,352,4.6,113.75,,,
1,EM,7/7/2025,84,1,1,10:00,10:10,heard,BASP,0:10,333,3.5,86.25,,,
1,EM,7/7/2025,84,1,1,10:00,10:10,heard,BASP,0:15,122,3.5,86.25,,,
1,EM,7/7/2025,84,1,1,10:00,10:10,heard,WBNU,0:40,110,5.4,135,,,
1,EM,7/25/2025,74,1,0,7:49,7:59,heard,BASP,0:21,308,4.3,107.5,,,
1,EM,7/25/2025,74,1,0,7:49,7:59,heard,BASP,0:48,1,3.5,87.5,,,
1,EM,7/25/2025,74,1,0,7:49,7:59,heard,CAWR,1:34,219,3.4,83.75,,,
1,EM,7/25/2025,74,1,0,7:49,7:59,heard,RBWO,2:32,119,5.7,141.25,,,
1,EM,7/25/2025,74,1,0,7:49,7:59,heard,BASP,4:10,51,6.6,165,,,
1,EM,7/25/2025,74,1,0,7:49,7:59,heard,TUTI,5:30,108,4.4,110,,,
1,EM,7/25/2025,74,1,0,7:49,7:59,heard,TUTI,6:24,329,5.3,131.25,,,
1,EM,7/25/2025,74,1,0,7:49,7:59,heard,BASP,8:31,177,5.2,128.75,,,
2,EM,7/7/2025,80,2,2,8:23,8:33,heard,BASP,0:25,46,1.6,38.75,,,
2,EM,7/7/2025,80,2,2,8:23,8:33,heard,DOWO,0:38,37,6.1,152.5,,,
2,EM,7/7/2025,80,2,2,8:23,8:33,heard,BASP,0:38,264,6.8,170,,,
2,EM,7/7/2025,80,2,2,8:23,8:33,heard,PIWO,2:02,27,9.2,230,,,
2,EM,7/7/2025,80,2,2,8:23,8:33,heard,BASP,3:12,131,4.6,113.75,,,
2,EM,7/7/2025,80,2,2,8:23,8:33,heard,BHNU,4:09,25,2.7,67.5,,two birds,
2,EM,7/7/2025,80,2,2,8:23,8:33,heard,BHNU,4:09,25,2.7,67.5,,two birds,
2,EM,7/7/2025,80,2,2,8:23,8:33,heard,RBWO,8:52,56,4.5,111.25,,,
2,EM,7/25/2025,78,1,1,8:22,8:32,heard,BASP,1:25,129,5.0,125,,,
2,EM,7/25/2025,78,1,1,8:22,8:32,heard,GCFL,3:33,91,6.4,160,,,
2,EM,7/25/2025,78,1,1,8:22,8:32,heard,RCWO,6:02,37,4.7,117.5,,,
2,EM,7/25/2025,78,1,1,8:22,8:32,heard,BASP,6:51,41,3.5,87.5,,,
2,EM,7/25/2025,78,1,1,8:22,8:32,heard,RHWO,7:25,311,8.4,208.75,,,
2,EM,7/25/2025,78,1,1,8:22,8:32,heard,CAWR,8:35,5,2.7,66.25,,,
3,EM,7/7/2025,76,2,0,7:11,7:21,heard,BASP,0:14,43,1.2,30,,,
3,EM,7/7/2025,76,2,0,7:11,7:21,heard,BASP,0:37,52,3.7,91.25,,,
3,EM,7/7/2025,76,2,0,7:11,7:21,heard,WBNU,0:50,356,6.2,155,,,
3,EM,7/7/2025,76,2,0,7:11,7:21,heard,NOFL,1:10,123,4.4,110,,,
3,EM,7/7/2025,76,2,0,7:11,7:21,heard,BASP,2:21,314,3.8,95,,,
3,EM,7/7/2025,76,2,0,7:11,7:21,heard,DOWO,2:53,201,5.2,130,,,
3,EM,7/7/2025,76,2,0,7:11,7:21,heard,RBWO,5:07,228,7.7,192.5,,,
3,EM,7/7/2025,76,2,0,7:11,7:21,heard,GCFL,6:33,299,4.3,107.5,,,
3,EM,7/7/2025,76,2,0,7:11,7:21,heard,TUTI,7:22,68,5.6,140,,,
3,EM,7/25/2025,81,1,1,9:08,9:18,heard,BASP,0:18,36,4.6,115,,,
3,EM,7/25/2025,81,1,1,9:08,9:18,heard,RBWO,0:44,58,4.5,112.5,,,
3,EM,7/25/2025,81,1,1,9:08,9:18,heard,RBWO,3:00,340,5.5,137.5,,,
3,EM,7/25/2025,81,1,1,9:08,9:18,heard,RBWO,6:51,228,6.8,170,,,
3,EM,7/25/2025,81,1,1,9:08,9:18,heard,DOWO,6:53,317,4.2,105,,,
3,EM,7/25/2025,81,1,1,9:08,9:18,heard,WBNU,9:36,44,3.0,75,,,
3,EM,7/25/2025,81,1,1,9:08,9:18,heard,BASP,8:24,334,3.6,90,,,
4,RTM,7/7/2025,81,1,0,8:44,8:54,heard,BASP,0:21,175,5.4,135,,,
4,RTM,7/7/2025,81,1,0,8:44,8:54,heard,RBWO,0:48,291,7.3,182.5,,,
4,RTM,7/7/2025,81,1,0,8:44,8:54,heard,EABL,3:01,32,9.2,228.75,,,
4,RTM,7/7/2025,81,1,0,8:44,8:54,heard,RHWO,5:15,204,2.4,60,,,
4,RTM,7/7/2025,81,1,0,8:44,8:54,heard,RHWO,5:43,358,7.4,185,,,
4,RTM,7/7/2025,81,1,0,8:44,8:54,heard,WBNU,9:40,22,2.2,53.75,,,
4,RTM,7/7/2025,81,1,0,8:44,8:54,heard,BHNU,9:59,217,1.1,26.25,,,
4,RTM,7/25/2025,73,0,0,7:20,7:30,heard,WBNU,0:20,253,2.5,61.25,,,
4,RTM,7/25/2025,73,0,0,7:20,7:30,heard,WBNU,0:41,192,5.6,140,,,
4,RTM,7/25/2025,73,0,0,7:20,7:30,heard,BHNU,2:31,302,1.3,32.5,,,
4,RTM,7/25/2025,73,0,0,7:20,7:30,heard,TUTI,4:09,101,7.2,178.75,,heard at 1:19 as well,
4,RTM,7/25/2025,73,0,0,7:20,7:30,heard,EABL,5:04,157,2.3,57.5,,,
4,RTM,7/25/2025,73,0,0,7:20,7:30,heard,RHWO,5:05,162,5.6,138.75,,,
4,RTM,7/25/2025,73,0,0,7:20,7:30,heard,CAWR,5:46,189,7.7,192.5,,,
4,RTM,7/25/2025,73,0,0,7:20,7:30,heard,CAWR,6:41,273,7.6,188.75,,,
5,EM,7/25/2025,84,1,2,9:46,9:56,heard,BASP,1:29,23,3.0,73.75,,,
5,EM,7/25/2025,84,1,2,9:46,9:56,heard,BASP,2:26,55,6.7,166.25,,,
5,EM,7/25/2025,84,1,2,9:46,9:56,heard,TUTI,3:04,302,5.4,135,,,
5,EM,7/25/2025,84,1,2,9:46,9:56,heard,RHWO,8:25,47,7.4,185,,,
5,RTM,7/7/2025,77,1,0,7:16,7:26,heard,GCFL,0:08,355,2.6,63.75,,,
5,RTM,7/7/2025,77,1,0,7:16,7:26,heard,RHWO,0:09,147,3.5,87.5,,,
5,RTM,7/7/2025,77,1,0,7:16,7:26,heard,PIWO,0:15,226,7.7,192.5,,,
5,RTM,7/7/2025,77,1,0,7:16,7:26,heard,RHWO,0:51,307,5.1,127.5,,,
5,RTM,7/7/2025,77,1,0,7:16,7:26,heard,GCFL,1:12,271,3.3,82.5,,,
5,RTM,7/7/2025,77,1,0,7:16,7:26,heard,CAWR,1:27,255,7.3,182.5,,,
5,RTM,7/7/2025,77,1,0,7:16,7:26,heard,RHWO,1:30,256,4.4,110,,,
5,RTM,7/7/2025,77,1,0,7:16,7:26,heard,BASP,1:54,208,5.4,133.75,,,
5,RTM,7/7/2025,77,1,0,7:16,7:26,heard,BASP,2:00,42,2.6,63.75,,,
5,RTM,7/7/2025,77,1,0,7:16,7:26,heard,EABL,2:12,109,7.3,181.25,,,
5,RTM,7/7/2025,77,1,0,7:16,7:26,heard,RBWO,3:06,98,7.2,178.75,,,
5,RTM,7/7/2025,77,1,0,7:16,7:26,heard,WBNU,5:07,157,5.1,126.25,,,
5,RTM,7/7/2025,77,1,0,7:16,7:26,heard,BASP,6:02,145,7.5,186.25,,,
5,RTM,7/7/2025,77,1,0,7:16,7:26,heard,BASP,7:14,300,4.6,115,,,
5,RTM,7/7/2025,77,1,0,7:16,7:26,heard,NOFL,7:23,217,2.3,57.5,,,
6,RTM,7/7/2025,79,1,0,8:08,8:18,heard,RCWO,0:01,249,2.7,67.5,,,
6,RTM,7/7/2025,79,1,0,8:08,8:18,heard,BASP,0:20,223,2.5,62.5,,,
6,RTM,7/7/2025,79,1,0,8:08,8:18,heard,BASP,0:21,115,3.0,75,,,
6,RTM,7/7/2025,79,1,0,8:08,8:18,heard,RHWO,0:39,97,3.2,80,,,
6,RTM,7/7/2025,79,1,0,8:08,8:18,heard,GCFL,1:20,274,3.3,82.5,,,
6,RTM,7/7/2025,79,1,0,8:08,8:18,heard,BASP,1:28,34,3.3,82.5,,,
6,RTM,7/7/2025,79,1,0,8:08,8:18,heard,TUTI,3:06,147,6.1,152.5,,,
6,RTM,7/7/2025,79,1,0,8:08,8:18,heard,BHNU,3:15,79,4.7,117.5,,two birds,
6,RTM,7/7/2025,79,1,0,8:08,8:18,heard,BHNU,3:15,79,4.7,117.5,,two birds,
6,RTM,7/7/2025,79,1,0,8:08,8:18,heard,BASP,5:54,358,5.4,135,,,
6,RTM,7/7/2025,79,1,0,8:08,8:18,heard,BASP,8:07,161,4.3,107.5,,,
6,RTM,7/7/2025,79,1,0,8:08,8:18,heard,RHWO,8:45,322,7.5,187.5,,,
6,RTM,7/25/2025,76,0,0,7:50,8:00,heard,RBWO,0:08,72,7.7,192.5,,,
6,RTM,7/25/2025,76,0,0,7:50,8:00,heard,RBWO,0:17,50,2.3,56.25,,,
6,RTM,7/25/2025,76,0,0,7:50,8:00,heard,BASP,0:24,240,2.4,60,,,
6,RTM,7/25/2025,76,0,0,7:50,8:00,heard,BASP,0:25,312,4.8,118.75,,,
6,RTM,7/25/2025,76,0,0,7:50,8:00,heard,BASP,0:27,66,5.7,141.25,,,
6,RTM,7/25/2025,76,0,0,7:50,8:00,heard,RHWO,0:49,82,6.2,155,,,
6,RTM,7/25/2025,76,0,0,7:50,8:00,heard,BASP,1:40,134,5.3,132.5,,,
6,RTM,7/25/2025,76,0,0,7:50,8:00,heard,CAWR,2:35,251,2.8,70,,,
6,RTM,7/25/2025,76,0,0,7:50,8:00,heard,RHWO,2:40,333,5.6,138.75,,,
6,RTM,7/25/2025,76,0,0,7:50,8:00,heard,RHWO,5:50,303,1.4,35,,,
6,RTM,7/25/2025,76,0,0,7:50,8:00,heard,WBNU,7:59,345,5.7,142.5,,,
6,RTM,7/25/2025,76,0,0,7:50,8:00,heard,EABL,8:05,272,1.8,45,,,
6,RTM,7/25/2025,76,0,0,7:50,8:00,heard,EABL,8:32,15,2.1,51.25,,,
7,RTM,7/7/2025,78,1,0,7:44,7:54,heard,BASP,0:02,295,2.3,57.5,,,
7,RTM,7/7/2025,78,1,0,7:44,7:54,heard,RHWO,0:15,246,7.4,185,,,
7,RTM,7/7/2025,78,1,0,7:44,7:54,heard,RHWO,0:54,304,3.8,95,,,
7,RTM,7/7/2025,78,1,0,7:44,7:54,heard,BASP,1:20,232,7.1,177.5,,,
7,RTM,7/7/2025,78,1,0,7:44,7:54,heard,RHWO,1:28,62,2.7,67.5,,,
7,RTM,7/7/2025,78,1,0,7:44,7:54,heard,RHWO,1:50,159,3.1,76.25,,,
7,RTM,7/7/2025,78,1,0,7:44,7:54,heard,BASP,2:01,128,3.7,92.5,,,
7,RTM,7/7/2025,78,1,0,7:44,7:54,heard,CAWR,2:54,290,7.5,187.5,,,
7,RTM,7/7/2025,78,1,0,7:44,7:54,heard,NOFL,6:27,253,4.5,111.25,,,
7,RTM,7/7/2025,78,1,0,7:44,7:54,heard,RHWO,9:21,44,2.5,61.25,,,
7,RTM,7/25/2025,82,0,1,8:43,8:53,heard,BASP,0:01,310,1.7,42.5,,,
7,RTM,7/25/2025,82,0,1,8:43,8:53,heard,RHWO,0:15,292,7.1,177.5,,,
7,RTM,7/25/2025,82,0,1,8:43,8:53,heard,RHWO,0:16,13,6.2,155,,,
7,RTM,7/25/2025,82,0,1,8:43,8:53,heard,RHWO,0:25,232,4.2,105,,,
7,RTM,7/25/2025,82,0,1,8:43,8:53,heard,EABL,0:39,310,4.5,112.5,,,
7,RTM,7/25/2025,82,0,1,8:43,8:53,heard,RHWO,0:40,309,6.7,167.5,,,
7,RTM,7/25/2025,82,0,1,8:43,8:53,heard,WBNU,1:40,142,2.2,55,,,
7,RTM,7/25/2025,82,0,1,8:43,8:53,heard,BASP,2:56,99,7.6,190,,,
7,RTM,7/25/2025,82,0,1,8:43,8:53,heard,BASP,3:12,333,4.8,118.75,,,
7,RTM,7/25/2025,82,0,1,8:43,8:53,heard,EABL,3:17,261,2.7,67.5,,,
7,RTM,7/25/2025,82,0,1,8:43,8:53,heard,WBNU,3:20,310,2.4,60,,,
7,RTM,7/25/2025,82,0,1,8:43,8:53,heard,BHNU,8:16,332,2.6,65,,,
8,EM,7/8/2025,76,1,0,7:43,7:53,heard,BASP,0:21,283,1.7,42.5,,,
8,EM,7/8/2025,76,1,0,7:43,7:53,heard,BASP,0:30,29,4.6,115,,,
8,EM,7/8/2025,76,1,0,7:43,7:53,heard,BHNU,4:45,187,5.3,132.5,,,
8,EM,7/8/2025,76,1,0,7:43,7:53,heard,RBWO,8:29,241,7.8,195,,,
8,EM,7/8/2025,76,1,0,7:43,7:53,heard,RBWO,9:45,130,7.7,191.25,,,
8,RTM,7/24/2025,77,2,0,7:25,7:35,heard,CAWR,0:08,205,5.1,127.5,,,
8,RTM,7/24/2025,77,2,0,7:25,7:35,heard,BASP,0:25,258,5.8,145,,,
8,RTM,7/24/2025,77,2,0,7:25,7:35,heard,CAWR,1:04,19,1.2,30,,,
8,RTM,7/24/2025,77,2,0,7:25,7:35,heard,BASP,1:20,10,6.8,168.75,,,
8,RTM,7/24/2025,77,2,0,7:25,7:35,heard,BASP,1:54,72,7.5,187.5,,,
8,RTM,7/24/2025,77,2,0,7:25,7:35,heard,BASP,2:13,126,5.6,140,,,
8,RTM,7/24/2025,77,2,0,7:25,7:35,heard,BASP,3:17,170,2.3,57.5,,,
8,RTM,7/24/2025,77,2,0,7:25,7:35,heard,EABL,5:22,43,6.2,155,,,
9,EM,7/8/2025,83,0,2,9:54,10:04,heard,BASP,0:22,8,4.8,120,,,
9,EM,7/8/2025,83,0,2,9:54,10:04,heard,WBNU,1:34,114,3.7,91.25,,,
9,EM,7/8/2025,83,0,2,9:54,10:04,heard,TUTI,2:03,225,3.0,75,,,
9,EM,7/8/2025,83,0,2,9:54,10:04,heard,TUTI,2:26,19,2.4,58.75,,,
9,EM,7/8/2025,83,0,2,9:54,10:04,heard,BASP,4:01,334,3.4,83.75,,,
9,RTM,7/24/2025,78,2,0,8:01,8:11,heard,RCWO,0:05,348,1.5,37.25,,,
9,RTM,7/24/2025,78,2,0,8:01,8:11,heard,WBNU,0:11,356,6.2,153.75,,,
9,RTM,7/24/2025,78,2,0,8:01,8:11,heard,BASP,0:15,22,6.4,160,,,
9,RTM,7/24/2025,78,2,0,8:01,8:11,heard,TUTI,0:55,184,5.4,135,,,
9,RTM,7/24/2025,78,2,0,8:01,8:11,heard,WBNU,1:20,333,6.5,162.5,,,
9,RTM,7/24/2025,78,2,0,8:01,8:11,heard,RBWO,2:03,123,7.5,187.5,,,
9,RTM,7/24/2025,78,2,0,8:01,8:11,heard,RBWO,2:10,211,8.7,217.5,,,
9,RTM,7/24/2025,78,2,0,8:01,8:11,heard,RCWO,2:21,296,4.2,105,,,
9,RTM,7/24/2025,78,2,0,8:01,8:11,heard,EABL,3:15,33,3.7,92.5,,,
9,RTM,7/24/2025,78,2,0,8:01,8:11,heard,GCFL,5:12,45,5.7,142.5,,,
9,RTM,7/24/2025,78,2,0,8:01,8:11,heard,WBNU,6:14,175,4.5,112.5,,,
9,RTM,7/24/2025,78,2,0,8:01,8:11,heard,WBNU,6:27,236,5.4,133.75,,,
9,RTM,7/24/2025,78,2,0,8:01,8:11,heard,BHNU,7:17,341,3.3,82.5,,,
9,RTM,7/24/2025,78,2,0,8:01,8:11,heard,TUTI,9:21,105,7.0,173.75,,,
10,EM,7/8/2025,81,0,1,9:15,9:25,heard,RHWO,0:23,323,0.5,11.25,,,
10,EM,7/8/2025,81,0,1,9:15,9:25,heard,BHNU,1:11,52,1.8,45,,,
10,EM,7/8/2025,81,0,1,9:15,9:25,heard,TUTI,1:30,312,3.4,85,,,
10,EM,7/8/2025,81,0,1,9:15,9:25,heard,RBWO,2:12,229,5.1,126.25,,,
10,EM,7/8/2025,81,0,1,9:15,9:25,heard,RHWO,5:33,110,3.7,92.5,,,
10,EM,7/8/2025,81,0,1,9:15,9:25,heard,RBWO,6:12,322,4.8,120,,,
10,EM,7/8/2025,81,0,1,9:15,9:25,heard,EABL,6:51,51,3.1,77.5,,,
10,EM,7/8/2025,81,0,1,9:15,9:25,heard,RHWO,8:15,5,4.7,116.25,,,
10,RTM,7/24/2025,79,2,1,8:30,8:40,heard,CAWR,0:44,62,7.6,190,,,
10,RTM,7/24/2025,79,2,1,8:30,8:40,heard,BHNU,2:34,282,4.2,105,,,
10,RTM,7/24/2025,79,2,1,8:30,8:40,heard,CAWR,4:14,103,7.0,175,,,
10,RTM,7/24/2025,79,2,1,8:30,8:40,heard,BASP,5:18,68,6.1,152.5,,,
10,RTM,7/24/2025,79,2,1,8:30,8:40,heard,RHWO,7:16,213,5.6,140,,,
10,RTM,7/24/2025,79,2,1,8:30,8:40,heard,EABL,8:50,237,5.7,141.25,,,
10,RTM,7/24/2025,79,2,1,8:30,8:40,heard,CAWR,9:08,164,7.0,175,,,
11,EM,7/8/2025,80,2,1,8:40,8:50,heard,GCFL,0:01,351,1.7,42.5,,,
11,EM,7/8/2025,80,2,1,8:40,8:50,heard,BASP,2:51,57,2.3,56.25,,,
11,EM,7/8/2025,80,2,1,8:40,8:50,heard,RBWO,5:44,38,4.1,101.25,,,
11,EM,7/8/2025,80,2,1,8:40,8:50,heard,CACH,7:24,307,4.9,122.5,,,
11,EM,7/8/2025,80,2,1,8:40,8:50,heard,CACH,9:18,141,4.7,116.25,,,
11,RTM,7/24/2025,78,2,1,8:55,9:05,heard,CAWR,0:05,310,6.9,172.5,,,
11,RTM,7/24/2025,78,2,1,8:55,9:05,heard,BASP,0:06,294,5.8,145,,,
11,RTM,7/24/2025,78,2,1,8:55,9:05,heard,RCWO,0:45,120,3.1,77.5,,,
11,RTM,7/24/2025,78,2,1,8:55,9:05,heard,BASP,1:10,172,4.5,112.5,,,
11,RTM,7/24/2025,78,2,1,8:55,9:05,heard,RHWO,1:25,113,1.7,42.5,,,
11,RTM,7/24/2025,78,2,1,8:55,9:05,heard,TUTI,3:03,340,5.3,132.5,,,
11,RTM,7/24/2025,78,2,1,8:55,9:05,heard,BASP,3:27,1,4.8,120,,,
11,RTM,7/24/2025,78,2,1,8:55,9:05,heard,TUTI,3:51,131,6.9,172.5,,,
11,RTM,7/24/2025,78,2,1,8:55,9:05,heard,EABL,4:09,45,5.1,127.5,,,
11,RTM,7/24/2025,78,2,1,8:55,9:05,heard,BASP,5:00,52,1.7,42.5,,,
11,RTM,7/24/2025,78,2,1,8:55,9:05,heard,RBWO,5:08,104,7.5,187.5,,,
11,RTM,7/24/2025,78,2,1,8:55,9:05,heard,PIWO,5:57,322,7.9,196.25,,Could be same as J423,
11,RTM,7/24/2025,78,2,1,8:55,9:05,heard,PIWO,7:03,35,9.0,225,,,
11,RTM,7/24/2025,78,2,1,8:55,9:05,heard,TUTI,7:45,102,5.5,137.5,,,
12,EM,7/24/2025,78,2,2,8:47,8:57,heard,BASP,0:17,231,4.8,118.75,,,
12,EM,7/24/2025,78,2,2,8:47,8:57,heard,BASP,0:51,54,5.3,131.25,,,
12,EM,7/24/2025,78,2,2,8:47,8:57,heard,CAWR,1:08,339,3.4,83.75,,,
12,EM,7/24/2025,78,2,2,8:47,8:57,heard,BASP,2:09,322,4.1,102.5,,,
12,RTM,7/8/2025,77,0,0,7:11,7:11,heard,RCWO,0:06,77,2.2,55,,,
12,RTM,7/8/2025,77,0,0,7:11,7:11,heard,BASP,0:17,156,5.4,135,,,
12,RTM,7/8/2025,77,0,0,7:11,7:11,heard,BASP,0:26,244,3.6,90,,,
12,RTM,7/8/2025,77,0,0,7:11,7:11,heard,BHNU,0:54,138,2.4,60,,,
12,RTM,7/8/2025,77,0,0,7:11,7:11,heard,RCWO,1:18,96,1.6,40,,,
12,RTM,7/8/2025,77,0,0,7:11,7:11,heard,BASP,2:10,56,3.2,80,,,
12,RTM,7/8/2025,77,0,0,7:11,7:11,heard,RHWO,3:21,89,4.2,103.75,,,
12,RTM,7/8/2025,77,0,0,7:11,7:11,heard,BASP,3:55,19,6.1,152.5,,,
12,RTM,7/8/2025,77,0,0,7:11,7:11,heard,WBNU,5:31,160,7.0,173.75,,,
12,RTM,7/8/2025,77,0,0,7:11,7:11,heard,CAWR,5:48,314,3.3,81.25,,,
12,RTM,7/8/2025,77,0,0,7:11,7:11,heard,CAWR,6:01,34,2.4,60,,,
12,RTM,7/8/2025,77,0,0,7:11,7:11,heard,TUTI,6:22,309,1.1,27.5,,,
12,RTM,7/8/2025,77,0,0,7:11,7:11,heard,DOWO,7:13,111,2.9,72.5,,,
13,EM,7/24/2025,76,2,2,8:07,8:17,heard,RCWO,1:21,310,2.3,57.5,,three birds,
13,EM,7/24/2025,76,2,2,8:07,8:17,heard,RCWO,1:21,310,2.3,57.5,,three birds,
13,EM,7/24/2025,76,2,2,8:07,8:17,heard,RCWO,1:21,310,2.3,57.5,,three birds,
13,EM,7/24/2025,76,2,2,8:07,8:17,heard,BHNU,1:53,7,2.9,72.5,,,
13,EM,7/24/2025,76,2,2,8:07,8:17,heard,DOWO,3:25,346,4.6,115,,,
13,EM,7/24/2025,76,2,2,8:07,8:17,heard,BHNU,4:57,102,4.2,105,,,
13,EM,7/24/2025,76,2,2,8:07,8:17,heard,BHNU,5:28,133,1.7,42.5,,,
13,RTM,7/8/2025,78,0,0,7:56,8:06,heard,BASP,0:26,7,4.3,107.5,,,
13,RTM,7/8/2025,78,0,0,7:56,8:06,heard,RBWO,0:34,135,6.6,165,,,
13,RTM,7/8/2025,78,0,0,7:56,8:06,heard,WBNU,0:51,333,6.8,170,,,
13,RTM,7/8/2025,78,0,0,7:56,8:06,heard,TUTI,1:03,13,7.7,192.5,,,
13,RTM,7/8/2025,78,0,0,7:56,8:06,heard,RBWO,1:12,271,2.8,70,,,
13,RTM,7/8/2025,78,0,0,7:56,8:06,heard,RHWO,1:32,176,4.5,112.5,,,
13,RTM,7/8/2025,78,0,0,7:56,8:06,heard,WBNU,2:31,173,6.2,153.75,,,
13,RTM,7/8/2025,78,0,0,7:56,8:06,heard,BHNU,3:44,359,2.7,67.5,,,
13,RTM,7/8/2025,78,0,0,7:56,8:06,heard,RHWO,4:37,354,7.6,188.75,,,
13,RTM,7/8/2025,78,0,0,7:56,8:06,heard,TUTI,4:54,202,9.4,235,,,
13,RTM,7/8/2025,78,0,0,7:56,8:06,heard,PIWO,6:56,21,9.2,228.75,,,
13,RTM,7/8/2025,78,0,0,7:56,8:06,heard,TUTI,7:21,141,8.5,212.5,,,
14,EM,7/24/2025,76,2,2,7:13,7:23,heard,RBWO,0:15,235,7.3,182.5,,,
14,EM,7/24/2025,76,2,2,7:13,7:23,heard,RBWO,1:32,270,6.5,161.25,,,
14,EM,7/24/2025,76,2,2,7:13,7:23,heard,EABL,2:09,43,4.3,107.5,,,
14,EM,7/24/2025,76,2,2,7:13,7:23,heard,EABL,3:22,318,4.8,120,,,
14,EM,7/24/2025,76,2,2,7:13,7:23,heard,CAWR,3:59,26,3.4,85,,,
14,EM,7/24/2025,76,2,2,7:13,7:23,heard,BHNU,3:59,31,4.9,122.5,,,
14,EM,7/24/2025,76,2,2,7:13,7:23,heard,CAWR,9:56,97,4.6,115,,,
14,EM,7/24/2025,76,2,2,7:13,7:23,heard,BASP,9:58,312,7.3,182.5,,,
14,RTM,7/8/2025,80,2,1,8:26,8:36,heard,WBNU,0:07,61,6.2,153.75,,,
14,RTM,7/8/2025,80,2,1,8:26,8:36,heard,BASP,0:25,320,3.6,90,,,
14,RTM,7/8/2025,80,2,1,8:26,8:36,heard,RBWO,0:34,308,3.6,88.75,,,
14,RTM,7/8/2025,80,2,1,8:26,8:36,heard,RCWO,0:50,139,7.4,185,,,
14,RTM,7/8/2025,80,2,1,8:26,8:36,heard,RCWO,1:13,23,1.7,42.5,,,
14,RTM,7/8/2025,80,2,1,8:26,8:36,heard,RBWO,1:39,213,1.5,37.5,,,
14,RTM,7/8/2025,80,2,1,8:26,8:36,heard,BHNU,2:15,92,1.6,40,,,
14,RTM,7/8/2025,80,2,1,8:26,8:36,heard,TUTI,3:19,309,1.7,42.5,,,
14,RTM,7/8/2025,80,2,1,8:26,8:36,heard,CAWR,3:30,14,2.8,70,,,
14,RTM,7/8/2025,80,2,1,8:26,8:36,heard,BASP,5:00,26,5.7,141.25,,,
14,RTM,7/8/2025,80,2,1,8:26,8:36,heard,WBNU,5:30,286,1.6,40,,,
14,RTM,7/8/2025,80,2,1,8:26,8:36,heard,BHNU,6:01,260,1.7,42.5,,,
14,RTM,7/8/2025,80,2,1,8:26,8:36,heard,CAWR,7:16,97,6.6,165,,,
14,RTM,7/8/2025,80,2,1,8:26,8:36,heard,RHWO,9:51,313,5.5,136.25,,,
15,EM,7/22/2025,86,2,1,9:26,9:36,heard,CAWR,1:15,18,2.4,58.75,,,
15,EM,7/22/2025,86,2,1,9:26,9:36,heard,NOFL,8:46,94,8.3,207.5,,,
15,EM,7/22/2025,86,2,1,9:26,9:36,heard,CAWR,9:59,93,4.8,118.75,,,
16,EM,7/22/2025,87,1,1,10:00,10:10,heard,RHWO,0:35,38,4.5,112.5,,,
16,EM,7/22/2025,87,1,1,10:00,10:10,heard,RHWO,2:35,93,5.1,127.5,,two birds,
16,EM,7/22/2025,87,1,1,10:00,10:10,heard,RHWO,2:35,93,5.1,127.5,,two birds,
16,EM,7/22/2025,87,1,1,10:00,10:10,heard,CAWR,6:12,160,2.3,57.5,,,
17,EM,7/22/2025,82,2,0,8:27,8:37,heard,CAWR,0:22,37,4.5,111.25,,,
17,EM,7/22/2025,82,2,0,8:27,8:37,heard,RBWO,0:29,119,5.2,128.75,,,
17,EM,7/22/2025,82,2,0,8:27,8:37,heard,CAWR,1:47,78,4.5,111.25,,,
17,EM,7/22/2025,82,2,0,8:27,8:37,heard,NOFL,2:24,312,7.3,182.5,,,
17,EM,7/22/2025,82,2,0,8:27,8:37,heard,NOFL,4:27,36,8.5,211.25,,,
17,EM,7/22/2025,82,2,0,8:27,8:37,heard,WBNU,9:06,319,4.6,115,,,
18,EM,7/22/2025,86,2,1,10:35,10:45,heard,CAWR,0:05,41,1.4,35,,,
18,EM,7/22/2025,86,2,1,10:35,10:45,heard,RBWO,1:12,39,4.3,106.25,,,
18,EM,7/22/2025,86,2,1,10:35,10:45,heard,CAWR,2:00,246,3.5,87.5,,,
18,EM,7/22/2025,86,2,1,10:35,10:45,heard,TUTI,2:03,13,3.1,76.25,,,
18,EM,7/22/2025,86,2,1,10:35,10:45,heard,RHWO,2:30,267,3.3,82.5,,,
18,EM,7/22/2025,86,2,1,10:35,10:45,heard,BASP,2:53,232,2.2,55,,,
18,EM,7/22/2025,86,2,1,10:35,10:45,heard,BASP,3:43,68,3.3,81.25,,,
18,EM,7/22/2025,86,2,1,10:35,10:45,heard,RHWO,4:15,207,7.0,173.75,,,
19,EM,7/22/2025,81,1,0,7:40,7:50,heard,RHWO,0:01,328,4.7,117.5,,two birds,
19,EM,7/22/2025,81,1,0,7:40,7:50,heard,RHWO,0:01,328,4.7,117.5,,two birds,
19,EM,7/22/2025,81,1,0,7:40,7:50,heard,RHWO,0:20,285,2.9,71.25,,,
19,EM,7/22/2025,81,1,0,7:40,7:50,heard,PIWO,1:06,270,8.4,210,,,
19,EM,7/22/2025,81,1,0,7:40,7:50,heard,BASP,2:27,1,4.5,111.25,,,
19,EM,7/22/2025,81,1,0,7:40,7:50,heard,TUTI,3:02,327,3.0,75,,,
19,EM,7/22/2025,81,1,0,7:40,7:50,heard,RHWO,5:13,125,5.5,137.5,,,
19,EM,7/22/2025,81,1,0,7:40,7:50,heard,PIWO,6:08,239,8.8,220,,,
19,EM,7/22/2025,81,1,0,7:40,7:50,heard,CAWR,7:46,32,4.5,112.5,,,
20,RTM,7/22/2025,81,1,0,8:10,8:20,heard,RHWO,0:40,150,4.6,113.75,,,
20,RTM,7/22/2025,81,1,0,8:10,8:20,heard,RHWO,0:42,174,5.5,137.5,,,
20,RTM,7/22/2025,81,1,0,8:10,8:20,heard,RHWO,0:50,61,6.2,155,,,
20,RTM,7/22/2025,81,1,0,8:10,8:20,heard,RBWO,1:01,318,4.3,107.5,,,
20,RTM,7/22/2025,81,1,0,8:10,8:20,heard,RBWO,1:50,158,2.3,57.5,,,
20,RTM,7/22/2025,81,1,0,8:10,8:20,heard,BASP,3:30,110,1.8,43.75,,,
20,RTM,7/22/2025,81,1,0,8:10,8:20,heard,TUTI,6:35,308,6.2,155,,,
20,RTM,7/22/2025,81,1,0,8:10,8:20,heard,CAWR,9:35,150,1.2,30,,,
21,RTM,7/22/2025,83,2,1,8:47,8:57,heard,RHWO,0:07,96,6.5,162.5,,,
21,RTM,7/22/2025,83,2,1,8:47,8:57,heard,TUTI,0:08,74,5.5,137.5,,,
21,RTM,7/22/2025,83,2,1,8:47,8:57,heard,BASP,0:55,110,5.6,140,,,
21,RTM,7/22/2025,83,2,1,8:47,8:57,heard,RBWO,1:23,121,2.2,53.75,,,
21,RTM,7/22/2025,83,2,1,8:47,8:57,heard,CAWR,2:52,21,2.5,61.25,,,
21,RTM,7/22/2025,83,2,1,8:47,8:57,heard,RBWO,3:34,73,7.5,187.5,,,
21,RTM,7/22/2025,83,2,1,8:47,8:57,heard,RHWO,3:47,249,8.5,212.5,,,
22,RTM,7/22/2025,79,0,0,7:49,7:59,heard,BASP,0:18,60,7.1,177.5,,,
22,RTM,7/22/2025,79,0,0,7:49,7:59,heard,EABL,0:35,282,4.4,108.75,,,
22,RTM,7/22/2025,79,0,0,7:49,7:59,heard,BASP,0:49,255,2.8,70,,,
22,RTM,7/22/2025,79,0,0,7:49,7:59,heard,TUTI,1:35,48,7.5,187.5,,,
22,RTM,7/22/2025,79,0,0,7:49,7:59,heard,RBWO,1:59,312,5.7,142.5,,,
22,RTM,7/22/2025,79,0,0,7:49,7:59,heard,RHWO,3:30,53,6.2,155,,,
22,RTM,7/22/2025,79,0,0,7:49,7:59,heard,BHNU,4:10,269,2.7,67.5,,,
22,RTM,7/22/2025,79,0,0,7:49,7:59,heard,BASP,6:48,273,5.7,142.5,,,
22,RTM,7/22/2025,79,0,0,7:49,7:59,heard,RHWO,7:42,239,5.0,125,,,
23,RTM,7/22/2025,77,0,0,7:26,7:36,heard,TUTI,0:02,56,4.4,110,,,
23,RTM,7/22/2025,77,0,0,7:26,7:36,heard,RHWO,2:38,111,5.5,137.5,,,
23,RTM,7/22/2025,77,0,0,7:26,7:36,heard,CAWR,2:53,248,3.5,87.5,,,
23,RTM,7/22/2025,77,0,0,7:26,7:36,heard,RBWO,5:50,312,4.4,110,,,
24,EM,7/23/2025,81,2,0,9:05,9:15,heard,GCFL,0:09,37,1.3,32.5,,,
24,EM,7/23/2025,81,2,0,9:05,9:15,heard,CAWR,1:30,15,2.5,61.25,,,
24,EM,7/23/2025,81,2,0,9:05,9:15,heard,RBWO,1:50,15,3.6,90,,,
24,EM,7/23/2025,81,2,0,9:05,9:15,heard,RHWO,2:08,89,1.8,45,,,
24,EM,7/23/2025,81,2,0,9:05,9:15,heard,WBNU,2:24,70,4.3,107.5,,,
24,EM,7/23/2025,81,2,0,9:05,9:15,heard,GCFL,5:30,92,3.5,87.5,,,
24,EM,7/23/2025,81,2,0,9:05,9:15,heard,CACH,5:43,84,4.5,112.5,,,
24,EM,7/23/2025,81,2,0,9:05,9:15,heard,RBWO,8:39,138,6.5,162.5,,,
24,EM,7/23/2025,81,2,0,9:05,9:15,heard,TUTI,9:50,44,2.4,58.75,,,
25,EM,7/23/2025,79,2,0,8:11,8:21,heard,GCFL,0:47,343,2.5,62.5,,,
25,EM,7/23/2025,79,2,0,8:11,8:21,heard,GCFL,2:37,32,3.7,92.5,,,
25,EM,7/23/2025,79,2,0,8:11,8:21,heard,WBNU,3:36,79,4.3,107.5,,,
25,EM,7/23/2025,79,2,0,8:11,8:21,heard,RHWO,4:23,50,1.6,40,,,
25,EM,7/23/2025,79,2,0,8:11,8:21,heard,CAWR,5:24,18,3.0,75,,,
25,EM,7/23/2025,79,2,0,8:11,8:21,heard,RBWO,6:40,206,2.7,66.25,,two birds,
25,EM,7/23/2025,79,2,0,8:11,8:21,heard,RBWO,6:40,206,2.7,66.25,,two birds,
25,EM,7/23/2025,79,2,0,8:11,8:21,heard,RHWO,9:01,243,4.6,115,,two birds,
25,EM,7/23/2025,79,2,0,8:11,8:21,heard,RHWO,9:01,243,4.6,115,,two birds,
26,EM,7/23/2025,78,2,0,7:30,7:40,heard,RBWO,0:10,126,4.8,118.75,,,
26,EM,7/23/2025,78,2,0,7:30,7:40,heard,CAWR,0:30,146,3.4,83.75,,,
26,EM,7/23/2025,78,2,0,7:30,7:40,heard,CAWR,3:11,262,2.3,57.5,,,
26,EM,7/23/2025,78,2,0,7:30,7:40,heard,CAWR,5:11,357,3.5,86.25,,,
27,EM,7/23/2025,82,2,2,10:21,10:31,heard,CAWR,0:11,34,3.5,36,,,
28,EM,7/10/2025,78,2,0,7:32,7:42,heard,CAWR,0:10,21,1.2,30,,,
28,EM,7/10/2025,78,2,0,7:32,7:42,heard,RHWO,0:14,339,3.6,90,,,
28,EM,7/10/2025,78,2,0,7:32,7:42,heard,RHWO,0:41,297,4.3,106.25,,,
28,EM,7/10/2025,78,2,0,7:32,7:42,heard,BASP,0:59,41,3.2,78.75,,,
28,EM,7/10/2025,78,2,0,7:32,7:42,heard,GCFL,2:55,180,0.5,12.5,,,
28,EM,7/10/2025,78,2,0,7:32,7:42,heard,RHWO,4:49,62,4.5,111.25,,,
28,EM,7/10/2025,78,2,0,7:32,7:42,heard,PIWO,5:39,309,9.7,242.5,,,
28,EM,7/10/2025,78,2,0,7:32,7:42,heard,BHNU,7:17,351,1.6,38.75,,,
28,RTM,7/23/2025,82,2,0,9:23,9:33,heard,WBNU,0:01,302,2.4,58.75,,two birds,
28,RTM,7/23/2025,82,2,0,9:23,9:33,heard,WBNU,0:01,302,2.4,58.75,,two birds,
28,RTM,7/23/2025,82,2,0,9:23,9:33,heard,RHWO,0:23,39,2.3,57.5,,,
28,RTM,7/23/2025,82,2,0,9:23,9:33,heard,CAWR,0:37,325,2.9,72.5,,,
28,RTM,7/23/2025,82,2,0,9:23,9:33,heard,RHWO,1:15,331,6.8,168.75,,,
28,RTM,7/23/2025,82,2,0,9:23,9:33,heard,WBNU,2:21,330,1.2,30,,,
28,RTM,7/23/2025,82,2,0,9:23,9:33,heard,BASP,3:38,25,5.7,142.5,,,
28,RTM,7/23/2025,82,2,0,9:23,9:33,heard,BASP,3:42,48,8.9,222.5,,,
28,RTM,7/23/2025,82,2,0,9:23,9:33,heard,RBWO,4:18,267,3.2,78.75,,,
28,RTM,7/23/2025,82,2,0,9:23,9:33,heard,TUTI,5:02,320,4.1,102.5,,,
28,RTM,7/23/2025,82,2,0,9:23,9:33,heard,RHWO,6:30,329,4.8,118.75,,,
28,RTM,7/23/2025,82,2,0,9:23,9:33,heard,BHNU,9:35,301,2.9,72.5,,,
29,EM,7/10/2025,78,1,2,8:13,8:23,heard,BHNU,1:01,303,1.7,42.5,,,
29,EM,7/10/2025,78,1,2,8:13,8:23,heard,RBWO,2:02,59,3.6,90,,,
29,EM,7/10/2025,78,1,2,8:13,8:23,heard,RBWO,2:15,226,2.7,67.5,,,
29,EM,7/10/2025,78,1,2,8:13,8:23,heard,WBNU,3:03,50,2.1,52.5,,,
29,EM,7/10/2025,78,1,2,8:13,8:23,heard,CAWR,3:15,300,2.2,55,,,
29,EM,7/10/2025,78,1,2,8:13,8:23,heard,BHNU,5:03,3,1.8,45,,,
29,EM,7/10/2025,78,1,2,8:13,8:23,heard,CAWR,6:07,127,2.9,71.25,,,
29,EM,7/10/2025,78,1,2,8:13,8:23,heard,CAWR,6:25,218,4.6,113.75,,,
29,EM,7/10/2025,78,1,2,8:13,8:23,heard,BHNU,8:25,96,2.5,62.5,,,
29,EM,7/10/2025,78,1,2,8:13,8:23,heard,TUTI,9:53,136,5.5,137.5,,,
29,RTM,7/23/2025,77,2,0,7:30,7:40,heard,WBNU,0:02,96,6.1,152.5,,,
29,RTM,7/23/2025,77,2,0,7:30,7:40,heard,TUTI,0:08,119,5.2,130,,,
29,RTM,7/23/2025,77,2,0,7:30,7:40,heard,CAWR,0:57,85,6.5,162.5,,,
29,RTM,7/23/2025,77,2,0,7:30,7:40,heard,RHWO,2:55,280,4.3,107.5,,,
29,RTM,7/23/2025,77,2,0,7:30,7:40,heard,RBWO,3:23,339,6.2,153.75,,,
29,RTM,7/23/2025,77,2,0,7:30,7:40,heard,CACH,4:55,350,4.4,110,,,
29,RTM,7/23/2025,77,2,0,7:30,7:40,heard,WBNU,5:42,239,3.8,95,,,
29,RTM,7/23/2025,77,2,0,7:30,7:40,heard,CAWR,5:51,193,5.4,135,,,
30,EM,7/10/2025,84,1,2,9:59,10:09,heard,CAWR,0:01,39,2.2,53.75,,,
30,EM,7/10/2025,84,1,2,9:59,10:09,heard,CACH,0:18,20,2.7,67.5,,,
30,EM,7/10/2025,84,1,2,9:59,10:09,heard,TUTI,0:48,281,2.6,63.75,,,
30,EM,7/10/2025,84,1,2,9:59,10:09,heard,CACH,7:12,240,3.7,91.25,,,
30,EM,7/10/2025,84,1,2,9:59,10:09,heard,CAWR,8:00,31,4.4,108.75,,,
30,RTM,7/23/2025,81,1,0,8:55,9:05,heard,CAWR,0:07,314,1.7,42.5,,,
30,RTM,7/23/2025,81,1,0,8:55,9:05,heard,TUTI,1:00,29,7.6,190,,,
30,RTM,7/23/2025,81,1,0,8:55,9:05,heard,PIWO,6:08,215,8.9,222.5,,,
30,RTM,7/23/2025,81,1,0,8:55,9:05,heard,EABL,6:19,189,5.7,142.5,,,
30,RTM,7/23/2025,81,1,0,8:55,9:05,heard,CAWR,6:30,208,5.8,143.75,,,
30,RTM,7/23/2025,81,1,0,8:55,9:05,heard,BASP,7:44,82,7.6,190,,,
30,RTM,7/23/2025,81,1,0,8:55,9:05,heard,BASP,9:55,40,6.4,160,,,
30,RTM,7/23/2025,81,1,0,8:55,9:05,heard,TUTI,9:59,206,1.7,42.5,,,
31,EM,7/10/2025,84,1,3,9:19,9:29,heard,RHWO,0:18,232,4.7,116.25,,,
31,EM,7/10/2025,84,1,3,9:19,9:29,heard,TUTI,1:09,242,1.8,45,,,
31,EM,7/10/2025,84,1,3,9:19,9:29,heard,GCFL,2:48,238,2.9,72.5,,,
31,EM,7/10/2025,84,1,3,9:19,9:29,heard,BHNU,4:20,298,3.5,87.5,,,
31,EM,7/10/2025,84,1,3,9:19,9:29,heard,DOWO,6:26,319,4.5,111.25,,,
31,EM,7/10/2025,84,1,3,9:19,9:29,heard,RHWO,6:36,320,0.5,12.5,,,
31,EM,7/10/2025,84,1,3,9:19,9:29,heard,RBWO,9:02,310,6.3,157.5,,,
31,EM,7/10/2025,84,1,3,9:19,9:29,heard,CAWR,9:42,124,3.4,85,,,
31,RTM,7/23/2025,78,2,0,8:12,8:22,heard,CAWR,0:50,124,6.5,162.5,,,
31,RTM,7/23/2025,78,2,0,8:12,8:22,heard,RCWO,2:09,217,6.7,167.5,,,
31,RTM,7/23/2025,78,2,0,8:12,8:22,heard,CAWR,3:40,68,6.2,153.75,,,
31,RTM,7/23/2025,78,2,0,8:12,8:22,heard,RHWO,5:06,107,5.8,145,,,
31,RTM,7/23/2025,78,2,0,8:12,8:22,heard,WBNU,5:20,80,6.9,171.25,,,
31,RTM,7/23/2025,78,2,0,8:12,8:22,heard,DOWO,6:29,299,1.7,41.25,,,
31,RTM,7/23/2025,78,2,0,8:12,8:22,heard,RHWO,9:45,164,7.5,187.5,,,
32,EM,7/10/2025,80,1,2,8:52,9:02,heard,RBWO,0:16,139,2.6,63.75,,,
32,EM,7/10/2025,80,1,2,8:52,9:02,heard,BHNU,0:42,228,1.7,42.5,,,
32,EM,7/10/2025,80,1,2,8:52,9:02,heard,RHWO,2:30,225,5.6,140,,two birds,
32,EM,7/10/2025,80,1,2,8:52,9:02,heard,RHWO,2:30,225,5.6,140,,two birds,
32,EM,7/10/2025,80,1,2,8:52,9:02,heard,BHNU,3:47,59,2.9,71.25,,two birds,
32,EM,7/10/2025,80,1,2,8:52,9:02,heard,BHNU,3:47,59,2.9,71.25,,two birds,
32,EM,7/10/2025,80,1,2,8:52,9:02,heard,RBWO,6:07,268,5.6,140,,,
32,EM,7/10/2025,80,1,2,8:52,9:02,heard,RBWO,7:29,354,7.0,173.75,,,
32,RTM,7/23/2025,77,2,0,7:55,8:05,heard,PIWO,1:15,301,9.5,237.5,,,
32,RTM,7/23/2025,77,2,0,7:55,8:05,heard,WBNU,2:21,49,5.3,132.5,,,
32,RTM,7/23/2025,77,2,0,7:55,8:05,heard,RBWO,3:48,127,7.7,192.5,,,
32,RTM,7/23/2025,77,2,0,7:55,8:05,heard,RHWO,6:38,219,1.4,35,,,
32,RTM,7/23/2025,77,2,0,7:55,8:05,heard,RHWO,7:07,246,1.5,37.5,,,
31,BB,5/11/2026,68,0,0,8:12,8:22,heard,RHWO,7:05,292,6.6,165,y,y,
31,BB,5/11/2026,68,0,0,8:12,8:22,heard,CAWR,0:50,302,3.9,97.5,y,y,
31,BB,5/11/2026,68,0,0,8:12,8:22,heard,TUTI,7:45,334,4.9,122.5,y,y,
31,BB,5/11/2026,68,0,0,8:12,8:22,heard,BHNU,1:52,31,2.0,50,y,y,
31,BB,5/11/2026,68,0,0,8:12,8:22,heard,RBWO,6:53,42,5.7,142.5,y,n,
31,BB,5/11/2026,68,0,0,8:12,8:22,heard,RBWO,0:08,96,6.1,152.5,y,y,
31,BB,5/11/2026,68,0,0,8:12,8:22,heard,CAWR,8:30,121,4.1,102.5,y,y,
31,BB,5/11/2026,68,0,0,8:12,8:22,heard,CAWR,2:40,215,3.6,90,y,n,
31,BB,5/11/2026,68,0,0,8:12,8:22,heard,RHWO,3:15,132,4.6,115,y,y,
32,BB,5/11/2026,68,0,0,7:48,7:58,visual,RHWO,2:40,322,1.9,47.5,y,y,
32,BB,5/11/2026,68,0,0,7:48,7:58,visual,WODU,1:29,264,1.6,40,y,y,
32,BB,5/11/2026,68,0,0,7:48,7:58,heard,RBWO,2:45,249,3.3,82.5,y,y,
32,BB,5/11/2026,68,0,0,7:48,7:58,heard,DOWO,8:52,269,5.5,137.5,y,y,
32,BB,5/11/2026,68,0,0,7:48,7:58,heard,RHWO,5:49,287,5.4,135,y,n,
32,BB,5/11/2026,68,0,0,7:48,7:58,heard,GCFL,3:50,281,3.1,77.5,y,n,
32,BB,5/11/2026,68,0,0,7:48,7:58,heard,DOWO,4:40,21,2.2,55,y,y,
32,BB,5/11/2026,68,0,0,7:48,7:58,heard,GCFL,0:10,46,2.9,72.5,y,y,
32,BB,5/11/2026,68,0,0,7:48,7:58,heard,TUTI,9:52,47,6.6,165,y,y,
32,BB,5/11/2026,68,0,0,7:48,7:58,heard,RBWO,0:01,69,2.5,62.5,y,y,
32,BB,5/11/2026,68,0,0,7:48,7:58,heard,RHWO,0:58,80,6.5,162.5,y,n,
32,BB,5/11/2026,68,0,0,7:48,7:58,heard,DOWO,8:20,146,0.4,10,y,y,
32,BB,5/11/2026,68,0,0,7:48,7:58,heard,GCFL,3:20,181,5.1,127.5,y,n,
29,BB,5/11/2026,67,0,0,7:15,7:25,heard,CAWR,3:15,270,5.1,127.5,y,n,
29,BB,5/11/2026,67,0,0,7:15,7:25,heard,WBNU,0:55,348,6.1,152.5,y,n,
29,BB,5/11/2026,67,0,0,7:15,7:25,heard,GCFL,0:33,10,6.3,157.5,y,n,
29,BB,5/11/2026,67,0,0,7:15,7:25,heard,RBWO,2:03,25,4.0,100,y,y,
29,BB,5/11/2026,67,0,0,7:15,7:25,heard,WBNU,0:50,50,5.3,132.5,y,y,
29,BB,5/11/2026,67,0,0,7:15,7:25,heard,RHWO,9:40,62,3.6,90,y,n,
29,BB,5/11/2026,67,0,0,7:15,7:25,heard,TUTI,7:20,63,6.5,162.5,y,y,
29,BB,5/11/2026,67,0,0,7:15,7:25,heard,CAWR,0:16,91,4.9,122.5,y,y,
29,BB,5/11/2026,67,0,0,7:15,7:25,heard,RBWO,0:05,128,4.0,100,y,y,
29,BB,5/11/2026,67,0,0,7:15,7:25,heard,RBWO,5:50,223,5.5,137.5,y,y,
31,RTM,5/11/2026,68,0,0,8:12,8:22,heard,GCFL,8:28,243,4.6,115,y,n,
31,RTM,5/11/2026,68,0,0,8:12,8:22,heard,RHWO,7:02,282,6.7,167.5,y,y,
31,RTM,5/11/2026,68,0,0,8:12,8:22,heard,CAWR,0:20,304,4.2,105,y,y,
31,RTM,5/11/2026,68,0,0,8:12,8:22,heard,TUTI,5:50,328,5.0,125,y,y,
31,RTM,5/11/2026,68,0,0,8:12,8:22,heard,RHWO,6:52,23,7.2,180,y,n,
31,RTM,5/11/2026,68,0,0,8:12,8:22,heard,BHNU,0:43,43,3.5,87.5,y,y,
31,RTM,5/11/2026,68,0,0,8:12,8:22,heard,RBWO,0:05,68,6.9,172.5,y,y,
31,RTM,5/11/2026,68,0,0,8:12,8:22,heard,CAWR,0:30,80,7.4,185,y,y,
31,RTM,5/11/2026,68,0,0,8:12,8:22,heard,RHWO,2:09,201,6.8,170,y,y,
29,RTM,5/11/2026,67,0,0,7:16,7:26,heard,GCFL,8:52,264,7.6,190,y,n,
29,RTM,5/11/2026,67,0,0,7:16,7:26,heard,RHWO,6:28,314,8.5,212.5,y,n,
29,RTM,5/11/2026,67,0,0,7:16,7:26,heard,RBWO,2:09,11,7.8,195,y,y,
29,RTM,5/11/2026,67,0,0,7:16,7:26,heard,CAWR,0:23,21,6.4,160,y,n,
29,RTM,5/11/2026,67,0,0,7:16,7:26,heard,CAWR,0:14,73,5.1,127.5,y,y,
29,RTM,5/11/2026,67,0,0,7:16,7:26,heard,WBNU,0:29,98,5.6,140,y,y,
29,RTM,5/11/2026,67,0,0,7:16,7:26,heard,RBWO,0:04,139,4.0,100,y,y,
29,RTM,5/11/2026,67,0,0,7:16,7:26,heard,RBWO,4:06,193,4.6,115,y,y,
32,RTM,5/11/2026,68,0,0,7:48,7:58,visual,RHWO,9:10,322,1.8,45,y,y,
32,RTM,5/11/2026,68,0,0,7:48,7:58,visual,WODU,1:23,271,2.9,72.5,y,y,
32,RTM,5/11/2026,68,0,0,7:48,7:58,heard,DOWO,8:13,255,1.1,27.5,y,y,
32,RTM,5/11/2026,68,0,0,7:48,7:58,heard,DOWO,8:32,281,4.3,107.5,y,y,
32,RTM,5/11/2026,68,0,0,7:48,7:58,heard,RBWO,0:01,338,4.0,100,y,n,
32,RTM,5/11/2026,68,0,0,7:48,7:58,heard,RHWO,2:17,343,5.7,142.5,y,n,
32,RTM,5/11/2026,68,0,0,7:48,7:58,heard,GCFL,7:30,15,3.5,87.5,y,n,
32,RTM,5/11/2026,68,0,0,7:48,7:58,heard,DOWO,4:34,30,0.8,20,y,y,
32,RTM,5/11/2026,68,0,0,7:48,7:58,heard,TUTI,1:09,61,6.5,162.5,y,y,
32,RTM,5/11/2026,68,0,0,7:48,7:58,heard,GCFL,0:20,115,3.4,85,y,y,
32,RTM,5/11/2026,68,0,0,7:48,7:58,heard,RBWO,2:30,152,3.0,75,y,y,
32,RTM,5/11/2026,68,0,0,7:48,7:58,heard,RBWO,0:43,141,8.3,207.5,y,n,
32,RTM,5/11/2026,68,0,0,7:48,7:58,heard,TUTI,6:48,158,7.3,182.5,y,n,
20,RTM,5/8/2026,71,2,2,9:33,9:43,heard,BASP,4:27,312,7.2,180,y,y,
20,RTM,5/8/2026,71,2,2,9:33,9:43,heard,RHWO,3:34,338,6.1,152.5,y,n,
20,RTM,5/8/2026,71,2,2,9:33,9:43,heard,BASP,0:19,348,4.3,107.5,y,y,
20,RTM,5/8/2026,71,2,2,9:33,9:43,heard,RHWO,9:31,34,4.2,105,y,n,
20,RTM,5/8/2026,71,2,2,9:33,9:43,heard,EABL,0:03,56,4.4,110,y,n,
20,RTM,5/8/2026,71,2,2,9:33,9:43,heard,RBWO,2:29,54,6.2,155,y,y,
20,RTM,5/8/2026,71,2,2,9:33,9:43,heard,CAWR,3:58,128,3.7,92.5,y,y,
20,RTM,5/8/2026,71,2,2,9:33,9:43,heard,RBWO,3:24,73,2.9,72.5,y,y,
20,RTM,5/8/2026,71,2,2,9:33,9:43,heard,RHWO,0:07,169,6.9,172.5,y,y,
22,RTM,5/8/2026,70,2,2,8:41,8:51,heard,BASP,7:01,303,6.8,170,y,n,
22,RTM,5/8/2026,70,2,2,8:41,8:51,heard,BASP,6:50,344,4.5,112.5,y,y,
22,RTM,5/8/2026,70,2,2,8:41,8:51,heard,RHWO,0:02,357,4.5,112.5,y,y,
22,RTM,5/8/2026,70,2,2,8:41,8:51,heard,GCFL,0:25,353,6.4,160,y,n,
22,RTM,5/8/2026,70,2,2,8:41,8:51,heard,BASP,9:57,23,7.2,180,y,n,
22,RTM,5/8/2026,70,2,2,8:41,8:51,heard,RHWO,5:12,46,7.7,192.5,y,n,
22,RTM,5/8/2026,70,2,2,8:41,8:51,heard,RHWO,0:25,59,6.2,155,y,y,
22,RTM,5/8/2026,70,2,2,8:41,8:51,heard,BASP,0:57,67,4.6,115,y,y,
22,RTM,5/8/2026,70,2,2,8:41,8:51,heard,RBWO,7:40,75,6.8,170,y,y,
22,RTM,5/8/2026,70,2,2,8:41,8:51,heard,RHWO,0:47,140,2.9,72.5,y,y,
22,RTM,5/8/2026,70,2,2,8:41,8:51,heard,CAWR,4:30,123,6.5,162.5,y,n,
23,RTM,5/8/2026,71,2,1,9:07,9:17,heard,GCFL,0:46,295,6.5,162.5,y,y,
23,RTM,5/8/2026,71,2,1,9:07,9:17,heard,RBWO,0:05,35,4.6,115,y,y,
23,RTM,5/8/2026,71,2,1,9:07,9:17,heard,CAWR,0:01,34,5.6,140,y,y,
23,RTM,5/8/2026,71,2,1,9:07,9:17,heard,RBWO,8:00,67,7.4,185,y,y,
23,RTM,5/8/2026,71,2,1,9:07,9:17,heard,WBNU,0:23,89,6.1,152.5,y,n,
23,RTM,5/8/2026,71,2,1,9:07,9:17,heard,TUTI,1:14,101,4.4,110,y,y,
23,RTM,5/8/2026,71,2,1,9:07,9:17,heard,RBWO,4:12,126,6.5,162.5,y,y,
15,RTM,5/8/2026,70,2,2,7:31,7:41,heard,DOWO,9:41,243,2.2,55,y,n,
15,RTM,5/8/2026,70,2,2,7:31,7:41,heard,GCFL,4:20,300,7.4,185,y,y,
15,RTM,5/8/2026,70,2,2,7:31,7:41,heard,BASP,4:07,349,4.6,115,y,y,
15,RTM,5/8/2026,70,2,2,7:31,7:41,visual,RHWO,2:30,35,4.6,115,y,y,
15,RTM,5/8/2026,70,2,2,7:31,7:41,heard,RHWO,6:20,66,6.7,167.5,y,y,
15,RTM,5/8/2026,70,2,2,7:31,7:41,heard,BASP,1:45,126,4.8,120,y,n,
15,RTM,5/8/2026,70,2,2,7:31,7:41,heard,RBWO,0:07,120,6.8,170,y,y,
15,RTM,5/8/2026,70,2,2,7:31,7:41,visual,RHWO,3:50,201,2.8,70,y,y,
15,RTM,5/8/2026,70,2,2,7:31,7:41,heard,RHWO,1:06,164,4.4,110,y,y,
8,BB,5/22/2026,78,0,0,8:38,8:48,heard,BASP,5:11,290,3.5,87.5,n,,
8,BB,5/22/2026,78,0,0,8:38,8:48,heard,GCFL,3:44,65,4.6,115,n,,
8,BB,5/22/2026,78,0,0,8:38,8:48,heard,CAWR,3:26,88,4.3,107.5,n,,
8,BB,5/22/2026,78,0,0,8:38,8:48,heard,RBWO,0:50,135,3.7,92.5,n,,
8,BB,5/22/2026,78,0,0,8:38,8:48,heard,BASP,1:43,127,6.4,160,n,,
8,BB,5/22/2026,78,0,0,8:38,8:48,heard,GCFL,7:11,169,2.5,62.5,n,,
8,BB,5/22/2026,78,0,0,8:38,8:48,heard,CAWR,7:23,247,1.8,45,n,,
8,BB,5/22/2026,78,0,0,8:38,8:48,heard,RBWO,0:18,242,4.4,110,n,,
9,BB,5/22/2026,70,0,0,7:22,7:32,heard,BHNU,4:10,351,1.9,47.5,n,,
9,BB,5/22/2026,70,0,0,7:22,7:32,heard,EABL,8:02,343,4.0,100,n,,
9,BB,5/22/2026,70,0,0,7:22,7:32,heard,TUTI,0:36,12,6.8,170,n,,
9,BB,5/22/2026,70,0,0,7:22,7:32,heard,RHWO,0:11,46,1.1,27.5,n,,
9,BB,5/22/2026,70,0,0,7:22,7:32,heard,GCFL,0:23,31,3.8,95,n,,
9,BB,5/22/2026,70,0,0,7:22,7:32,heard,CAWR,7:10,33,6.5,162.5,n,,
9,BB,5/22/2026,70,0,0,7:22,7:32,heard,CAWR,2:07,59,4.8,120,n,,
9,BB,5/22/2026,70,0,0,7:22,7:32,heard,EABL,5:26,80,6.1,152.5,n,,
9,BB,5/22/2026,70,0,0,7:22,7:32,heard,RBWO,1:51,102,4.5,112.5,n,,
9,BB,5/22/2026,70,0,0,7:22,7:32,heard,GCFL,1:10,118,3.7,92.5,n,,
9,BB,5/22/2026,70,0,0,7:22,7:32,heard,RCWO,9:45,120,6.1,152.5,n,,
9,BB,5/22/2026,70,0,0,7:22,7:32,heard,TUTI,1:33,218,5.0,125,n,,
10,BB,5/22/2026,74,0,1,7:50,8:00,heard,RBWO,1:03,274,2.6,65,n,,
10,BB,5/22/2026,74,0,1,7:50,8:00,heard,BHNU,1:27,295,2.8,70,n,,
10,BB,5/22/2026,74,0,1,7:50,8:00,heard,BASP,0:27,328,5.1,127.5,n,,
10,BB,5/22/2026,74,0,1,7:50,8:00,heard,RCWO,0:08,357,3.0,75,n,,
10,BB,5/22/2026,74,0,1,7:50,8:00,heard,GCFL,0:36,34,3.1,77.5,n,,
10,BB,5/22/2026,74,0,1,7:50,8:00,heard,CAWR,0:52,23,4.9,122.5,n,,
10,BB,5/22/2026,74,0,1,7:50,8:00,heard,BHNU,3:55,94,3.2,80,n,,
10,BB,5/22/2026,74,0,1,7:50,8:00,heard,RCWO,2:30,119,1.6,40,n,,
10,BB,5/22/2026,74,0,1,7:50,8:00,heard,GCFL,2:08,128,5.3,132.5,n,,
10,BB,5/22/2026,74,0,1,7:50,8:00,heard,RBWO,8:15,147,6.5,162.5,n,,
10,BB,5/22/2026,74,0,1,7:50,8:00,heard,BHNU,6:56,159,4.3,107.5,n,,
10,BB,5/22/2026,74,0,1,7:50,8:00,heard,WBNU,0:45,186,2.8,70,n,,
10,BB,5/22/2026,74,0,1,7:50,8:00,heard,RCWO,2:35,230,2.4,60,n,,
10,BB,5/22/2026,74,0,1,7:50,8:00,heard,CAWR,3:00,238,6.6,165,n,,
11,BB,5/22/2026,75,0,1,8:09,8:19,heard,RBWO,1:40,271,6.7,167.5,n,,
11,BB,5/22/2026,75,0,1,8:09,8:19,heard,CAWR,3:41,284,6.4,160,n,,
11,BB,5/22/2026,75,0,1,8:09,8:19,heard,TUTI,8:38,8,6.6,165,n,,
11,BB,5/22/2026,75,0,1,8:09,8:19,heard,CAWR,6:08,24,3.5,87.5,n,,
11,BB,5/22/2026,75,0,1,8:09,8:19,heard,GCFL,0:20,28,6.7,167.5,n,,
11,BB,5/22/2026,75,0,1,8:09,8:19,heard,BASP,0:15,48,2.5,62.5,n,,
11,BB,5/22/2026,75,0,1,8:09,8:19,heard,BASP,0:00,61,6.7,167.5,n,,
11,BB,5/22/2026,75,0,1,8:09,8:19,heard,RHWO,4:55,92,5.2,130,n,,
11,BB,5/22/2026,75,0,1,8:09,8:19,heard,CAWR,8:28,112,2.6,65,n,,
11,BB,5/22/2026,75,0,1,8:09,8:19,heard,RBWO,3:05,159,4.3,107.5,n,,
11,BB,5/22/2026,75,0,1,8:09,8:19,heard,BHNU,2:06,225,4.0,100,n,,
11,BB,5/22/2026,75,0,1,8:09,8:19,heard,WBNU,2:28,220,5.6,140,n,,
11,BB,5/22/2026,75,0,1,8:09,8:19,heard,BASP,0:40,245,4.9,122.5,n,,
4,BB,5/21/2026,78,0,1,8:45,8:55,heard,WBNU,0:14,276,1.4,35,n,,
4,BB,5/21/2026,78,0,1,8:45,8:55,heard,RHWO,5:53,274,7.0,175,n,,
4,BB,5/21/2026,78,0,1,8:45,8:55,heard,BHNU,1:33,318,1.8,45,n,,
4,BB,5/21/2026,78,0,1,8:45,8:55,heard,RHWO,0:55,299,3.5,87.5,n,,
4,BB,5/21/2026,78,0,1,8:45,8:55,heard,CACH,8:08,357,3.9,97.5,n,,
4,BB,5/21/2026,78,0,1,8:45,8:55,heard,BASP,4:24,331,7.5,187.5,n,,
4,BB,5/21/2026,78,0,1,8:45,8:55,heard,BASP,9:48,21,6.1,152.5,n,,
4,BB,5/21/2026,78,0,1,8:45,8:55,heard,TUTI,0:26,51,2.6,65,n,,
4,BB,5/21/2026,78,0,1,8:45,8:55,heard,WBNU,0:34,136,1.2,30,n,,
4,BB,5/21/2026,78,0,1,8:45,8:55,heard,TUTI,0:50,223,3.5,87.5,n,,
4,BB,5/21/2026,78,0,1,8:45,8:55,heard,RBWO,3:50,176,7.3,182.5,n,,
5,BB,5/21/2026,71,0,0,7:25,7:35,visual,RCWO,1:23,61,2.1,52.5,n,,
5,BB,5/21/2026,71,0,0,7:25,7:35,visual,RCWO,1:23,61,2.1,52.5,n,,
5,BB,5/21/2026,71,0,0,7:25,7:35,heard,TUTI,7:06,294,5.2,130,n,,
5,BB,5/21/2026,71,0,0,7:25,7:35,heard,BASP,4:43,315,6.0,150,n,,
5,BB,5/21/2026,71,0,0,7:25,7:35,heard,BASP,0:30,13,4.7,117.5,n,,
5,BB,5/21/2026,71,0,0,7:25,7:35,heard,BHNU,4:03,31,2.6,65,n,,
5,BB,5/21/2026,71,0,0,7:25,7:35,heard,RHWO,1:15,55,5.2,130,n,,
5,BB,5/21/2026,71,0,0,7:25,7:35,heard,BASP,0:50,84,3.9,97.5,n,,
5,BB,5/21/2026,71,0,0,7:25,7:35,heard,GCFL,6:36,111,4.7,117.5,n,,
5,BB,5/21/2026,71,0,0,7:25,7:35,heard,RHWO,3:08,130,6.8,170,n,,
5,BB,5/21/2026,71,0,0,7:25,7:35,heard,RBWO,0:35,138,6.0,150,n,,
5,BB,5/21/2026,71,0,0,7:25,7:35,heard,BASP,0:15,240,5.4,135,n,,
26,BB,5/19/2026,77,1,2,9:40,9:50,visual,RHWO,9:55,274,2.3,57.5,n,,
26,BB,5/19/2026,77,1,2,9:40,9:50,heard,CAWR,4:22,312,6.4,160,n,,
26,BB,5/19/2026,77,1,2,9:40,9:50,heard,RHWO,0:45,340,7.1,177.5,n,,
26,BB,5/19/2026,77,1,2,9:40,9:50,heard,RHWO,0:50,15,6.6,165,n,,
26,BB,5/19/2026,77,1,2,9:40,9:50,heard,GCFL,5:02,30,7.3,182.5,n,,
26,BB,5/19/2026,77,1,2,9:40,9:50,heard,BHNU,1:30,49,3.5,87.5,n,,
26,BB,5/19/2026,77,1,2,9:40,9:50,heard,BHNU,9:45,229,1.8,45,n,,
26,BB,5/19/2026,77,1,2,9:40,9:50,heard,RBWO,2:50,183,4.4,110,n,,
27,BB,5/19/2026,71,0,2,8:27,8:37,heard,BASP,0:49,274,2.9,72.5,n,,
27,BB,5/19/2026,71,0,2,8:27,8:37,heard,BASP,0:40,357,1.8,45,n,,
27,BB,5/19/2026,71,0,2,8:27,8:37,heard,CAWR,6:32,337,4.1,102.5,n,,
27,BB,5/19/2026,71,0,2,8:27,8:37,heard,RHWO,5:40,344,7.0,175,n,,
27,BB,5/19/2026,71,0,2,8:27,8:37,heard,GCFL,2:55,49,5.5,137.5,n,,
27,BB,5/19/2026,71,0,2,8:27,8:37,heard,CAWR,3:38,70,4.7,117.5,n,,
27,BB,5/19/2026,71,0,2,8:27,8:37,heard,RBWO,2:20,93,2.6,65,n,,
27,BB,5/19/2026,71,0,2,8:27,8:37,heard,GCFL,0:33,170,3.1,77.5,n,,
27,BB,5/19/2026,71,0,2,8:27,8:37,heard,RBWO,0:15,258,4.7,117.5,n,,
24,BB,5/19/2026,75,1,2,9:14,9:24,heard,BHNU,4:22,274,3.7,92.5,n,,
24,BB,5/19/2026,75,1,2,9:14,9:24,heard,RBWO,2:50,23,5.1,127.5,n,,
24,BB,5/19/2026,75,1,2,9:14,9:24,heard,PIWO,4:41,34,7.7,192.5,n,,
24,BB,5/19/2026,75,1,2,9:14,9:24,heard,GCFL,2:44,56,4.5,112.5,n,,
24,BB,5/19/2026,75,1,2,9:14,9:24,heard,RHWO,7:45,74,2.8,70,n,,
24,BB,5/19/2026,75,1,2,9:14,9:24,heard,TUTI,0:18,86,6.3,157.5,n,,
24,BB,5/19/2026,75,1,2,9:14,9:24,heard,RBWO,6:30,116,2.3,57.5,n,,
24,BB,5/19/2026,75,1,2,9:14,9:24,heard,CAWR,2:30,133,6.4,160,n,,
24,BB,5/19/2026,75,1,2,9:14,9:24,heard,RHWO,7:10,198,4.7,117.5,n,,
24,BB,5/19/2026,75,1,2,9:14,9:24,heard,CAWR,1:34,222,2.6,65,n,,
25,BB,5/19/2026,73,0,2,8:54,9:04,heard,GCFL,3:48,268,3.5,87.5,n,,
25,BB,5/19/2026,73,0,2,8:54,9:04,heard,RBWO,0:08,276,6.4,160,n,,
25,BB,5/19/2026,73,0,2,8:54,9:04,visual,RHWO,4:04,335,1.6,40,n,,
25,BB,5/19/2026,73,0,2,8:54,9:04,heard,RCWO,1:52,321,4.4,110,n,,
25,BB,5/19/2026,73,0,2,8:54,9:04,heard,PIWO,6:36,336,7.2,180,n,,
25,BB,5/19/2026,73,0,2,8:54,9:04,heard,CACH,5:30,350,5.2,130,n,,
25,BB,5/19/2026,73,0,2,8:54,9:04,heard,GCFL,9:00,7,6.3,157.5,n,,
25,BB,5/19/2026,73,0,2,8:54,9:04,heard,TUTI,2:42,32,4.2,105,n,,
25,BB,5/19/2026,73,0,2,8:54,9:04,heard,CAWR,1:40,68,4.9,122.5,n,,
25,BB,5/19/2026,73,0,2,8:54,9:04,heard,RBWO,5:03,90,6.1,152.5,n,,
25,BB,5/19/2026,73,0,2,8:54,9:04,heard,RHWO,6:30,236,3.7,92.5,n,,
1,BB,5/6/2026,77,1,2,10:17,10:27,heard,RHWO,6:20,352,5.2,130,y,y,
1,BB,5/6/2026,77,1,2,10:17,10:27,heard,RBWO,4:45,22,5.9,147.5,y,y,
1,BB,5/6/2026,77,1,2,10:17,10:27,heard,CAWR,8:40,58,2.4,60,y,y,
1,BB,5/6/2026,77,1,2,10:17,10:27,heard,TUTI,8:20,75,6.1,152.5,y,y,
4,BB,5/6/2026,67,2,1,7:22,7:32,heard,GCFL,3:05,263,3.4,85,y,y,
4,BB,5/6/2026,67,2,1,7:22,7:32,heard,BASP,2:43,322,3.5,87.5,y,y,
4,BB,5/6/2026,67,2,1,7:22,7:32,heard,CAWR,8:15,340,4.3,107.5,y,n,
4,BB,5/6/2026,67,2,1,7:22,7:32,heard,RHWO,0:40,3,3.8,95,y,y,
4,BB,5/6/2026,67,2,1,7:22,7:32,heard,BASP,2:32,42,3.7,92.5,y,y,
4,BB,5/6/2026,67,2,1,7:22,7:32,heard,RHWO,6:22,59,2.9,72.5,y,n,
4,BB,5/6/2026,67,2,1,7:22,7:32,heard,WBNU,0:10,80,2.9,72.5,y,y,
4,BB,5/6/2026,67,2,1,7:22,7:32,heard,CAWR,6:00,104,4.1,102.5,y,n,
4,BB,5/6/2026,67,2,1,7:22,7:32,heard,TUTI,2:07,130,3.3,82.5,y,y,
4,BB,5/6/2026,67,2,1,7:22,7:32,heard,GCFL,7:10,126,5.4,135,y,y,
4,BB,5/6/2026,67,2,1,7:22,7:32,heard,RBWO,10:00,146,4.7,117.5,y,y,
4,BB,5/6/2026,67,2,1,7:22,7:32,heard,RHWO,0:45,186,2.0,50,y,y,
6,BB,5/6/2026,67,2,0,7:45,7:55,heard,RHWO,8:30,287,5.4,135,y,y,
6,BB,5/6/2026,67,2,0,7:45,7:55,heard,BASP,7:10,291,3.9,97.5,y,y,
6,BB,5/6/2026,67,2,0,7:45,7:55,heard,BHNU,2:23,335,1.9,47.5,y,y,
6,BB,5/6/2026,67,2,0,7:45,7:55,heard,RCWO,0:30,37,5.7,142.5,y,y,
6,BB,5/6/2026,67,2,0,7:45,7:55,heard,GCFL,0:30,46,4.5,112.5,y,y,
6,BB,5/6/2026,67,2,0,7:45,7:55,heard,BHNU,0:32,83,1.8,45,y,y,
6,BB,5/6/2026,67,2,0,7:45,7:55,heard,BHNU,0:32,83,1.8,45,y,y,
6,BB,5/6/2026,67,2,0,7:45,7:55,heard,WBNU,4:20,75,4.2,105,y,n,
6,BB,5/6/2026,67,2,0,7:45,7:55,heard,EABL,5:40,103,3.5,87.5,y,y,
6,BB,5/6/2026,67,2,0,7:45,7:55,heard,GCFL,9:10,102,4.9,122.5,y,n,
6,BB,5/6/2026,67,2,0,7:45,7:55,heard,RHWO,8:35,92,6.0,150,y,y,
6,BB,5/6/2026,67,2,0,7:45,7:55,heard,RHWO,4:56,117,6.0,150,y,y,
6,BB,5/6/2026,67,2,0,7:45,7:55,heard,BASP,4:10,158,4.1,102.5,y,y,
6,BB,5/6/2026,67,2,0,7:45,7:55,heard,GCFL,3:40,147,5.3,132.5,y,n,
6,BB,5/6/2026,67,2,0,7:45,7:55,heard,RBWO,2:35,256,2.7,67.5,y,y,
6,BB,5/6/2026,67,2,0,7:45,7:55,heard,GCFL,1:05,235,3.9,97.5,y,y,
7,BB,5/6/2026,69,1,0,8:13,8:23,heard,BASP,0:15,286,2.5,62.5,y,y,
7,BB,5/6/2026,69,1,0,8:13,8:23,heard,BHNU,8:35,282,4.4,110,y,y,
7,BB,5/6/2026,69,1,0,8:13,8:23,heard,RHWO,6:48,307,5.3,132.5,y,y,
7,BB,5/6/2026,69,1,0,8:13,8:23,heard,GCFL,2:18,344,4.4,110,y,n,
7,BB,5/6/2026,69,1,0,8:13,8:23,heard,BHNU,7:10,2,4.6,115,y,y,
7,BB,5/6/2026,69,1,0,8:13,8:23,heard,RHWO,4:00,12,3.1,77.5,y,y,
7,BB,5/6/2026,69,1,0,8:13,8:23,heard,WBNU,1:25,44,3.8,95,y,y,
7,BB,5/6/2026,69,1,0,8:13,8:23,heard,GCFL,3:12,47,5.0,125,y,y,
7,BB,5/6/2026,69,1,0,8:13,8:23,heard,BASP,0:39,38,6.6,165,y,y,
7,BB,5/6/2026,69,1,0,8:13,8:23,heard,RCWO,0:45,80,3.8,95,y,y,
7,BB,5/6/2026,69,1,0,8:13,8:23,heard,RBWO,9:38,90,5.3,132.5,y,n,
7,BB,5/6/2026,69,1,0,8:13,8:23,heard,BHNU,9:08,127,3.3,82.5,y,n,
7,BB,5/6/2026,69,1,0,8:13,8:23,heard,RHWO,6:30,107,4.6,115,y,n,
7,BB,5/6/2026,69,1,0,8:13,8:23,heard,EABL,4:20,157,2.4,60,y,y,
7,BB,5/6/2026,69,1,0,8:13,8:23,heard,RHWO,6:11,165,4.0,100,y,y,
7,BB,5/6/2026,69,1,0,8:13,8:23,heard,BASP,1:00,183,3.9,97.5,y,y,
7,BB,5/6/2026,69,1,0,8:13,8:23,heard,BHNU,6:50,228,1.8,45,y,y,
5,BB,5/6/2026,72,1,1,8:42,8:52,heard,BASP,0:05,284,6.6,165,y,n,
5,BB,5/6/2026,72,1,1,8:42,8:52,heard,EABL,0:10,315,2.5,62.5,y,y,
5,BB,5/6/2026,72,1,1,8:42,8:52,heard,BASP,0:20,327,4.0,100,y,y,
5,BB,5/6/2026,72,1,1,8:42,8:52,heard,GCFL,2:10,343,4.7,117.5,y,y,
5,BB,5/6/2026,72,1,1,8:42,8:52,heard,RBWO,2:36,7,5.2,130,y,y,
5,BB,5/6/2026,72,1,1,8:42,8:52,heard,BASP,0:26,22,3.9,97.5,y,y,
5,BB,5/6/2026,72,1,1,8:42,8:52,heard,GCFL,1:08,32,6.7,167.5,y,n,
5,BB,5/6/2026,72,1,1,8:42,8:52,heard,RBWO,1:42,45,4.7,117.5,y,n,
5,BB,5/6/2026,72,1,1,8:42,8:52,heard,RCWO,0:35,54,4.8,120,y,y,
5,BB,5/6/2026,72,1,1,8:42,8:52,heard,BASP,1:58,131,3.3,82.5,y,y,
5,BB,5/6/2026,72,1,1,8:42,8:52,heard,RBWO,4:41,160,4.4,110,y,n,
5,BB,5/6/2026,72,1,1,8:42,8:52,heard,BASP,5:23,183,4.3,107.5,y,n,
5,BB,5/6/2026,72,1,1,8:42,8:52,heard,RHWO,1:23,244,4.1,102.5,y,y,
5,BB,5/6/2026,72,1,1,8:42,8:52,heard,PIWO,9:45,8,1.2,30,y,y,
3,BB,5/6/2026,73,1,1,9:15,9:25,heard,TUTI,2:01,244,3.8,95,y,y,
3,BB,5/6/2026,73,1,1,9:15,9:25,heard,DOWO,5:30,265,2.2,55,y,y,
3,BB,5/6/2026,73,1,1,9:15,9:25,heard,CACH,3:18,286,4.3,107.5,y,y,
3,BB,5/6/2026,73,1,1,9:15,9:25,heard,CAWR,0:25,316,4.8,120,y,n,
3,BB,5/6/2026,73,1,1,9:15,9:25,heard,WBNU,1:30,321,7.0,175,y,y,
3,BB,5/6/2026,73,1,1,9:15,9:25,heard,TUTI,4:18,337,5.1,127.5,y,n,
3,BB,5/6/2026,73,1,1,9:15,9:25,heard,CAWR,0:17,11,3.3,82.5,y,n,
3,BB,5/6/2026,73,1,1,9:15,9:25,heard,BHNU,1:06,53,2.6,65,y,y,
3,BB,5/6/2026,73,1,1,9:15,9:25,heard,TUTI,8:50,64,5.0,125,y,y,
3,BB,5/6/2026,73,1,1,9:15,9:25,heard,RBWO,2:54,50,7.9,197.5,y,y,
3,BB,5/6/2026,73,1,1,9:15,9:25,heard,RBWO,8:24,88,6.7,167.5,y,y,
3,BB,5/6/2026,73,1,1,9:15,9:25,heard,CAWR,1:37,112,2.6,65,y,n,
3,BB,5/6/2026,73,1,1,9:15,9:25,heard,CAWR,3:51,128,8.6,215,y,y,
2,BB,5/6/2026,74,1,2,9:43,9:53,heard,BASP,1:10,264,7.8,195,y,n,
2,BB,5/6/2026,74,1,2,9:43,9:53,heard,BASP,0:20,273,3.7,92.5,y,y,
2,BB,5/6/2026,74,1,2,9:43,9:53,heard,TUTI,0:10,326,3.9,97.5,y,y,
2,BB,5/6/2026,74,1,2,9:43,9:53,heard,BASP,7:02,343,5.9,147.5,y,n,
2,BB,5/6/2026,74,1,2,9:43,9:53,heard,GCFL,7:17,357,5.4,135,y,n,
2,BB,5/6/2026,74,1,2,9:43,9:53,heard,BASP,0:40,23,7.6,190,y,y,
2,BB,5/6/2026,74,1,2,9:43,9:53,heard,BASP,0:01,29,3.8,95,y,y,
2,BB,5/6/2026,74,1,2,9:43,9:53,heard,TUTI,1:53,57,4.1,102.5,y,y,
30,BB,5/5/2026,70,0,1,9:50,10:00,heard,TUTI,0:18,271,7.2,180,y,y,
30,BB,5/5/2026,70,0,1,9:50,10:00,heard,RHWO,6:15,281,5.3,132.5,y,y,
30,BB,5/5/2026,70,0,1,9:50,10:00,heard,GCFL,5:45,293,3.2,80,y,y,
30,BB,5/5/2026,70,0,1,9:50,10:00,heard,EABL,5:15,327,2.6,65,y,y,
30,BB,5/5/2026,70,0,1,9:50,10:00,heard,RHWO,6:13,3,6.2,155,y,y,
30,BB,5/5/2026,70,0,1,9:50,10:00,heard,TUTI,1:10,18,4.5,112.5,y,y,
30,BB,5/5/2026,70,0,1,9:50,10:00,heard,CAWR,2:00,79,2.6,65,y,n,
30,BB,5/5/2026,70,0,1,9:50,10:00,heard,DOWO,8:30,66,4.2,105,y,y,
30,BB,5/5/2026,70,0,1,9:50,10:00,heard,RBWO,7:55,78,4.4,110,y,n,
30,BB,5/5/2026,70,0,1,9:50,10:00,heard,RBWO,1:20,112,2.8,70,y,y,
30,BB,5/5/2026,70,0,1,9:50,10:00,heard,RHWO,1:10,110,5.3,132.5,y,y,
28,BB,5/5/2026,68,0,0,9:08,9:18,heard,TUTI,1:23,258,3.9,97.5,y,y,
28,BB,5/5/2026,68,0,0,9:08,9:18,heard,RCWO,0:12,255,1.6,40,y,y,
28,BB,5/5/2026,68,0,0,9:08,9:18,heard,RBWO,0:58,301,3.8,95,y,y,
28,BB,5/5/2026,68,0,0,9:08,9:18,heard,CAWR,1:28,326,2.0,50,y,y,
28,BB,5/5/2026,68,0,0,9:08,9:18,heard,CAWR,1:48,14,2.6,65,y,y,
28,BB,5/5/2026,68,0,0,9:08,9:18,heard,RBWO,2:25,27,4.3,107.5,y,y,
28,BB,5/5/2026,68,0,0,9:08,9:18,heard,GCFL,2:15,160,2.9,72.5,y,y,
28,BB,5/5/2026,68,0,0,9:08,9:18,heard,RBWO,0:48,184,3.1,77.5,y,y,
28,BB,5/5/2026,68,0,0,9:08,9:18,heard,RBWO,0:22,241,4.9,122.5,y,y,
27,BB,5/5/2026,64,0,0,8:40,8:50,visual,RHWO,7:26,359,3.6,90,y,y,
27,BB,5/5/2026,64,0,0,8:40,8:50,heard,BASP,0:23,241,1.8,45,y,y,
27,BB,5/5/2026,64,0,0,8:40,8:50,heard,RHWO,2:10,260,3.8,95,y,y,
27,BB,5/5/2026,64,0,0,8:40,8:50,heard,CAWR,1:25,285,3.7,92.5,y,y,
27,BB,5/5/2026,64,0,0,8:40,8:50,heard,CAWR,2:45,338,2.8,70,y,n,
27,BB,5/5/2026,64,0,0,8:40,8:50,heard,RBWO,5:26,333,4.7,117.5,y,n,
27,BB,5/5/2026,64,0,0,8:40,8:50,heard,BASP,0:33,6,1.7,42.5,y,y,
27,BB,5/5/2026,64,0,0,8:40,8:50,heard,RHWO,3:50,40,4.8,120,y,y,
27,BB,5/5/2026,64,0,0,8:40,8:50,heard,CAWR,1:55,80,3.5,87.5,y,y,
27,BB,5/5/2026,64,0,0,8:40,8:50,heard,TUTI,1:11,104,3.6,90,y,n,
27,BB,5/5/2026,64,0,0,8:40,8:50,heard,RHWO,3:14,179,4.3,107.5,y,n,
24,BB,5/5/2026,58,0,0,8:08,8:18,heard,RHWO,4:36,272,4.6,115,y,y,
24,BB,5/5/2026,58,0,0,8:08,8:18,heard,DOWO,7:11,320,4.0,100,y,y,
24,BB,5/5/2026,58,0,0,8:08,8:18,heard,TUTI,1:12,339,2.9,72.5,y,y,
24,BB,5/5/2026,58,0,0,8:08,8:18,heard,GCFL,8:39,30,4.4,110,y,y,
24,BB,5/5/2026,58,0,0,8:08,8:18,heard,RBWO,2:23,60,4.3,107.5,y,y,
24,BB,5/5/2026,58,0,0,8:08,8:18,heard,CAWR,2:38,78,3.5,87.5,y,y,
24,BB,5/5/2026,58,0,0,8:08,8:18,heard,RBWO,6:06,117,5.0,125,y,n,
24,BB,5/5/2026,58,0,0,8:08,8:18,heard,CAWR,0:23,139,3.4,85,y,y,
24,BB,5/5/2026,58,0,0,8:08,8:18,heard,BASP,3:39,162,4.8,120,y,y,
24,BB,5/5/2026,58,0,0,8:08,8:18,heard,CAWR,1:49,212,5.2,130,y,n,
25,BB,5/5/2026,52,0,0,7:39,7:49,heard,GCFL,0:45,261,4.7,117.5,y,y,
25,BB,5/5/2026,52,0,0,7:39,7:49,heard,RBWO,1:05,287,2.8,70,y,y,
25,BB,5/5/2026,52,0,0,7:39,7:49,heard,RHWO,3:30,317,1.5,37.5,y,y,
25,BB,5/5/2026,52,0,0,7:39,7:49,heard,RHWO,0:40,42,2.5,62.5,y,n,
25,BB,5/5/2026,52,0,0,7:39,7:49,heard,GCFL,0:20,129,2.6,65,y,y,
25,BB,5/5/2026,52,0,0,7:39,7:49,heard,RBWO,2:41,140,4.3,107.5,y,y,
26,BB,5/5/2026,52,0,0,7:15,7:25,heard,GCFL,0:01,1,5.2,130,y,y,
26,BB,5/5/2026,52,0,0,7:15,7:25,heard,RHWO,9:45,23,3.5,87.5,y,y,
26,BB,5/5/2026,52,0,0,7:15,7:25,heard,RBWO,0:41,49,4.5,112.5,y,y,
26,BB,5/5/2026,52,0,0,7:15,7:25,heard,RHWO,0:30,86,4.5,112.5,y,y,
26,BB,5/5/2026,52,0,0,7:15,7:25,heard,RBWO,5:00,179,4.8,120,y,n,
26,BB,5/5/2026,52,0,0,7:15,7:25,heard,RHWO,1:50,227,4.6,115,y,y,
21,BB,5/13/2026,65,2,2,8:54,9:04,visual,DOWO,8:10,358,2.2,55,y,y,
21,BB,5/13/2026,65,2,2,8:54,9:04,heard,RBWO,3:05,322,1.7,43.25,y,y,
21,BB,5/13/2026,65,2,2,8:54,9:04,heard,CAWR,8:30,333,4.2,105,y,y,
21,BB,5/13/2026,65,2,2,8:54,9:04,heard,TUTI,1:10,20,4.3,107.5,y,y,
21,BB,5/13/2026,65,2,2,8:54,9:04,heard,CAWR,0:30,46,5.0,125,y,y,
21,BB,5/13/2026,65,2,2,8:54,9:04,heard,GCFL,0:34,65,4.3,107.5,y,y,
21,BB,5/13/2026,65,2,2,8:54,9:04,heard,RHWO,2:27,83,6.4,160,y,y,
21,BB,5/13/2026,65,2,2,8:54,9:04,heard,CAWR,9:40,101,4.3,107.5,y,n,
21,BB,5/13/2026,65,2,2,8:54,9:04,heard,TUTI,1:45,138,4.1,102.5,y,y,
21,BB,5/13/2026,65,2,2,8:54,9:04,heard,RHWO,7:55,144,6.3,157.5,y,y,
21,BB,5/13/2026,65,2,2,8:54,9:04,heard,GCFL,6:00,181,6.0,150,y,n,
21,BB,5/13/2026,65,2,2,8:54,9:04,heard,GCFL,7:33,240,5.5,137.5,y,y,
21,BB,5/13/2026,65,2,2,8:54,9:04,heard,RBWO,3:45,19,7.1,177.5,y,y,
19,BB,5/13/2026,65,2,1,7:32,7:42,heard,CAWR,7:58,272,5.4,135,y,y,
19,BB,5/13/2026,65,2,1,7:32,7:42,heard,GCFL,0:30,302,3.1,77.5,y,n,
19,BB,5/13/2026,65,2,1,7:32,7:42,heard,CAWR,0:12,323,6.4,160,y,n,
19,BB,5/13/2026,65,2,1,7:32,7:42,heard,RBWO,1:24,349,6.5,162.5,y,y,
19,BB,5/13/2026,65,2,1,7:32,7:42,heard,RHWO,6:38,358,4.3,107.5,y,y,
19,BB,5/13/2026,65,2,1,7:32,7:42,heard,GCFL,0:30,18,1.2,30,y,y,
19,BB,5/13/2026,65,2,1,7:32,7:42,heard,RBWO,0:44,142,4.2,105,y,y,
19,BB,5/13/2026,65,2,1,7:32,7:42,heard,RHWO,9:01,180,4.3,107.5,y,y,
19,BB,5/13/2026,65,2,1,7:32,7:42,heard,BASP,6:03,227,7.0,175,y,n,
17,BB,5/13/2026,63,2,2,7:56,8:06,heard,CAWR,0:39,285,7.3,182.5,y,y,
17,BB,5/13/2026,63,2,2,7:56,8:06,heard,BHNU,7:35,337,3.1,77.5,y,n,
17,BB,5/13/2026,63,2,2,7:56,8:06,heard,RBWO,1:52,36,1.5,37.5,y,y,
17,BB,5/13/2026,63,2,2,7:56,8:06,heard,BASP,4:45,74,3.4,85,y,y,
17,BB,5/13/2026,63,2,2,7:56,8:06,heard,CAWR,0:40,89,4.4,110,y,n,
17,BB,5/13/2026,63,2,2,7:56,8:06,heard,BHNU,2:15,141,2.6,65,y,y,
17,BB,5/13/2026,63,2,2,7:56,8:06,heard,CAWR,0:50,170,4.2,105,y,y,
17,BB,5/13/2026,63,2,2,7:56,8:06,heard,DOWO,6:45,148,5.4,135,y,y,
16,BB,5/13/2026,64,2,2,8:24,8:34,visual,RHWO,8:55,21,3.5,87.5,y,y,
16,BB,5/13/2026,64,2,2,8:24,8:34,heard,CAWR,1:40,329,7.4,185,y,y,
16,BB,5/13/2026,64,2,2,8:24,8:34,heard,RHWO,3:41,326,4.5,112.5,y,y,
16,BB,5/13/2026,64,2,2,8:24,8:34,heard,CAWR,8:30,25,6.9,172.5,y,n,
16,BB,5/13/2026,64,2,2,8:24,8:34,heard,BASP,0:38,41,2.6,65,y,y,
16,BB,5/13/2026,64,2,2,8:24,8:34,heard,RHWO,4:35,45,6.8,170,y,y,
16,BB,5/13/2026,64,2,2,8:24,8:34,heard,BASP,0:48,85,4.2,105,y,n,
16,BB,5/13/2026,64,2,2,8:24,8:34,heard,RHWO,0:10,110,3.4,85,y,n,
16,BB,5/13/2026,64,2,2,8:24,8:34,heard,RHWO,9:55,222,5.4,135,y,n,
16,BB,5/13/2026,64,2,2,8:24,8:34,heard,PIWO,9:05,225,8.5,212.5,y,y,
14,RTM,5/22/2026,76,0,0,8:25,8:35,visual,NOFL,0:33,141,3.0,75,n,,
14,RTM,5/22/2026,76,0,0,8:25,8:35,heard,GCFL,0:57,263,3.2,80,n,,
14,RTM,5/22/2026,76,0,0,8:25,8:35,heard,TUTI,4:14,282,3.4,85,n,,
14,RTM,5/22/2026,76,0,0,8:25,8:35,heard,BHNU,6:01,306,2.7,67.5,n,,
14,RTM,5/22/2026,76,0,0,8:25,8:35,heard,RHWO,9:58,290,6.5,162.5,n,,
14,RTM,5/22/2026,76,0,0,8:25,8:35,heard,RCWO,1:06,312,3.6,90,n,,
14,RTM,5/22/2026,76,0,0,8:25,8:35,heard,TUTI,3:59,325,7.4,185,n,,
14,RTM,5/22/2026,76,0,0,8:25,8:35,heard,BHNU,0:05,22,2.3,57.5,n,,
14,RTM,5/22/2026,76,0,0,8:25,8:35,heard,BHNU,0:05,22,2.3,57.5,n,,
14,RTM,5/22/2026,76,0,0,8:25,8:35,heard,RHWO,5:17,12,6.2,155,n,,
14,RTM,5/22/2026,76,0,0,8:25,8:35,heard,BASP,3:15,19,7.9,197.5,n,,
14,RTM,5/22/2026,76,0,0,8:25,8:35,heard,CAWR,1:13,33,6.3,157.5,n,,
14,RTM,5/22/2026,76,0,0,8:25,8:35,heard,GCFL,7:34,86,2.2,55,n,,
14,RTM,5/22/2026,76,0,0,8:25,8:35,heard,RBWO,0:14,113,7.4,185,n,,
14,RTM,5/22/2026,76,0,0,8:25,8:35,heard,CAWR,1:47,203,1.5,37.5,n,,
14,RTM,5/22/2026,76,0,0,8:25,8:35,heard,RBWO,2:54,233,3.4,85,n,,
12,RTM,5/22/2026,72,0,0,7:11,7:21,heard,TUTI,5:32,245,1.5,37.5,n,,
12,RTM,5/22/2026,72,0,0,7:11,7:21,heard,RCWO,8:34,271,4.2,105,n,,
12,RTM,5/22/2026,72,0,0,7:11,7:21,heard,CAWR,3:25,293,4.3,107.5,n,,
12,RTM,5/22/2026,72,0,0,7:11,7:21,heard,GCFL,0:04,316,4.8,120,n,,
12,RTM,5/22/2026,72,0,0,7:11,7:21,heard,CAWR,7:42,60,5.1,127.5,n,,
12,RTM,5/22/2026,72,0,0,7:11,7:21,heard,RBWO,0:02,67,3.7,92.5,n,,
12,RTM,5/22/2026,72,0,0,7:11,7:21,heard,GCFL,6:42,122,2.2,55,n,,
12,RTM,5/22/2026,72,0,0,7:11,7:21,heard,CAWR,1:27,123,3.7,92.5,n,,
12,RTM,5/22/2026,72,0,0,7:11,7:21,heard,TUTI,0:12,130,4.9,122.5,n,,
12,RTM,5/22/2026,72,0,0,7:11,7:21,heard,BASP,4:07,129,7.0,175,n,,
12,RTM,5/22/2026,72,0,0,7:11,7:21,heard,EABL,9:53,138,5.6,140,n,,
12,RTM,5/22/2026,72,0,0,7:11,7:21,heard,RBWO,9:59,230,4.6,115,n,,
12,RTM,5/22/2026,72,0,0,7:11,7:21,heard,GCFL,2:43,248,5.6,140,n,,
12,RTM,5/22/2026,72,0,0,7:11,7:21,heard,BASP,1:58,264,7.7,192.5,n,,
13,RTM,5/22/2026,73,0,0,7:33,7:43,heard,BHNU,0:34,317,2.1,52.5,n,,
13,RTM,5/22/2026,73,0,0,7:33,7:43,heard,CAWR,5:48,305,4.9,122.5,n,,
13,RTM,5/22/2026,73,0,0,7:33,7:43,heard,GCFL,0:46,336,5.3,132.5,n,,
13,RTM,5/22/2026,73,0,0,7:33,7:43,heard,RBWO,6:25,333,7.2,180,n,,
13,RTM,5/22/2026,73,0,0,7:33,7:43,heard,CACH,4:36,8,3.7,92.5,n,,
13,RTM,5/22/2026,73,0,0,7:33,7:43,heard,RCWO,1:30,37,3.8,95,n,,
13,RTM,5/22/2026,73,0,0,7:33,7:43,heard,RHWO,0:09,88,6.3,157.5,n,,
13,RTM,5/22/2026,73,0,0,7:33,7:43,heard,EABL,5:10,220,3.4,85,n,,
13,RTM,5/22/2026,73,0,0,7:33,7:43,heard,RBWO,4:05,202,4.7,117.5,n,,
13,RTM,5/22/2026,73,0,0,7:33,7:43,heard,CAWR,1:33,236,6.4,160,n,,
13,RTM,5/22/2026,73,0,0,7:33,7:43,heard,RBWO,0:56,259,5.3,132.5,n,,
1,RTM,5/21/2026,76,0,0,8:12,8:22,heard,TUTI,9:52,309,2.5,62.5,n,,
1,RTM,5/21/2026,76,0,0,8:12,8:22,heard,BASP,0:25,319,3.5,87.5,n,,
1,RTM,5/21/2026,76,0,0,8:12,8:22,heard,RBWO,6:40,326,6.4,160,n,,
1,RTM,5/21/2026,76,0,0,8:12,8:22,heard,BASP,6:27,358,6.0,150,n,,
1,RTM,5/21/2026,76,0,0,8:12,8:22,heard,TUTI,0:50,10,7.1,177.5,n,,
1,RTM,5/21/2026,76,0,0,8:12,8:22,heard,CAWR,0:01,62,4.7,117.5,n,,
1,RTM,5/21/2026,76,0,0,8:12,8:22,heard,CAWR,4:20,119,4.4,110,n,,
1,RTM,5/21/2026,76,0,0,8:12,8:22,heard,RBWO,1:10,139,6.8,170,n,,
1,RTM,5/21/2026,76,0,0,8:12,8:22,heard,EABL,4:15,190,3.7,92.5,n,,
1,RTM,5/21/2026,76,0,0,8:12,8:22,heard,RCWO,1:56,238,5.3,132.5,n,,
1,RTM,5/21/2026,76,0,0,8:12,8:22,heard,GCFL,3:08,231,7.6,190,n,,
1,RTM,5/21/2026,76,0,0,8:12,8:22,heard,BASP,2:20,250,5.0,125,n,,
3,RTM,5/21/2026,73,0,0,7:23,7:33,visual,RHWO,2:01,265,3.6,90,n,,
3,RTM,5/21/2026,73,0,0,7:23,7:33,heard,TUTI,1:05,274,8.1,202.5,n,,
3,RTM,5/21/2026,73,0,0,7:23,7:33,heard,CAWR,1:28,287,7.8,195,n,,
3,RTM,5/21/2026,73,0,0,7:23,7:33,heard,RBWO,0:15,311,4.9,122.5,n,,
3,RTM,5/21/2026,73,0,0,7:23,7:33,heard,BASP,0:16,332,2.5,62.5,n,,
3,RTM,5/21/2026,73,0,0,7:23,7:33,heard,WBNU,0:53,352,7.5,187.5,n,,
3,RTM,5/21/2026,73,0,0,7:23,7:33,heard,GCFL,0:52,21,7.3,182.5,n,,
3,RTM,5/21/2026,73,0,0,7:23,7:33,heard,RBWO,4:19,39,6.2,155,n,,
3,RTM,5/21/2026,73,0,0,7:23,7:33,heard,BASP,0:07,53,6.8,170,n,,
3,RTM,5/21/2026,73,0,0,7:23,7:33,heard,RHWO,3:21,68,7.6,190,n,,
3,RTM,5/21/2026,73,0,0,7:23,7:33,heard,RHWO,8:16,100,4.1,102.5,n,,
3,RTM,5/21/2026,73,0,0,7:23,7:33,heard,BASP,1:13,91,7.1,177.5,n,,
3,RTM,5/21/2026,73,0,0,7:23,7:33,heard,RCWO,1:18,109,7.5,187.5,n,,
3,RTM,5/21/2026,73,0,0,7:23,7:33,heard,WBNU,5:54,126,6.8,170,n,,
3,RTM,5/21/2026,73,0,0,7:23,7:33,heard,CAWR,2:19,132,7.6,190,n,,
3,RTM,5/21/2026,73,0,0,7:23,7:33,heard,RBWO,5:55,113,5.2,130,n,,
3,RTM,5/21/2026,73,0,0,7:23,7:33,heard,TUTI,7:11,141,7.4,185,n,,
3,RTM,5/21/2026,73,0,0,7:23,7:33,heard,BHNU,4:39,224,2.5,62.5,n,,
3,RTM,5/21/2026,73,0,0,7:23,7:33,heard,BASP,0:06,202,5.0,125,n,,
2,RTM,5/21/2026,74,0,0,7:51,8:01,heard,BASP,0:04,263,6.2,155,n,,
2,RTM,5/21/2026,74,0,0,7:51,8:01,heard,BASP,4:12,326,3.4,85,n,,
2,RTM,5/21/2026,74,0,0,7:51,8:01,heard,BHNU,2:20,24,3.0,75,n,,
2,RTM,5/21/2026,74,0,0,7:51,8:01,heard,BASP,0:05,46,3.0,75,n,,
2,RTM,5/21/2026,74,0,0,7:51,8:01,heard,BASP,0:06,68,5.4,135,n,,
2,RTM,5/21/2026,74,0,0,7:51,8:01,heard,WBNU,6:56,63,7.2,180,n,,
2,RTM,5/21/2026,74,0,0,7:51,8:01,heard,TUTI,0:44,83,6.0,150,n,,
2,RTM,5/21/2026,74,0,0,7:51,8:01,heard,GCFL,6:54,91,6.1,152.5,n,,
2,RTM,5/21/2026,74,0,0,7:51,8:01,heard,BASP,6:40,114,3.6,90,n,,
2,RTM,5/21/2026,74,0,0,7:51,8:01,heard,RHWO,7:12,145,6.8,170,n,,
2,RTM,5/21/2026,74,0,0,7:51,8:01,heard,RHWO,6:03,170,5.1,127.5,n,,
28,BB,6/5/2026,63,0,0,7:37,7:47,visual,RHWO,9:00,184,1.0,25,n,,
28,BB,6/5/2026,63,0,0,7:37,7:47,heard,EABL,5:16,284,3.7,92.5,n,,
28,BB,6/5/2026,63,0,0,7:37,7:47,heard,CAWR,0:18,316,5.9,147.5,n,,
28,BB,6/5/2026,63,0,0,7:37,7:47,heard,GCFL,1:09,332,7.5,187.5,n,,
28,BB,6/5/2026,63,0,0,7:37,7:47,heard,EABL,1:24,28,3.7,92.5,n,,
28,BB,6/5/2026,63,0,0,7:37,7:47,heard,TUTI,7:20,36,7.6,190,n,,
28,BB,6/5/2026,63,0,0,7:37,7:47,heard,RHWO,2:19,55,4.8,120,n,,
28,BB,6/5/2026,63,0,0,7:37,7:47,heard,CAWR,1:00,83,4.0,100,n,,
28,BB,6/5/2026,63,0,0,7:37,7:47,heard,RCWO,1:48,133,2.8,70,n,,
28,BB,6/5/2026,63,0,0,7:37,7:47,heard,TUTI,9:58,148,5.2,130,n,,
28,BB,6/5/2026,63,0,0,7:37,7:47,heard,CAWR,0:37,226,4.0,100,n,,
30,BB,6/5/2026,65,0,0,8:12,8:22,heard,RHWO,7:36,250,3.3,82.5,n,,
30,BB,6/5/2026,65,0,0,8:12,8:22,heard,TUTI,4:16,276,7.4,185,n,,
30,BB,6/5/2026,65,0,0,8:12,8:22,heard,CAWR,1:02,317,4.1,102.5,n,,
30,BB,6/5/2026,65,0,0,8:12,8:22,heard,GCFL,0:27,38,4.0,100,n,,
30,BB,6/5/2026,65,0,0,8:12,8:22,heard,TUTI,3:16,51,7.7,192.5,n,,
30,BB,6/5/2026,65,0,0,8:12,8:22,heard,CAWR,0:37,87,5.1,127.5,n,,
30,BB,6/5/2026,65,0,0,8:12,8:22,heard,TUTI,0:27,107,3.8,95,n,,
30,BB,6/5/2026,65,0,0,8:12,8:22,heard,RHWO,5:05,183,4.9,122.5,n,,
30,BB,6/5/2026,65,0,0,8:12,8:22,heard,PIWO,9:50,180,7.1,177.5,n,,
31,BB,6/5/2026,65,0,0,8:37,8:47,visual,RHWO,3:27,222,2.3,57.5,n,,
31,BB,6/5/2026,65,0,0,8:37,8:47,visual,RHWO,3:27,222,2.3,57.5,n,,
31,BB,6/5/2026,65,0,0,8:37,8:47,heard,BHNU,1:52,253,1.5,37.5,n,,
31,BB,6/5/2026,65,0,0,8:37,8:47,heard,CAWR,8:20,299,5.0,125,n,,
31,BB,6/5/2026,65,0,0,8:37,8:47,heard,EABL,0:59,14,3.1,77.5,n,,
31,BB,6/5/2026,65,0,0,8:37,8:47,heard,TUTI,7:35,18,5.7,142.5,n,,
31,BB,6/5/2026,65,0,0,8:37,8:47,heard,CAWR,4:07,53,5.4,135,n,,
31,BB,6/5/2026,65,0,0,8:37,8:47,heard,GCFL,4:27,89,6.7,167.5,n,,
31,BB,6/5/2026,65,0,0,8:37,8:47,heard,RHWO,0:35,125,6.8,170,n,,
31,BB,6/5/2026,65,0,0,8:37,8:47,heard,EABL,0:18,124,1.2,30,n,,
32,BB,6/5/2026,71,0,0,9:02,9:12,visual,RHWO,5:00,310,2.5,62.5,n,,
32,BB,6/5/2026,71,0,0,9:02,9:12,visual,RHWO,0:17,39,5.4,135,n,,
32,BB,6/5/2026,71,0,0,9:02,9:12,heard,CAWR,0:56,246,3.8,95,n,,
32,BB,6/5/2026,71,0,0,9:02,9:12,heard,RBWO,2:33,277,4.3,107.5,n,,
32,BB,6/5/2026,71,0,0,9:02,9:12,heard,TUTI,1:53,20,7.1,177.5,n,,
32,BB,6/5/2026,71,0,0,9:02,9:12,heard,RCWO,6:30,43,3.3,82.5,n,,
32,BB,6/5/2026,71,0,0,9:02,9:12,heard,RHWO,1:13,92,2.6,65,n,,
32,BB,6/5/2026,71,0,0,9:02,9:12,heard,CAWR,0:29,90,4.9,122.5,n,,
32,BB,6/5/2026,71,0,0,9:02,9:12,heard,RBWO,6:09,128,6.2,155,n,,
18,RTM,5/25/2026,84,0,2,9:10,9:20,heard,CAWR,2:55,281,5.0,125,n,,
18,RTM,5/25/2026,84,0,2,9:10,9:20,heard,RHWO,0:05,295,4.9,122.5,n,,
18,RTM,5/25/2026,84,0,2,9:10,9:20,heard,TUTI,0:25,324,6.9,172.5,n,,
18,RTM,5/25/2026,84,0,2,9:10,9:20,heard,BASP,0:15,337,5.0,125,n,,
18,RTM,5/25/2026,84,0,2,9:10,9:20,heard,RHWO,1:12,4,5.2,130,n,,
18,RTM,5/25/2026,84,0,2,9:10,9:20,heard,RBWO,5:37,10,4.0,100,n,,
18,RTM,5/25/2026,84,0,2,9:10,9:20,heard,CAWR,0:01,33,4.8,120,n,,
18,RTM,5/25/2026,84,0,2,9:10,9:20,heard,RHWO,5:40,44,3.4,85,n,,
18,RTM,5/25/2026,84,0,2,9:10,9:20,heard,GCFL,3:44,61,4.2,105,n,,
18,RTM,5/25/2026,84,0,2,9:10,9:20,heard,BASP,9:51,83,6.1,152.5,n,,
18,RTM,5/25/2026,84,0,2,9:10,9:20,heard,CAWR,4:15,106,5.3,132.5,n,,
18,RTM,5/25/2026,84,0,2,9:10,9:20,heard,RBWO,0:44,72,5.4,135,n,,
18,RTM,5/25/2026,84,0,2,9:10,9:20,heard,TUTI,3:04,251,6.1,152.5,n,,
17,RTM,5/25/2026,76,0,2,8:02,8:12,visual,RHWO,9:57,274,5.0,125,n,,
17,RTM,5/25/2026,76,0,2,8:02,8:12,heard,RHWO,7:45,277,6.8,170,n,,
17,RTM,5/25/2026,76,0,2,8:02,8:12,heard,TUTI,9:01,293,7.2,180,n,,
17,RTM,5/25/2026,76,0,2,8:02,8:12,heard,RHWO,5:57,318,7.5,187.5,n,,
17,RTM,5/25/2026,76,0,2,8:02,8:12,heard,CAWR,3:15,4,4.7,117.5,n,,
17,RTM,5/25/2026,76,0,2,8:02,8:12,heard,RHWO,7:40,38,6.2,155,n,,
17,RTM,5/25/2026,76,0,2,8:02,8:12,heard,BASP,9:30,51,6.3,157.5,n,,
17,RTM,5/25/2026,76,0,2,8:02,8:12,heard,RBWO,1:25,88,6.1,152.5,n,,
17,RTM,5/25/2026,76,0,2,8:02,8:12,heard,DOWO,0:36,133,5.2,130,n,,
17,RTM,5/25/2026,76,0,2,8:02,8:12,heard,RBWO,1:26,164,6.8,170,n,,
15,RTM,5/25/2026,77,0,2,8:24,8:34,heard,RHWO,8:14,228,1.7,42.5,n,,
15,RTM,5/25/2026,77,0,2,8:24,8:34,heard,TUTI,0:03,267,5.4,135,n,,
15,RTM,5/25/2026,77,0,2,8:24,8:34,heard,RHWO,0:31,59,4.1,102.5,n,,
15,RTM,5/25/2026,77,0,2,8:24,8:34,heard,CAWR,3:22,91,6.3,157.5,n,,
15,RTM,5/25/2026,77,0,2,8:24,8:34,heard,RHWO,7:09,139,4.5,112.5,n,,
15,RTM,5/25/2026,77,0,2,8:24,8:34,heard,DOWO,2:08,178,3.2,80,n,,
15,RTM,5/25/2026,77,0,2,8:24,8:34,heard,GCFL,1:13,168,4.6,115,n,,
15,RTM,5/25/2026,77,0,2,8:24,8:34,heard,RHWO,0:29,190,4.4,110,n,,
15,RTM,5/25/2026,77,0,2,8:24,8:34,heard,WBNU,5:12,198,5.2,130,n,,
15,RTM,5/25/2026,77,0,2,8:24,8:34,heard,BASP,9:55,221,3.1,77.5,n,,
16,RTM,5/25/2026,78,0,2,8:47,8:57,heard,RHWO,3:02,52,5.0,125,n,,
16,RTM,5/25/2026,78,0,2,8:47,8:57,heard,BASP,0:01,50,6.1,152.5,n,,
16,RTM,5/25/2026,78,0,2,8:47,8:57,heard,TUTI,0:05,91,4.5,112.5,n,,
16,RTM,5/25/2026,78,0,2,8:47,8:57,heard,GCFL,4:42,100,5.3,132.5,n,,
16,RTM,5/25/2026,78,0,2,8:47,8:57,heard,BASP,0:44,129,4.1,102.5,n,,
16,RTM,5/25/2026,78,0,2,8:47,8:57,heard,RHWO,0:20,144,5.5,137.5,n,,
16,RTM,5/25/2026,78,0,2,8:47,8:57,heard,RBWO,5:00,159,4.4,110,n,,
1,RTM,4/24/2026,66,0,1,8:36,8:46,heard,RBWO,5:45,133,2.2,55,,,
1,RTM,4/24/2026,66,0,1,8:36,8:46,heard,BASP,3:01,146,4.2,105,,,
1,RTM,4/24/2026,66,0,1,8:36,8:46,heard,GCFL,3:02,200,4.2,105,,,
1,RTM,4/24/2026,66,0,1,8:36,8:46,heard,RHWO,0:29,243,4.2,103.75,,,
1,RTM,4/24/2026,66,0,1,8:36,8:46,heard,BASP,5:19,325,4.2,105,,,
1,RTM,4/24/2026,66,0,1,8:36,8:46,heard,RBWO,7:47,340,5.5,136.25,,,
1,RTM,4/24/2026,66,0,1,8:36,8:46,heard,CAWR,2:39,11,5.7,142.5,,,
1,RTM,4/24/2026,66,0,1,8:36,8:46,heard,CAWR,2:15,46,3.8,93.75,,,
1,RTM,4/24/2026,66,0,1,8:36,8:46,heard,TUTI,3:20,55,2.6,63.75,,,
1,RTM,4/24/2026,66,0,1,8:36,8:46,heard,RHWO,1:31,109,5.4,135,,,
2,RTM,4/24/2026,69,0,1,9:00,9:10,heard,BASP,0:34,5,3.5,87.5,,,
2,RTM,4/24/2026,69,0,1,9:00,9:10,heard,NOFL,0:05,1,5.6,139,,,
2,RTM,4/24/2026,69,0,1,9:00,9:10,heard,RBWO,9:32,40,6.2,153.75,,,
2,RTM,4/24/2026,69,0,1,9:00,9:10,heard,BASP,0:40,52,5.9,147.5,,,
2,RTM,4/24/2026,69,0,1,9:00,9:10,heard,EABL,8:54,65,7.2,180,,,
2,RTM,4/24/2026,69,0,1,9:00,9:10,heard,BASP,8:01,89,1.7,42.5,,,
2,RTM,4/24/2026,69,0,1,9:00,9:10,heard,RHWO,5:40,127,6.5,161.25,,,
2,RTM,4/24/2026,69,0,1,9:00,9:10,heard,RHWO,0:01,157,3.9,97.5,,,
2,RTM,4/24/2026,69,0,1,9:00,9:10,heard,BASP,2:40,229,2.1,52.5,,,
2,RTM,4/24/2026,69,0,1,9:00,9:10,heard,RHWO,1:20,246,5.5,137.5,,,
2,RTM,4/24/2026,69,0,1,9:00,9:10,heard,EABL,5:30,267,3.3,82.5,,,
2,RTM,4/24/2026,69,0,1,9:00,9:10,heard,GCFL,1:45,283,2.3,56.25,,,
2,RTM,4/24/2026,69,0,1,9:00,9:10,heard,BASP,0:12,293,3.6,90,,,
2,RTM,4/24/2026,69,0,1,9:00,9:10,heard,RHWO,3:12,343,4.9,122.5,,,
2,RTM,4/24/2026,69,0,1,9:00,9:10,heard,RHWO,2:59,350,6.2,153.75,,,
3,RTM,4/24/2026,72,0,1,9:23,9:33,heard,BHNU,7:59,32,2.3,56.25,,,recent burn
3,RTM,4/24/2026,72,0,1,9:23,9:33,heard,GCFL,3:35,43,6.5,161.25,,,
3,RTM,4/24/2026,72,0,1,9:23,9:33,heard,BASP,0:10,70,5.3,132.5,,,
3,RTM,4/24/2026,72,0,1,9:23,9:33,heard,RBWO,1:14,75,7.8,193.75,,,
3,RTM,4/24/2026,72,0,1,9:23,9:33,heard,RHWO,0:30,124,6.0,150,,,
3,RTM,4/24/2026,72,0,1,9:23,9:33,heard,GCFL,0:01,163,6.5,161.25,,,
3,RTM,4/24/2026,72,0,1,9:23,9:33,heard,RHWO,1:43,228,5.7,142.5,,,
3,RTM,4/24/2026,72,0,1,9:23,9:33,heard,PIWO,8:00,237,8.6,213.75,,,
3,RTM,4/24/2026,72,0,1,9:23,9:33,heard,RBWO,5:30,280,7.2,178.75,,,
3,RTM,4/24/2026,72,0,1,9:23,9:33,heard,TUTI,2:09,314,7.7,192.5,,,
3,RTM,4/24/2026,72,0,1,9:23,9:33,heard,WBNU,1:37,6,7.3,181.25,,,
4,RTM,4/24/2026,62,0,0,8:10,8:20,heard,BASP,1:25,56,3.7,92.5,,,
4,RTM,4/24/2026,62,0,0,8:10,8:20,heard,RBWO,2:25,75,6.1,152.5,,,
4,RTM,4/24/2026,62,0,0,8:10,8:20,heard,TUTI,0:40,159,3.2,80,,,
4,RTM,4/24/2026,62,0,0,8:10,8:20,heard,RHWO,0:01,137,6.3,157.5,,,
4,RTM,4/24/2026,62,0,0,8:10,8:20,heard,RHWO,5:57,145,6.0,150,,,
4,RTM,4/24/2026,62,0,0,8:10,8:20,heard,BHNU,7:31,209,2.8,70,,,
4,RTM,4/24/2026,62,0,0,8:10,8:20,heard,CAWR,0:25,228,7.6,188.75,,,
4,RTM,4/24/2026,62,0,0,8:10,8:20,heard,GCFL,4:05,233,7.6,190,,,
4,RTM,4/24/2026,62,0,0,8:10,8:20,heard,RBWO,7:23,234,6.2,153.75,,,
4,RTM,4/24/2026,62,0,0,8:10,8:20,visual,NOFL,5:12,264,1.2,28.75,,,
4,RTM,4/24/2026,62,0,0,8:10,8:20,visual,NOFL,5:12,264,1.2,30,,,
4,RTM,4/24/2026,62,0,0,8:10,8:20,heard,TUTI,0:10,271,5.6,140,,,
4,RTM,4/24/2026,62,0,0,8:10,8:20,heard,RHWO,1:37,331,3.7,92.5,,,
4,RTM,4/24/2026,62,0,0,8:10,8:20,heard,RHWO,1:01,342,1.9,46.25,,,
4,RTM,4/24/2026,62,0,0,8:10,8:20,heard,NOFL,3:05,63,8.7,216.25,,,
5,RTM,4/24/2026,73,0,1,9:45,9:55,heard,BHNU,3:46,34,1.7,42.5,,,
5,RTM,4/24/2026,73,0,1,9:45,9:55,heard,RBWO,0:14,25,5.7,142.5,,,
5,RTM,4/24/2026,73,0,1,9:45,9:55,heard,WBNU,1:20,39,4.9,122.5,,,
5,RTM,4/24/2026,73,0,1,9:45,9:55,heard,BASP,0:17,50,6.7,167.5,,,
5,RTM,4/24/2026,73,0,1,9:45,9:55,heard,EABL,0:05,52,5.1,126.25,,,
5,RTM,4/24/2026,73,0,1,9:45,9:55,heard,RHWO,2:19,79,6.1,152.5,,,
5,RTM,4/24/2026,73,0,1,9:45,9:55,heard,GCFL,4:30,110,4.8,118.75,,,
5,RTM,4/24/2026,73,0,1,9:45,9:55,heard,RHWO,2:43,126,5.5,136.25,,,
5,RTM,4/24/2026,73,0,1,9:45,9:55,heard,WBNU,2:10,138,3.2,80,,,
5,RTM,4/24/2026,73,0,1,9:45,9:55,heard,RBWO,1:44,145,4.9,122.5,,,
5,RTM,4/24/2026,73,0,1,9:45,9:55,heard,BASP,7:10,183,3.2,80,,,
5,RTM,4/24/2026,73,0,1,9:45,9:55,heard,EABL,3:16,233,4.6,115,,,
5,RTM,4/24/2026,73,0,1,9:45,9:55,heard,TUTI,1:01,248,6.4,160,,,
5,RTM,4/24/2026,73,0,1,9:45,9:55,heard,BASP,0:02,302,5.0,125,,,
5,RTM,4/24/2026,73,0,1,9:45,9:55,heard,GCFL,2:17,308,1.9,47.5,,,
5,RTM,4/24/2026,73,0,1,9:45,9:55,heard,BASP,0:12,349,4.7,117.5,,,
5,RTM,4/24/2026,73,0,1,9:45,9:55,heard,TUTI,9:49,352,1.3,32.5,,,
5,RTM,4/24/2026,73,0,1,9:45,9:55,heard,GCFL,8:22,356,7.5,186.25,,,
6,RTM,4/24/2026,61,0,0,7:46,7:56,heard,RHWO,6:08,5,3.9,96.25,,,
6,RTM,4/24/2026,61,0,0,7:46,7:56,heard,BASP,0:45,45,5.4,135,,,
6,RTM,4/24/2026,61,0,0,7:46,7:56,heard,RBWO,6:21,53,3.8,93.75,,,
6,RTM,4/24/2026,61,0,0,7:46,7:56,heard,GCFL,7:06,83,2.9,72.5,,,
6,RTM,4/24/2026,61,0,0,7:46,7:56,heard,RBWO,9:34,101,6.5,161.25,,,
6,RTM,4/24/2026,61,0,0,7:46,7:56,heard,RHWO,0:52,111,4.7,117.5,,,
6,RTM,4/24/2026,61,0,0,7:46,7:56,heard,BHNU,9:01,143,2.0,50,,,
6,RTM,4/24/2026,61,0,0,7:46,7:56,heard,PIWO,7:07,164,7.5,187.5,,,
6,RTM,4/24/2026,61,0,0,7:46,7:56,heard,GCFL,4:30,205,4.3,107.5,,,
6,RTM,4/24/2026,61,0,0,7:46,7:56,heard,EABL,3:47,214,5.0,125,,,
6,RTM,4/24/2026,61,0,0,7:46,7:56,heard,RBWO,6:01,225,6.5,161.25,,,
6,RTM,4/24/2026,61,0,0,7:46,7:56,heard,BASP,1:24,234,6.1,152.5,,,
6,RTM,4/24/2026,61,0,0,7:46,7:56,heard,BASP,1:15,287,7.7,191.25,,,
6,RTM,4/24/2026,61,0,0,7:46,7:56,heard,EABL,3:58,308,2.2,55,,,
6,RTM,4/24/2026,61,0,0,7:46,7:56,heard,CAWR,2:30,312,2.9,71.25,,,
6,RTM,4/24/2026,61,0,0,7:46,7:56,heard,PIWO,9:47,313,1.0,23.75,,,
6,RTM,4/24/2026,61,0,0,7:46,7:56,heard,RBWO,0:32,326,4.7,117.5,,,
6,RTM,4/24/2026,61,0,0,7:46,7:56,heard,GCFL,0:08,326,1.9,47.5,,,
6,RTM,4/24/2026,61,0,0,7:46,7:56,heard,BHNU,3:14,337,3.2,80,,,
6,RTM,4/24/2026,61,0,0,7:46,7:56,heard,GCFL,3:36,347,2.4,58.75,,,
7,RTM,4/24/2026,60,0,0,7:22,7:32,heard,GCFL,6:30,50,0.7,17.5,,,
7,RTM,4/24/2026,60,0,0,7:22,7:32,heard,BASP,0:17,36,6.8,170,,,
7,RTM,4/24/2026,60,0,0,7:22,7:32,heard,NOFL,4:30,41,5.3,132.5,,,
7,RTM,4/24/2026,60,0,0,7:22,7:32,heard,BHNU,0:02,73,2.1,52.5,,,
7,RTM,4/24/2026,60,0,0,7:22,7:32,heard,RHWO,6:40,79,7.2,180,,,
7,RTM,4/24/2026,60,0,0,7:22,7:32,heard,GCFL,1:01,96,7.6,188.75,,,
7,RTM,4/24/2026,60,0,0,7:22,7:32,heard,BASP,5:57,119,1.0,25,,,
7,RTM,4/24/2026,60,0,0,7:22,7:32,heard,BASP,0:18,119,6.7,167.5,,,
7,RTM,4/24/2026,60,0,0,7:22,7:32,heard,RHWO,1:04,161,6.9,172.5,,,
7,RTM,4/24/2026,60,0,0,7:22,7:32,heard,NOFL,6:12,219,6.5,162.5,,,
7,RTM,4/24/2026,60,0,0,7:22,7:32,heard,RHWO,4:28,252,4.2,105,,,
7,RTM,4/24/2026,60,0,0,7:22,7:32,heard,GCFL,2:09,271,5.4,135,,,
7,RTM,4/24/2026,60,0,0,7:22,7:32,heard,BASP,0:01,301,2.4,58.75,,,
7,RTM,4/24/2026,60,0,0,7:22,7:32,heard,RHWO,7:32,311,7.4,185,,,
7,RTM,4/24/2026,60,0,0,7:22,7:32,heard,BHNU,8:12,320,1.3,32.5,,,
7,RTM,4/24/2026,60,0,0,7:22,7:32,heard,EABL,1:39,347,2.5,62.5,,,
7,RTM,4/24/2026,60,0,0,7:22,7:32,heard,BASP,2:49,340,6.1,151.25,,,
7,RTM,4/24/2026,60,0,0,7:22,7:32,heard,RHWO,0:45,359,7.6,190,,,
8,RTM,4/23/2026,74,0,0,9:50,10:00,heard,BASP,3:45,6,5.2,128.75,,,
8,RTM,4/23/2026,74,0,0,9:50,10:00,heard,NOFL,2:31,76,3.3,82.5,,,
8,RTM,4/23/2026,74,0,0,9:50,10:00,heard,RBWO,0:08,99,7.7,192.5,,,
8,RTM,4/23/2026,74,0,0,9:50,10:00,heard,NOFL,0:22,125,7.2,180,,,
8,RTM,4/23/2026,74,0,0,9:50,10:00,heard,BASP,3:12,151,5.5,136.25,,,
8,RTM,4/23/2026,74,0,0,9:50,10:00,heard,CAWR,2:20,174,7.2,180,,,
8,RTM,4/23/2026,74,0,0,9:50,10:00,heard,RBWO,0:32,187,3.2,78.75,,,
8,RTM,4/23/2026,74,0,0,9:50,10:00,heard,BASP,6:07,314,6.2,155,,,
9,RTM,4/23/2026,72,0,1,9:18,9:28,heard,GCFL,1:33,10,6.9,172.5,,,
9,RTM,4/23/2026,72,0,1,9:18,9:28,heard,RHWO,3:08,85,7.7,191.25,,,
9,RTM,4/23/2026,72,0,1,9:18,9:28,heard,RHWO,3:24,111,8.2,205,,,
9,RTM,4/23/2026,72,0,1,9:18,9:28,heard,TUTI,0:15,134,5.5,137.5,,,
9,RTM,4/23/2026,72,0,1,9:18,9:28,heard,WBNU,1:21,144,6.5,161.25,,,
9,RTM,4/23/2026,72,0,1,9:18,9:28,heard,CAWR,8:04,235,6.1,152.5,,,
9,RTM,4/23/2026,72,0,1,9:18,9:28,heard,GCFL,0:48,280,4.7,116.25,,,
9,RTM,4/23/2026,72,0,1,9:18,9:28,heard,BHNU,7:06,328,2.1,52.5,,,
9,RTM,4/23/2026,72,0,1,9:18,9:28,heard,BASP,4:07,351,6.5,161.25,,,
10,RTM,4/23/2026,69,0,1,8:55,9:05,heard,RHWO,0:56,7,3.7,91.25,,,burned a week ago or so
10,RTM,4/23/2026,69,0,1,8:55,9:05,heard,BASP,8:51,14,6.9,172.5,,,
10,RTM,4/23/2026,69,0,1,8:55,9:05,heard,BHNU,1:04,43,1.8,45,,,
10,RTM,4/23/2026,69,0,1,8:55,9:05,heard,EABL,6:45,63,6.4,160,,,
10,RTM,4/23/2026,69,0,1,8:55,9:05,visual,RCWO,9:59,70,1.8,45,,,
10,RTM,4/23/2026,69,0,1,8:55,9:05,heard,RHWO,5:36,147,3.3,82.5,,,
10,RTM,4/23/2026,69,0,1,8:55,9:05,heard,RHWO,7:05,141,9.0,223.75,,,
10,RTM,4/23/2026,69,0,1,8:55,9:05,heard,GCFL,0:15,212,3.3,81.25,,,
10,RTM,4/23/2026,69,0,1,8:55,9:05,heard,GCFL,2:10,223,4.5,112.5,,,
10,RTM,4/23/2026,69,0,1,8:55,9:05,heard,RHWO,0:02,280,3.3,81.25,,,
10,RTM,4/23/2026,69,0,1,8:55,9:05,heard,BASP,0:25,307,5.4,135,,,
10,RTM,4/23/2026,69,0,1,8:55,9:05,visual,RHWO,5:10,318,6.5,162.5,,,
10,RTM,4/23/2026,69,0,1,8:55,9:05,heard,RCWO,2:32,350,2.2,53.75,,,
11,RTM,4/23/2026,67,0,1,8:33,8:43,heard,PIWO,2:01,25,8.7,217.5,,,
11,RTM,4/23/2026,67,0,1,8:33,8:43,heard,BASP,0:25,49,4.2,105,,,
11,RTM,4/23/2026,67,0,1,8:33,8:43,heard,TUTI,1:09,70,6.8,170,,,
11,RTM,4/23/2026,67,0,1,8:33,8:43,heard,GCFL,2:14,77,3.5,87.5,,,
11,RTM,4/23/2026,67,0,1,8:33,8:43,heard,CAWR,0:05,90,6.5,162.5,,,
11,RTM,4/23/2026,67,0,1,8:33,8:43,heard,CACH,4:15,99,1.6,38.75,,,
11,RTM,4/23/2026,67,0,1,8:33,8:43,visual,RCWO,8:41,127,2.4,58.75,,,
11,RTM,4/23/2026,67,0,1,8:33,8:43,heard,RBWO,9:01,144,3.7,92.5,,,
11,RTM,4/23/2026,67,0,1,8:33,8:43,heard,RBWO,0:51,243,6.9,171.25,,,
11,RTM,4/23/2026,67,0,1,8:33,8:43,heard,RHWO,0:03,248,4.6,115,,,
11,RTM,4/23/2026,67,0,1,8:33,8:43,heard,WBNU,8:00,252,7.0,175,,,
11,RTM,4/23/2026,67,0,1,8:33,8:43,heard,CAWR,2:46,266,6.8,170,,,
11,RTM,4/23/2026,67,0,1,8:33,8:43,heard,TUTI,2:40,277,6.6,163.75,,,
11,RTM,4/23/2026,67,0,1,8:33,8:43,heard,RCWO,0:02,330,1.7,41.25,,,
11,RTM,4/23/2026,67,0,1,8:33,8:43,heard,EABL,3:41,328,4.7,117.5,,,
12,RTM,4/23/2026,64,1,0,8:01,8:11,heard,GCFL,4:21,140,3.3,81.25,,,
12,RTM,4/23/2026,64,1,0,8:01,8:11,heard,GCFL,1:05,160,5.3,131.25,,,
12,RTM,4/23/2026,64,1,0,8:01,8:11,visual,RHWO,7:10,199,1.1,27.5,,,
12,RTM,4/23/2026,64,1,0,8:01,8:11,heard,EABL,0:12,204,3.3,81.25,,,
12,RTM,4/23/2026,64,1,0,8:01,8:11,visual,RHWO,7:30,199,1.1,27.5,,,
12,RTM,4/23/2026,64,1,0,8:01,8:11,heard,RCWO,4:20,219,2.4,60,,,
12,RTM,4/23/2026,64,1,0,8:01,8:11,heard,GCFL,2:20,278,6.4,160,,,
13,RTM,4/23/2026,63,1,0,7:40,7:50,heard,BASP,0:34,359,4.5,112.5,,,
13,RTM,4/23/2026,63,1,0,7:40,7:50,heard,RBWO,0:01,8,7.6,188.75,,,
13,RTM,4/23/2026,63,1,0,7:40,7:50,heard,GCFL,0:24,40,5.5,136.25,,,
13,RTM,4/23/2026,63,1,0,7:40,7:50,heard,RCWO,1:45,54,3.2,78.75,,,
13,RTM,4/23/2026,63,1,0,7:40,7:50,heard,CAWR,9:49,59,6.2,155,,,
13,RTM,4/23/2026,63,1,0,7:40,7:50,heard,RBWO,1:02,97,2.2,55,,,
13,RTM,4/23/2026,63,1,0,7:40,7:50,visual,RBWO,2:35,116,2.2,55,,,
13,RTM,4/23/2026,63,1,0,7:40,7:50,heard,CAWR,1:34,157,5.3,132.5,,,
13,RTM,4/23/2026,63,1,0,7:40,7:50,heard,RHWO,9:59,177,5.4,135,,,
13,RTM,4/23/2026,63,1,0,7:40,7:50,heard,TUTI,6:45,316,11.9,297.5,,,
13,RTM,4/23/2026,63,1,0,7:40,7:50,heard,GCFL,6:11,328,4.6,113.75,,,
14,RTM,4/23/2026,63,1,0,7:20,7:30,heard,BASP,0:12,46,6.2,155,,,
14,RTM,4/23/2026,63,1,0,7:20,7:30,heard,TUTI,2:05,33,7.0,175,,,
14,RTM,4/23/2026,63,1,0,7:20,7:30,heard,RBWO,0:28,39,4.2,103.75,,,
14,RTM,4/23/2026,63,1,0,7:20,7:30,heard,GCFL,0:51,73,5.1,127.5,,,
14,RTM,4/23/2026,63,1,0,7:20,7:30,heard,BHNU,4:12,128,2.2,53.75,,,
14,RTM,4/23/2026,63,1,0,7:20,7:30,heard,RCWO,3:41,125,4.2,105,,,
14,RTM,4/23/2026,63,1,0,7:20,7:30,heard,RBWO,0:22,246,4.5,112.5,,,
14,RTM,4/23/2026,63,1,0,7:20,7:30,heard,RCWO,0:57,269,3.6,88.75,,,
14,RTM,4/23/2026,63,1,0,7:20,7:30,heard,GCFL,1:33,299,2.4,58.75,,,
14,RTM,4/23/2026,63,1,0,7:20,7:30,visual,RCWO,8:30,313,3.5,87.5,,,
14,RTM,4/23/2026,63,1,0,7:20,7:30,heard,BASP,2:25,347,6.7,166.25,,,
15,RTM,4/26/2026,62,0,0,8:36,8:46,heard,RHWO,3:50,64,5.7,142.5,,,
15,RTM,4/26/2026,62,0,0,8:36,8:46,heard,RCWO,0:47,144,5.0,123.75,,,
15,RTM,4/26/2026,62,0,0,8:36,8:46,heard,DOWO,7:56,202,1.0,23.75,,,
15,RTM,4/26/2026,62,0,0,8:36,8:46,heard,RCWO,5:17,184,2.2,53.75,,,
15,RTM,4/26/2026,62,0,0,8:36,8:46,heard,RHWO,9:32,194,5.4,135,,,
15,RTM,4/26/2026,62,0,0,8:36,8:46,heard,CAWR,2:11,271,2.2,53.75,,,
15,RTM,4/26/2026,62,0,0,8:36,8:46,heard,CAWR,1:01,341,5.6,138.75,,,
15,RTM,4/26/2026,62,0,0,8:36,8:46,heard,GCFL,2:51,345,6.3,157.5,,,
15,RTM,4/26/2026,62,0,0,8:36,8:46,heard,TUTI,0:03,353,7.3,181.25,,,
16,RTM,4/26/2026,63,0,1,8:59,9:09,heard,TUTI,0:14,4,5.5,137.5,,,
16,RTM,4/26/2026,63,0,1,8:59,9:09,heard,GCFL,5:22,8,4.6,115,,,
16,RTM,4/26/2026,63,0,1,8:59,9:09,heard,RHWO,9:50,22,3.1,77.5,,,
16,RTM,4/26/2026,63,0,1,8:59,9:09,heard,WBNU,2:41,26,7.2,180,,,
16,RTM,4/26/2026,63,0,1,8:59,9:09,heard,BASP,0:15,49,5.0,125,,,
16,RTM,4/26/2026,63,0,1,8:59,9:09,heard,GCFL,1:13,59,3.6,90,,,
16,RTM,4/26/2026,63,0,1,8:59,9:09,heard,RHWO,0:10,72,5.4,135,,,
16,RTM,4/26/2026,63,0,1,8:59,9:09,heard,RHWO,0:57,145,6.4,160,,,
16,RTM,4/26/2026,63,0,1,8:59,9:09,heard,RHWO,1:33,236,6.1,151.25,,,
16,RTM,4/26/2026,63,0,1,8:59,9:09,visual,RHWO,1:53,243,6.1,152.5,,,
16,RTM,4/26/2026,63,0,1,8:59,9:09,heard,CAWR,2:03,272,5.4,135,,,
16,RTM,4/26/2026,63,0,1,8:59,9:09,heard,RBWO,3:07,294,7.6,190,,,
16,RTM,4/26/2026,63,0,1,8:59,9:09,heard,RBWO,1:02,302,7.4,185,,,
16,RTM,4/26/2026,63,0,1,8:59,9:09,heard,RHWO,4:22,335,7.6,188.75,,,
17,RTM,4/26/2026,62,0,0,8:17,8:27,heard,BASP,0:17,20,5.3,132.5,,,
17,RTM,4/26/2026,62,0,0,8:17,8:27,heard,RBWO,5:44,31,6.2,153.75,,,
17,RTM,4/26/2026,62,0,0,8:17,8:27,heard,CAWR,4:17,55,4.2,105,,,
17,RTM,4/26/2026,62,0,0,8:17,8:27,heard,GCFL,2:29,239,10.1,252.5,,,
17,RTM,4/26/2026,62,0,0,8:17,8:27,heard,EABL,4:54,288,3.1,76.25,,,
17,RTM,4/26/2026,62,0,0,8:17,8:27,heard,TUTI,3:41,303,7.6,188.75,,,
17,RTM,4/26/2026,62,0,0,8:17,8:27,visual,EABL,7:40,318,2.6,65,,,
17,RTM,4/26/2026,62,0,0,8:17,8:27,heard,RHWO,6:01,315,7.4,185,,,
18,RTM,4/26/2026,63,0,1,9:20,9:30,heard,BHNU,8:08,8,2.3,56.25,,,
18,RTM,4/26/2026,63,0,1,9:20,9:30,heard,BASP,6:24,336,4.2,103.75,,,
18,RTM,4/26/2026,63,0,1,9:20,9:30,heard,CACH,2:00,28,5.6,140,,,
18,RTM,4/26/2026,63,0,1,9:20,9:30,heard,RBWO,7:36,45,7.0,173.75,,,
18,RTM,4/26/2026,63,0,1,9:20,9:30,heard,CAWR,5:20,52,7.5,187.5,,,
18,RTM,4/26/2026,63,0,1,9:20,9:30,heard,GCFL,7:38,49,5.6,138.75,,,
18,RTM,4/26/2026,63,0,1,9:20,9:30,heard,TUTI,8:02,79,7.3,182.5,,,
18,RTM,4/26/2026,63,0,1,9:20,9:30,heard,RHWO,4:51,111,4.3,107.5,,,
18,RTM,4/26/2026,63,0,1,9:20,9:30,heard,GCFL,3:34,141,5.3,131.25,,,
18,RTM,4/26/2026,63,0,1,9:20,9:30,heard,RBWO,4:07,171,5.7,142.5,,,
18,RTM,4/26/2026,63,0,1,9:20,9:30,heard,TUTI,2:40,222,5.1,126.25,,,
18,RTM,4/26/2026,63,0,1,9:20,9:30,heard,RHWO,9:45,247,5.6,140,,,
18,RTM,4/26/2026,63,0,1,9:20,9:30,heard,TUTI,7:48,253,7.4,185,,,
18,RTM,4/26/2026,63,0,1,9:20,9:30,heard,CAWR,4:01,307,7.6,190,,,
18,RTM,4/26/2026,63,0,1,9:20,9:30,heard,TUTI,0:07,309,5.8,143.75,,,
18,RTM,4/26/2026,63,0,1,9:20,9:30,heard,GCFL,3:02,314,6.4,158.75,,,
18,RTM,4/26/2026,63,0,1,9:20,9:30,heard,GCFL,0:02,335,6.2,155,,,
18,RTM,4/26/2026,63,0,1,9:20,9:30,heard,RHWO,1:11,345,7.7,192.5,,,
19,RTM,4/26/2026,62,0,0,7:58,8:08,heard,GCFL,1:49,345,6.8,168.75,,,
19,RTM,4/26/2026,62,0,0,7:58,8:08,heard,RHWO,0:21,122,7.6,188.75,,,
19,RTM,4/26/2026,62,0,0,7:58,8:08,heard,RBWO,8:20,165,8.2,203.75,,,
19,RTM,4/26/2026,62,0,0,7:58,8:08,heard,RHWO,0:31,273,5.6,138.75,,,
19,RTM,4/26/2026,62,0,0,7:58,8:08,heard,RHWO,0:47,302,6.9,171.25,,,
19,RTM,4/26/2026,62,0,0,7:58,8:08,heard,TUTI,1:20,312,7.6,190,,,
19,RTM,4/26/2026,62,0,0,7:58,8:08,heard,CAWR,2:26,319,5.7,141.25,,,
20,RTM,4/26/2026,60,1,0,7:20,7:30,heard,RHWO,9:37,32,5.2,130,,,foggy but put part cloud
20,RTM,4/26/2026,60,1,0,7:20,7:30,heard,BASP,0:14,86,5.6,140,,,
20,RTM,4/26/2026,60,1,0,7:20,7:30,heard,RBWO,4:01,195,5.1,126.25,,,
20,RTM,4/26/2026,60,1,0,7:20,7:30,heard,RBWO,0:32,216,4.3,107.5,,,
20,RTM,4/26/2026,60,1,0,7:20,7:30,heard,GCFL,1:07,238,3.7,92.5,,,
20,RTM,4/26/2026,60,1,0,7:20,7:30,heard,EABL,7:15,262,6.3,157.5,,,
20,RTM,4/26/2026,60,1,0,7:20,7:30,heard,BASP,1:54,315,6.3,156.25,,,
20,RTM,4/26/2026,60,1,0,7:20,7:30,heard,RHWO,1:31,341,6.3,157.5,,,
15,RTM,6/9/2026,74,2,1,8:15,8:25,heard,CAWR,1:42,26,1.6,40,,,
15,RTM,6/9/2026,74,2,1,8:15,8:25,heard,RBWO,4:53,82,6.5,162.5,,,
15,RTM,6/9/2026,74,2,1,8:15,8:25,heard,RHWO,0:11,135,5.3,132.5,,,
15,RTM,6/9/2026,74,2,1,8:15,8:25,heard,PIWO,1:12,247,7.1,177.5,,,
15,RTM,6/9/2026,74,2,1,8:15,8:25,heard,GCFL,1:36,268,5.8,143.75,,,
15,RTM,6/9/2026,74,2,1,8:15,8:25,heard,BASP,1:51,298,4.8,118.75,,,
15,RTM,6/9/2026,74,2,1,8:15,8:25,heard,RBWO,0:28,341,8.5,212.5,,,
16,RTM,6/9/2026,73,2,0,7:44,7:54,heard,RHWO,0:05,23,3.6,90,,,
16,RTM,6/9/2026,73,2,0,7:44,7:54,visual,RHWO,1:29,97,2.3,57.5,,,
16,RTM,6/9/2026,73,2,0,7:44,7:54,heard,BASP,2:39,100,5.2,130,,,
16,RTM,6/9/2026,73,2,0,7:44,7:54,heard,RHWO,0:01,154,5.6,138.75,,,
16,RTM,6/9/2026,73,2,0,7:44,7:54,heard,CAWR,3:45,256,4.1,102.5,,,
16,RTM,6/9/2026,73,2,0,7:44,7:54,heard,RBWO,0:15,310,4.4,108.75,,,
16,RTM,6/9/2026,73,2,0,7:44,7:54,heard,TUTI,2:45,327,6.4,160,,,
17,RTM,6/9/2026,75,2,1,8:43,8:53,heard,RBWO,4:21,119,8.9,222.5,,,
17,RTM,6/9/2026,75,2,1,8:43,8:53,heard,RHWO,1:04,132,9.2,228.75,,,
17,RTM,6/9/2026,75,2,1,8:43,8:53,heard,RHWO,8:21,140,8.8,220,,,
17,RTM,6/9/2026,75,2,1,8:43,8:53,heard,DOWO,2:01,152,8.4,210,,,
17,RTM,6/9/2026,75,2,1,8:43,8:53,heard,CAWR,0:16,183,4.9,121.25,,,
17,RTM,6/9/2026,75,2,1,8:43,8:53,heard,RBWO,4:02,233,7.0,175,,,
17,RTM,6/9/2026,75,2,1,8:43,8:53,heard,TUTI,2:07,304,6.7,166.25,,,
17,RTM,6/9/2026,75,2,1,8:43,8:53,heard,PIWO,0:46,310,9.4,235,,,
18,BB,6/9/2026,75,2,0,7:52,8:02,heard,CAWR,9:48,29,3.7,91.25,,,
18,BB,6/9/2026,75,2,0,7:52,8:02,heard,RHWO,3:15,27,6.5,161.25,,,
18,BB,6/9/2026,75,2,0,7:52,8:02,heard,RHWO,7:38,57,5.0,125,,,
18,BB,6/9/2026,75,2,0,7:52,8:02,heard,RBWO,5:55,77,6.3,157.5,,,
18,BB,6/9/2026,75,2,0,7:52,8:02,heard,RBWO,0:42,136,2.3,57.5,,,
18,BB,6/9/2026,75,2,0,7:52,8:02,heard,RHWO,2:41,127,4.1,102.5,,,
18,BB,6/9/2026,75,2,0,7:52,8:02,heard,WBNU,8:56,152,4.4,110,,,
18,BB,6/9/2026,75,2,0,7:52,8:02,heard,RHWO,1:51,208,5.1,126.25,,,
18,BB,6/9/2026,75,2,0,7:52,8:02,heard,RHWO,1:44,237,5.0,125,,,
18,BB,6/9/2026,75,2,0,7:52,8:02,heard,CAWR,9:39,249,3.2,80,,,
18,BB,6/9/2026,75,2,0,7:52,8:02,heard,BASP,7:44,271,4.9,122.5,,,
18,BB,6/9/2026,75,2,0,7:52,8:02,heard,CAWR,3:52,327,3.7,92.5,,,
18,BB,6/9/2026,75,2,0,7:52,8:02,heard,WBNU,4:52,323,7.6,188.75,,,
19,RTM,6/9/2026,82,2,1,9:18,9:28,heard,RHWO,0:14,47,5.6,138.75,,,
19,RTM,6/9/2026,82,2,1,9:18,9:28,heard,TUTI,9:25,65,7.4,185,,,
19,RTM,6/9/2026,82,2,1,9:18,9:28,heard,RHWO,4:18,217,4.9,122.5,,,
19,RTM,6/9/2026,82,2,1,9:18,9:28,heard,BASP,8:54,265,5.4,135,,,
19,RTM,6/9/2026,82,2,1,9:18,9:28,visual,RHWO,0:53,299,2.5,62.5,,,
19,RTM,6/9/2026,82,2,1,9:18,9:28,heard,RBWO,0:24,305,5.1,127.5,,,
19,RTM,6/9/2026,82,2,1,9:18,9:28,heard,RHWO,3:32,332,4.2,103.75,,,
20,BB,6/9/2026,82,1,2,9:11,9:21,heard,RBWO,0:53,28,3.7,92.5,,,
20,BB,6/9/2026,82,1,2,9:11,9:21,heard,RBWO,1:00,88,3.6,90,,,
20,BB,6/9/2026,82,1,2,9:11,9:21,heard,CAWR,1:17,91,5.8,145,,,
20,BB,6/9/2026,82,1,2,9:11,9:21,heard,RBWO,0:05,153,3.5,87.5,,,
20,BB,6/9/2026,82,1,2,9:11,9:21,heard,RBWO,4:17,183,4.3,106.25,,,
20,BB,6/9/2026,82,1,2,9:11,9:21,heard,CAWR,2:54,218,2.4,58.75,,,
20,BB,6/9/2026,82,1,2,9:11,9:21,heard,CACH,0:15,240,6.2,155,,,
21,BB,6/9/2026,86,1,2,9:38,9:48,visual,DOWO,8:24,357,1.8,45,,,
21,BB,6/9/2026,86,1,2,9:38,9:48,heard,EABL,1:23,39,2.9,72.5,,,
21,BB,6/9/2026,86,1,2,9:38,9:48,heard,WBNU,9:57,47,4.9,122.5,,,
21,BB,6/9/2026,86,1,2,9:38,9:48,heard,TUTI,5:34,92,6.5,161.25,,,
21,BB,6/9/2026,86,1,2,9:38,9:48,heard,GCFL,3:21,126,4.2,105,,,
21,BB,6/9/2026,86,1,2,9:38,9:48,heard,RHWO,6:37,151,6.4,160,,,
21,BB,6/9/2026,86,1,2,9:38,9:48,visual,CAWR,1:53,228,6.5,162.5,,,
22,BB,6/9/2026,78,2,0,8:20,8:30,heard,GCFL,2:14,10,3.9,97.5,,,
22,BB,6/9/2026,78,2,0,8:20,8:30,heard,RHWO,3:10,129,2.1,52.5,,,
22,BB,6/9/2026,78,2,0,8:20,8:30,heard,PIWO,1:17,156,2.5,62.5,,,
22,BB,6/9/2026,78,2,0,8:20,8:30,heard,CAWR,8:04,215,6.2,155,,,
22,BB,6/9/2026,78,2,0,8:20,8:30,heard,EABL,3:54,211,1.7,42.5,,,
22,BB,6/9/2026,78,2,0,8:20,8:30,heard,BASP,8:38,270,2.6,65,,,
22,BB,6/9/2026,78,2,0,8:20,8:30,heard,BASP,8:46,247,5.6,140,,,
22,BB,6/9/2026,78,2,0,8:20,8:30,heard,CAWR,4:45,301,6.8,170,,,
23,BB,6/9/2026,81,1,2,8:48,8:58,visual,RHWO,2:59,357,2.5,62.5,,,
23,BB,6/9/2026,81,1,2,8:48,8:58,visual,RHWO,7:37,35,3.6,90,,,
23,BB,6/9/2026,81,1,2,8:48,8:58,heard,CAWR,2:14,88,3.7,92.5,,,
23,BB,6/9/2026,81,1,2,8:48,8:58,heard,RHWO,6:30,138,4.2,105,,,
23,BB,6/9/2026,81,1,2,8:48,8:58,heard,BASP,4:45,201,3.5,87.5,,,
23,BB,6/9/2026,81,1,2,8:48,8:58,heard,CAWR,1:27,305,2.0,50,,,
23,BB,6/9/2026,81,1,2,8:48,8:58,heard,PIWO,6:47,358,7.5,186.25,,,heard at 48s but came into plot now
8,BB,6/8/2026,78,2,0,7:16,7:26,heard,BASP,9:58,358,7.2,180,,,
8,BB,6/8/2026,78,2,0,7:16,7:26,heard,BHNU,0:18,15,2.3,56.25,,,
8,BB,6/8/2026,78,2,0,7:16,7:26,heard,GCFL,0:58,24,4.1,101.25,,,
8,BB,6/8/2026,78,2,0,7:16,7:26,heard,CAWR,5:44,27,6.8,170,,,
8,BB,6/8/2026,78,2,0,7:16,7:26,heard,WBNU,9:15,41,5.2,130,,,
8,BB,6/8/2026,78,2,0,7:16,7:26,heard,WBNU,9:15,41,5.2,130,,,
8,BB,6/8/2026,78,2,0,7:16,7:26,heard,RCWO,1:39,58,4.9,121.25,,,
8,BB,6/8/2026,78,2,0,7:16,7:26,heard,GCFL,1:59,84,6.7,167.5,,,
8,BB,6/8/2026,78,2,0,7:16,7:26,heard,DOWO,6:02,89,1.1,27.5,,,
8,BB,6/8/2026,78,2,0,7:16,7:26,heard,BHNU,2:22,117,3.6,88.75,,,
8,BB,6/8/2026,78,2,0,7:16,7:26,heard,RBWO,1:31,139,4.6,113.75,,,
8,BB,6/8/2026,78,2,0,7:16,7:26,heard,RCWO,3:36,220,3.8,95,,,
8,BB,6/8/2026,78,2,0,7:16,7:26,heard,BASP,3:10,217,4.9,121.25,,,
8,BB,6/8/2026,78,2,0,7:16,7:26,heard,BASP,0:55,274,4.5,111.25,,,
8,BB,6/8/2026,78,2,0,7:16,7:26,heard,RCWO,4:44,342,3.7,92.5,,,
9,BB,6/8/2026,86,1,1,8:52,9:02,heard,RBWO,0:20,9,6.5,162.5,,,
9,BB,6/8/2026,86,1,1,8:52,9:02,heard,GCFL,2:26,57,7.5,186.25,,,
9,BB,6/8/2026,86,1,1,8:52,9:02,heard,RHWO,5:39,55,4.7,116.25,,,
9,BB,6/8/2026,86,1,1,8:52,9:02,heard,RBWO,1:08,87,4.6,115,,,
9,BB,6/8/2026,86,1,1,8:52,9:02,heard,TUTI,4:53,184,4.7,116.25,,,
9,BB,6/8/2026,86,1,1,8:52,9:02,visual,WBNU,7:18,262,1.1,27.5,,,
9,BB,6/8/2026,86,1,1,8:52,9:02,visual,WBNU,7:18,262,1.1,27.5,,,
9,BB,6/8/2026,86,1,1,8:52,9:02,heard,BASP,1:00,231,6.1,152.5,,,
9,BB,6/8/2026,86,1,1,8:52,9:02,heard,BHNU,0:36,263,2.5,62.5,,,
9,BB,6/8/2026,86,1,1,8:52,9:02,heard,CAWR,9:27,272,5.6,140,,,
9,BB,6/8/2026,86,1,1,8:52,9:02,heard,BASP,0:30,305,4.3,106.25,,,
9,BB,6/8/2026,86,1,1,8:52,9:02,visual,RCWO,1:25,327,2.4,60,,,
9,BB,6/8/2026,86,1,1,8:52,9:02,visual,RCWO,1:25,327,2.4,60,,,
9,BB,6/8/2026,86,1,1,8:52,9:02,heard,BHNU,3:08,343,5.1,127.5,,,
10,BB,6/8/2026,80,2,0,8:25,8:35,heard,GCFL,1:38,13,6.5,161.25,,,
10,BB,6/8/2026,80,2,0,8:25,8:35,heard,BASP,1:03,37,4.6,115,,,
10,BB,6/8/2026,80,2,0,8:25,8:35,heard,BHNU,9:54,78,2.5,62.5,,,
10,BB,6/8/2026,80,2,0,8:25,8:35,heard,BASP,0:41,82,5.0,125,,,
10,BB,6/8/2026,80,2,0,8:25,8:35,visual,RCWO,7:36,127,2.2,53.75,,,
10,BB,6/8/2026,80,2,0,8:25,8:35,heard,BASP,0:10,139,5.0,125,,,
10,BB,6/8/2026,80,2,0,8:25,8:35,heard,RHWO,3:15,173,4.3,107.5,,,
10,BB,6/8/2026,80,2,0,8:25,8:35,heard,EABL,2:58,209,4.2,105,,,
10,BB,6/8/2026,80,2,0,8:25,8:35,heard,BHNU,5:24,223,1.8,43.75,,,
10,BB,6/8/2026,80,2,0,8:25,8:35,heard,BASP,0:15,275,4.3,107.5,,,
10,BB,6/8/2026,80,2,0,8:25,8:35,heard,BASP,0:15,305,4.4,110,,,
10,BB,6/8/2026,80,2,0,8:25,8:35,heard,CAWR,0:54,267,7.4,185,,,
11,BB,6/8/2026,80,2,1,7:56,8:06,heard,BASP,1:57,33,3.5,86.25,,,
11,BB,6/8/2026,80,2,1,7:56,8:06,heard,TUTI,8:32,39,6.9,172.5,,,
11,BB,6/8/2026,80,2,1,7:56,8:06,heard,CAWR,0:26,47,4.7,116.25,,,
11,BB,6/8/2026,80,2,1,7:56,8:06,heard,GCFL,8:41,99,2.3,57.5,,,
11,BB,6/8/2026,80,2,1,7:56,8:06,heard,GCFL,8:41,99,2.3,57.5,,,
11,BB,6/8/2026,80,2,1,7:56,8:06,heard,BASP,3:02,113,4.7,117.5,,,
11,BB,6/8/2026,80,2,1,7:56,8:06,heard,BASP,2:34,128,8.4,210,,,
11,BB,6/8/2026,80,2,1,7:56,8:06,heard,CAWR,6:34,137,5.2,130,,,
11,BB,6/8/2026,80,2,1,7:56,8:06,heard,RBWO,0:51,164,2.3,57.5,,,
11,BB,6/8/2026,80,2,1,7:56,8:06,heard,RCWO,4:51,226,2.2,55,,,
11,BB,6/8/2026,80,2,1,7:56,8:06,heard,BASP,5:38,247,4.8,118.75,,,
11,BB,6/8/2026,80,2,1,7:56,8:06,heard,CAWR,0:45,283,4.7,117.5,,,
11,BB,6/8/2026,80,2,1,7:56,8:06,heard,BASP,5:10,295,7.6,190,,,
11,BB,6/8/2026,80,2,1,7:56,8:06,heard,BHNU,5:25,328,5.0,123.75,,,
12,RTM,6/8/2026,77,2,1,7:08,7:18,heard,CAWR,0:05,20,4.3,107.5,,,
12,RTM,6/8/2026,77,2,1,7:08,7:18,heard,GCFL,6:15,31,2.7,67.5,,,
12,RTM,6/8/2026,77,2,1,7:08,7:18,heard,CAWR,1:35,46,7.5,186.25,,,
12,RTM,6/8/2026,77,2,1,7:08,7:18,heard,BHNU,1:17,60,1.7,42.5,,,
12,RTM,6/8/2026,77,2,1,7:08,7:18,heard,EABL,0:28,92,5.1,126.25,,,
12,RTM,6/8/2026,77,2,1,7:08,7:18,heard,RCWO,0:38,105,5.2,128.75,,,
12,RTM,6/8/2026,77,2,1,7:08,7:18,heard,CAWR,1:47,99,4.5,112.5,,,
12,RTM,6/8/2026,77,2,1,7:08,7:18,heard,RBWO,2:17,117,6.2,153.75,,,
12,RTM,6/8/2026,77,2,1,7:08,7:18,heard,GCFL,2:16,245,3.6,90,,,
12,RTM,6/8/2026,77,2,1,7:08,7:18,heard,RBWO,3:47,266,6.2,155,,,
12,RTM,6/8/2026,77,2,1,7:08,7:18,heard,TUTI,8:15,327,7.2,178.75,,,
13,RTM,6/8/2026,77,2,0,7:50,8:00,heard,RBWO,5:34,2,7.2,180,,,
13,RTM,6/8/2026,77,2,0,7:50,8:00,heard,RHWO,7:58,59,8.7,217.5,,,
13,RTM,6/8/2026,77,2,0,7:50,8:00,heard,RBWO,6:34,97,6.8,168.75,,,
13,RTM,6/8/2026,77,2,0,7:50,8:00,heard,CAWR,9:07,129,7.6,190,,,
13,RTM,6/8/2026,77,2,0,7:50,8:00,heard,DOWO,3:13,187,3.7,91.25,,,
13,RTM,6/8/2026,77,2,0,7:50,8:00,heard,GCFL,2:03,199,4.3,106.25,,,
13,RTM,6/8/2026,77,2,0,7:50,8:00,heard,RBWO,1:06,214,7.4,183.75,,,
13,RTM,6/8/2026,77,2,0,7:50,8:00,heard,BHNU,3:39,220,2.8,70,,,
13,RTM,6/8/2026,77,2,0,7:50,8:00,heard,GCFL,0:08,251,3.8,93.75,,,
13,RTM,6/8/2026,77,2,0,7:50,8:00,heard,TUTI,5:43,320,6.5,162.5,,,
13,RTM,6/8/2026,77,2,0,7:50,8:00,heard,CAWR,2:05,327,7.1,177.5,,,
13,RTM,6/8/2026,77,2,0,7:50,8:00,visual,NOFL,9:46,351,2.6,63.75,,,
13,RTM,6/8/2026,77,2,0,7:50,8:00,heard,GCFL,7:39,353,6.8,170,,,
14,RTM,6/8/2026,79,2,1,8:32,8:42,heard,BHNU,5:59,58,3.3,82.5,,,
14,RTM,6/8/2026,79,2,1,8:32,8:42,heard,WBNU,6:25,61,6.4,160,,,
14,RTM,6/8/2026,79,2,1,8:32,8:42,heard,TUTI,0:57,122,7.0,173.75,,,
14,RTM,6/8/2026,79,2,1,8:32,8:42,heard,RHWO,1:57,137,5.6,140,,,
14,RTM,6/8/2026,79,2,1,8:32,8:42,heard,CAWR,2:09,136,7.4,185,,,
14,RTM,6/8/2026,79,2,1,8:32,8:42,heard,RCWO,0:05,154,1.5,37.5,,,
14,RTM,6/8/2026,79,2,1,8:32,8:42,heard,RCWO,0:05,154,1.5,37.5,,,
14,RTM,6/8/2026,79,2,1,8:32,8:42,heard,RCWO,0:06,203,1.2,28.75,,,
14,RTM,6/8/2026,79,2,1,8:32,8:42,heard,RCWO,0:06,203,1.2,28.75,,,
14,RTM,6/8/2026,79,2,1,8:32,8:42,heard,RBWO,2:28,225,7.3,182.5,,,
14,RTM,6/8/2026,79,2,1,8:32,8:42,heard,NOFL,2:54,265,4.8,118.75,,,
14,RTM,6/8/2026,79,2,1,8:32,8:42,heard,RBWO,0:31,277,3.8,93.75,,,
14,RTM,6/8/2026,79,2,1,8:32,8:42,visual,WBNU,0:58,295,1.6,40,,,
14,RTM,6/8/2026,79,2,1,8:32,8:42,visual,WBNU,0:58,295,1.6,40,,,
14,RTM,6/8/2026,79,2,1,8:32,8:42,heard,GCFL,0:47,292,4.4,110,,,
14,RTM,6/8/2026,79,2,1,8:32,8:42,heard,GCFL,0:18,305,4.2,103.75,,,
18,RTM,5/8/2026,71,2,2,8:11,8:21,heard,GCFL,0:50,14,4.5,112.5,y,n,
18,RTM,5/8/2026,71,2,2,8:11,8:21,heard,RHWO,0:15,3,8.2,205,y,n,
18,RTM,5/8/2026,71,2,2,8:11,8:21,heard,RBWO,3:18,32,6.4,158.75,y,y,
18,RTM,5/8/2026,71,2,2,8:11,8:21,heard,TUTI,0:04,100,5.7,141.25,y,y,
18,RTM,5/8/2026,71,2,2,8:11,8:21,heard,BASP,1:12,142,3.6,88.75,y,y,
18,RTM,5/8/2026,71,2,2,8:11,8:21,heard,GCFL,0:14,138,5.5,137.5,y,y,
18,RTM,5/8/2026,71,2,2,8:11,8:21,heard,CAWR,0:57,156,5.6,138.75,y,y,
18,RTM,5/8/2026,71,2,2,8:11,8:21,heard,RHWO,0:34,181,6.3,157.5,y,y,
18,RTM,5/8/2026,71,2,2,8:11,8:21,heard,CAWR,7:05,243,7.8,194,y,n,
18,RTM,5/8/2026,71,2,2,8:11,8:21,heard,GCFL,3:01,245,5.2,130,y,y,
18,RTM,5/8/2026,71,2,2,8:11,8:21,heard,BASP,2:54,237,3.8,93.75,y,y,
18,RTM,5/8/2026,71,2,2,8:11,8:21,visual,GCFL,9:58,277,1.7,42.5,y,n,
18,RTM,5/8/2026,71,2,2,8:11,8:21,heard,WBNU,7:04,272,4.6,115,y,n,
18,RTM,5/8/2026,71,2,2,8:11,8:21,heard,DOWO,3:15,319,3.2,80,y,y,
18,RTM,5/8/2026,71,2,2,8:11,8:21,heard,CAWR,3:45,325,7.0,175,y,n,
18,RTM,5/8/2026,71,2,2,8:11,8:21,heard,GCFL,5:10,335,7.1,177.5,y,n,
18,RTM,5/8/2026,71,2,2,8:11,8:21,heard,EABL,4:55,333,2.6,65,y,y,
18,RTM,5/8/2026,71,2,2,8:11,8:21,heard,BASP,6:51,338,8.4,208.75,y,n,
20,BB,5/25/2026,71,1,1,8:09,8:19,visual,RHWO,6:55,55,1.5,37.5,,,
20,BB,5/25/2026,71,1,1,8:09,8:19,heard,RBWO,0:20,121,4.5,111.25,,,
20,BB,5/25/2026,71,1,1,8:09,8:19,heard,RHWO,4:30,153,0.6,15,,,
20,BB,5/25/2026,71,1,1,8:09,8:19,heard,BASP,1:11,149,4.7,116.25,,,
20,BB,5/25/2026,71,1,1,8:09,8:19,heard,CAWR,2:12,212,6.5,162.5,,,
20,BB,5/25/2026,71,1,1,8:09,8:19,heard,GCFL,1:30,246,2.9,72.5,,,
20,BB,5/25/2026,71,1,1,8:09,8:19,heard,BASP,0:55,276,7.4,185,,,
20,BB,5/25/2026,71,1,1,8:09,8:19,visual,RHWO,5:00,274,1.2,30,,,
20,BB,5/25/2026,71,1,1,8:09,8:19,heard,BASP,0:42,332,6.2,155,,,
21,BB,5/25/2026,72,0,0,7:43,7:53,heard,GCFL,1:30,36,3.7,92.5,,,
21,BB,5/25/2026,72,0,0,7:43,7:53,heard,TUTI,3:10,43,5.2,130,,,
21,BB,5/25/2026,72,0,0,7:43,7:53,heard,RBWO,1:00,69,2.2,55,,,
21,BB,5/25/2026,72,0,0,7:43,7:53,heard,RHWO,4:44,78,3.9,97.5,,,
21,BB,5/25/2026,72,0,0,7:43,7:53,heard,CAWR,2:44,111,2.3,56.25,,,
21,BB,5/25/2026,72,0,0,7:43,7:53,heard,CAWR,1:38,156,4.4,108.75,,,
21,BB,5/25/2026,72,0,0,7:43,7:53,heard,RHWO,7:26,182,4.3,107.5,,,
21,BB,5/25/2026,72,0,0,7:43,7:53,heard,TUTI,9:50,211,4.4,108.75,,,
21,BB,5/25/2026,72,0,0,7:43,7:53,heard,RBWO,8:01,234,4.7,116.25,,,
21,BB,5/25/2026,72,0,0,7:43,7:53,heard,GCFL,3:39,265,3.4,83.75,,,
22,BB,5/25/2026,74,1,2,8:33,8:43,heard,BASP,1:05,21,3.7,91.25,,,
22,BB,5/25/2026,74,1,2,8:33,8:43,heard,RHWO,4:50,29,5.2,130,,,
22,BB,5/25/2026,74,1,2,8:33,8:43,heard,CAWR,0:39,50,5.7,142.5,,,
22,BB,5/25/2026,74,1,2,8:33,8:43,heard,RBWO,3:17,67,4.4,110,,,
22,BB,5/25/2026,74,1,2,8:33,8:43,heard,BHNU,4:56,70,1.6,40,,,
22,BB,5/25/2026,74,1,2,8:33,8:43,heard,BASP,1:03,113,3.4,85,,,
22,BB,5/25/2026,74,1,2,8:33,8:43,heard,RHWO,7:58,91,4.6,115,,,
22,BB,5/25/2026,74,1,2,8:33,8:43,heard,RHWO,2:42,179,6.6,165,,,
22,BB,5/25/2026,74,1,2,8:33,8:43,heard,BASP,8:24,281,3.4,83.75,,,
22,BB,5/25/2026,74,1,2,8:33,8:43,heard,BASP,1:40,338,7.3,181.25,,,
23,BB,5/25/2026,75,0,1,8:59,9:09,visual,DOWO,6:20,14,1.5,37.5,,,
23,BB,5/25/2026,75,0,1,8:59,9:09,heard,RBWO,3:02,4,3.5,87.5,,,
23,BB,5/25/2026,75,0,1,8:59,9:09,heard,GCFL,0:48,56,1.7,41.25,,,
23,BB,5/25/2026,75,0,1,8:59,9:09,heard,TUTI,0:10,46,4.4,110,,,
23,BB,5/25/2026,75,0,1,8:59,9:09,heard,BASP,1:05,141,4.3,107.5,,,
23,BB,5/25/2026,75,0,1,8:59,9:09,heard,RHWO,3:15,159,4.4,108.75,,,
23,BB,5/25/2026,75,0,1,8:59,9:09,heard,BASP,1:37,213,4.6,115,,,
23,BB,5/25/2026,75,0,1,8:59,9:09,heard,RHWO,1:41,250,3.3,81.25,,,
23,BB,5/25/2026,75,0,1,8:59,9:09,heard,RBWO,3:48,299,3.2,78.75,,,
23,BB,5/25/2026,75,0,1,8:59,9:09,heard,BHNU,7:16,326,1.7,41.25,,,
4,RTM,6/4/2026,51,0,1,7:05,7:15,heard,BASP,7:45,355,7.1,177.5,,,Burned
4,RTM,6/4/2026,51,0,1,7:05,7:15,heard,RHWO,1:32,16,6.3,156.25,,,Burned
4,RTM,6/4/2026,51,0,1,7:05,7:15,heard,EABL,4:29,42,5.7,141.25,,,Burned
4,RTM,6/4/2026,51,0,1,7:05,7:15,heard,GCFL,3:50,117,4.8,120,,,Burned
4,RTM,6/4/2026,51,0,1,7:05,7:15,heard,RBWO,2:03,122,7.5,187.5,,,Burned
4,RTM,6/4/2026,51,0,1,7:05,7:15,heard,TUTI,1:19,145,6.5,161.25,,,Burned
4,RTM,6/4/2026,51,0,1,7:05,7:15,heard,GCFL,0:19,226,5.1,126.25,,,Burned
4,RTM,6/4/2026,51,0,1,7:05,7:15,heard,CAWR,3:23,226,10.7,267.5,,,Burned
4,RTM,6/4/2026,51,0,1,7:05,7:15,heard,WBNU,6:35,279,7.0,175,,,Burned
4,RTM,6/4/2026,51,0,1,7:05,7:15,heard,TUTI,0:42,289,7.3,181.25,,,Burned
4,RTM,6/4/2026,51,0,1,7:05,7:15,heard,CAWR,0:05,302,6.9,171.25,,,Burned
4,RTM,6/4/2026,51,0,1,7:05,7:15,heard,BHNU,0:22,283,3.3,82.5,,,Burned
4,RTM,6/26/2026,96,1,1,9:33,9:43,visual,RHWO,7:03,333,1.2,30,y,x,
4,RTM,6/26/2026,96,1,1,9:33,9:43,heard,RHWO,0:14,1,7.0,175,y,y,
4,RTM,6/26/2026,96,1,1,9:33,9:43,heard,RHWO,1:43,67,1.9,47.5,y,y,
4,RTM,6/26/2026,96,1,1,9:33,9:43,heard,RHWO,4:04,141,6.2,153.75,y,y,
4,RTM,6/26/2026,96,1,1,9:33,9:43,heard,NOFL,7:15,213,7.6,190,y,n,
4,RTM,6/26/2026,96,1,1,9:33,9:43,heard,RHWO,7:22,230,6.3,156.25,y,y,
4,BB,6/26/2026,96,1,1,9:33,9:43,visual,RHWO,1:20,25,1.5,37.5,Y,Y,
4,BB,6/26/2026,96,1,1,9:33,9:43,heard,RHWO,0:14,359,7.5,187.5,Y,Y,
4,BB,6/26/2026,96,1,1,9:33,9:43,heard,RHWO,4:10,176,6.2,155,Y,Y,
4,BB,6/26/2026,96,1,1,9:33,9:43,heard,RHWO,7:39,239,5.5,136.25,Y,Y,
6,BB,6/26/2026,91,0,1,9:10,9:20,heard,BHNU,5:51,55,3.0,75,Y,Y,
6,BB,6/26/2026,91,0,1,9:10,9:20,heard,RHWO,5:12,62,6.6,163.75,Y,Y,
6,BB,6/26/2026,91,0,1,9:10,9:20,heard,CAWR,3:38,158,4.3,107.5,Y,Y,
6,BB,6/26/2026,91,0,1,9:10,9:20,heard,BASP,2:20,271,4.0,100,Y,N,
6,BB,6/26/2026,91,0,1,9:10,9:20,heard,RBWO,0:30,305,7.3,182.5,Y,N,
6,BB,6/26/2026,91,0,1,9:10,9:20,visual,BHNU,4:39,326,1.8,45,Y,N,
6,BB,6/26/2026,91,0,1,9:10,9:20,heard,BASP,2:07,337,4.3,107.5,Y,Y,
6,RTM,6/26/2026,91,0,1,9:10,9:20,heard,BHNU,5:47,29,1.2,30,Y,Y,
6,RTM,6/26/2026,91,0,1,9:10,9:20,heard,RHWO,2:26,44,7.2,180,Y,Y,
6,RTM,6/26/2026,91,0,1,9:10,9:20,heard,NOFL,5:30,83,7.8,193.75,Y,N,
6,RTM,6/26/2026,91,0,1,9:10,9:20,heard,CAWR,2:00,164,4.6,115,Y,Y,
6,RTM,6/26/2026,91,0,1,9:10,9:20,heard,RHWO,0:28,313,7.0,175,Y,N,
6,RTM,6/26/2026,91,0,1,9:10,9:20,heard,BASP,6:36,333,2.4,60,Y,Y,
6,RTM,6/26/2026,91,0,1,9:10,9:20,heard,RHWO,8:39,330,7.7,191.25,Y,N,
7,BB,6/26/2026,88,0,1,8:30,8:40,heard,RHWO,8:05,349,3.8,93.75,Y,N,
7,BB,6/26/2026,88,0,1,8:30,8:40,heard,BHNU,5:26,43,3.7,92.5,Y,Y,
7,BB,6/26/2026,88,0,1,8:30,8:40,heard,RHWO,0:30,32,7.5,186.25,Y,Y,
7,BB,6/26/2026,88,0,1,8:30,8:40,heard,RHWO,4:13,57,6.9,171.25,Y,N,
7,BB,6/26/2026,88,0,1,8:30,8:40,heard,NOFL,1:20,89,2.5,62.5,Y,Y,
7,BB,6/26/2026,88,0,1,8:30,8:40,heard,RHWO,0:47,180,3.7,92.5,Y,Y,
7,BB,6/26/2026,88,0,1,8:30,8:40,heard,EABL,0:30,236,1.0,23.75,Y,Y,
7,BB,6/26/2026,88,0,1,8:30,8:40,heard,BASP,0:50,252,4.5,112.5,Y,Y,
7,BB,6/26/2026,88,0,1,8:30,8:40,heard,RHWO,0:37,274,5.8,145,Y,Y,
7,RTM,6/26/2026,88,0,1,8:30,8:40,heard,RHWO,0:30,23,7.5,186.25,Y,Y,
7,RTM,6/26/2026,88,0,1,8:30,8:40,heard,BHNU,5:21,67,2.5,62.5,Y,Y,
7,RTM,6/26/2026,88,0,1,8:30,8:40,heard,NOFL,1:05,74,4.9,122.5,Y,Y,
7,RTM,6/26/2026,88,0,1,8:30,8:40,heard,EABL,0:06,221,1.6,38.75,Y,Y,
7,RTM,6/26/2026,88,0,1,8:30,8:40,heard,RHWO,0:46,196,4.3,106.25,Y,Y,
7,RTM,6/26/2026,88,0,1,8:30,8:40,heard,RHWO,2:40,224,10.3,257.5,Y,N,
7,RTM,6/26/2026,88,0,1,8:30,8:40,heard,RHWO,0:07,272,7.4,185,Y,Y,
7,RTM,6/26/2026,88,0,1,8:30,8:40,heard,BASP,0:47,285,5.4,133.75,Y,Y,
7,RTM,6/26/2026,88,0,1,8:30,8:40,heard,RBWO,8:47,297,8.5,212.5,Y,N,
24,RTM,4/22/2026,61,2,0,7:21,7:31,heard,EABL,7:30,3,5.4,135,,,
24,RTM,4/22/2026,61,2,0,7:21,7:31,heard,WBNU,3:00,18,4.5,112.5,,,
24,RTM,4/22/2026,61,2,0,7:21,7:31,heard,CAWR,4:15,43,5.4,133.75,,,
24,RTM,4/22/2026,61,2,0,7:21,7:31,heard,GCFL,0:38,61,6.1,152.5,,,
24,RTM,4/22/2026,61,2,0,7:21,7:31,heard,RHWO,0:15,79,7.3,181.25,,,
24,RTM,4/22/2026,61,2,0,7:21,7:31,heard,RBWO,0:12,89,5.5,137.5,,,
24,RTM,4/22/2026,61,2,0,7:21,7:31,heard,GCFL,3:56,121,5.5,137.5,,,
24,RTM,4/22/2026,61,2,0,7:21,7:31,heard,BASP,0:35,132,2.6,63.75,,,
24,RTM,4/22/2026,61,2,0,7:21,7:31,heard,CACH,3:37,162,1.4,33.75,,,
24,RTM,4/22/2026,61,2,0,7:21,7:31,heard,BASP,6:39,232,4.6,113.75,,,
24,RTM,4/22/2026,61,2,0,7:21,7:31,heard,TUTI,0:02,298,3.9,96.25,,,
24,RTM,4/22/2026,61,2,0,7:21,7:31,heard,GCFL,0:37,296,5.7,141.25,,,
24,RTM,4/22/2026,61,2,0,7:21,7:31,heard,RHWO,1:10,334,5.8,145,,,
24,RTM,4/22/2026,61,2,0,7:21,7:31,heard,DOWO,9:02,341,1.6,40,,,
24,RTM,4/22/2026,61,2,0,7:21,7:31,heard,TUTI,0:01,357,4.2,103.75,,,
25,RTM,4/22/2026,61,2,0,7:49,7:59,heard,RBWO,0:17,69,5.1,126.25,,,
25,RTM,4/22/2026,61,2,0,7:49,7:59,heard,CAWR,6:45,83,5.1,127.5,,,
25,RTM,4/22/2026,61,2,0,7:49,7:59,heard,DOWO,3:39,186,1.8,43.75,,,
25,RTM,4/22/2026,61,2,0,7:49,7:59,heard,RHWO,2:00,185,3.0,75,,,
25,RTM,4/22/2026,61,2,0,7:49,7:59,heard,CAWR,0:39,226,4.7,117.5,,,
25,RTM,4/22/2026,61,2,0,7:49,7:59,visual,GCFL,6:30,218,1.8,43.75,,,
25,RTM,4/22/2026,61,2,0,7:49,7:59,heard,RBWO,5:03,266,5.3,132.5,,,
25,RTM,4/22/2026,61,2,0,7:49,7:59,heard,GCFL,0:49,282,5.6,140,,,
25,RTM,4/22/2026,61,2,0,7:49,7:59,visual,PIWO,9:30,312,9.0,225,,,
25,RTM,4/22/2026,61,2,0,7:49,7:59,visual,RHWO,3:20,311,2.6,65,,,
26,RTM,4/22/2026,61,2,1,8:12,8:22,heard,RHWO,0:49,16,3.7,92.5,,,
26,RTM,4/22/2026,61,2,1,8:12,8:22,heard,CAWR,3:24,20,7.1,177.5,,,
26,RTM,4/22/2026,61,2,1,8:12,8:22,heard,RBWO,0:31,53,2.5,62.5,,,
26,RTM,4/22/2026,61,2,1,8:12,8:22,heard,RHWO,1:32,106,7.3,182.5,,,
26,RTM,4/22/2026,61,2,1,8:12,8:22,heard,TUTI,4:01,143,7.0,173.75,,,
26,RTM,4/22/2026,61,2,1,8:12,8:22,heard,RCWO,9:59,161,7.7,191.25,,,
26,RTM,4/22/2026,61,2,1,8:12,8:22,heard,GCFL,2:10,219,6.4,160,,,
26,RTM,4/22/2026,61,2,1,8:12,8:22,heard,RHWO,1:59,271,5.8,143.75,,,
26,RTM,4/22/2026,61,2,1,8:12,8:22,heard,EABL,9:54,287,4.7,117.5,,,
26,RTM,4/22/2026,61,2,1,8:12,8:22,heard,GCFL,0:18,314,5.9,146.25,,,
26,RTM,4/22/2026,61,2,1,8:12,8:22,heard,RHWO,9:35,327,5.7,141.25,,,
28,RTM,4/25/2026,68,2,0,8:49,8:59,heard,GCFL,5:47,26,5.4,133.75,,,
28,RTM,4/25/2026,68,2,0,8:49,8:59,heard,BASP,3:11,34,4.6,115,,,
28,RTM,4/25/2026,68,2,0,8:49,8:59,heard,RHWO,0:16,69,6.3,156.25,,,
28,RTM,4/25/2026,68,2,0,8:49,8:59,heard,RCWO,0:20,87,2.8,70,,,
28,RTM,4/25/2026,68,2,0,8:49,8:59,heard,RCWO,8:20,128,1.0,25,,,
28,RTM,4/25/2026,68,2,0,8:49,8:59,heard,RCWO,8:20,128,1.0,25,,,
28,RTM,4/25/2026,68,2,0,8:49,8:59,heard,RBWO,2:37,165,3.3,82.5,,,
28,RTM,4/25/2026,68,2,0,8:49,8:59,heard,RHWO,6:16,252,1.8,43.75,,,
28,RTM,4/25/2026,68,2,0,8:49,8:59,heard,CAWR,6:40,256,2.3,57.5,,,
28,RTM,4/25/2026,68,2,0,8:49,8:59,heard,TUTI,2:10,275,3.6,90,,,
28,RTM,4/25/2026,68,2,0,8:49,8:59,heard,CAWR,2:15,303,5.7,141.25,,,
28,RTM,4/25/2026,68,2,0,8:49,8:59,heard,RBWO,5:31,311,6.7,166.25,,,
28,RTM,4/25/2026,68,2,0,8:49,8:59,heard,DOWO,2:51,312,1.7,41.25,,,
28,RTM,4/25/2026,68,2,0,8:49,8:59,heard,TUTI,0:06,345,5.1,127.5,,,
27,RTM,4/25/2026,70,2,0,9:20,9:30,heard,RBWO,0:01,359,5.8,145,,,
27,RTM,4/25/2026,70,2,0,9:20,9:30,heard,BASP,0:13,24,3.5,86.25,,,
27,RTM,4/25/2026,70,2,0,9:20,9:30,heard,DOWO,0:20,53,1.7,42.5,,,
27,RTM,4/25/2026,70,2,0,9:20,9:30,heard,CAWR,0:27,85,6.5,161.25,,,
27,RTM,4/25/2026,70,2,0,9:20,9:30,heard,BASP,7:01,133,4.4,108.75,,,
27,RTM,4/25/2026,70,2,0,9:20,9:30,heard,DOWO,6:05,178,1.8,43.75,,,
27,RTM,4/25/2026,70,2,0,9:20,9:30,heard,TUTI,1:38,213,3.3,81.25,,,
27,RTM,4/25/2026,70,2,0,9:20,9:30,heard,RBWO,1:57,241,5.0,125,,,
27,RTM,4/25/2026,70,2,0,9:20,9:30,heard,BASP,3:25,284,3.7,92.5,,,
21,RTM,4/26/2026,60,0,0,7:36,7:46,heard,GCFL,5:35,355,7.1,176.25,,,
21,RTM,4/26/2026,60,0,0,7:36,7:46,heard,RBWO,4:20,3,6.1,152.5,,,
21,RTM,4/26/2026,60,0,0,7:36,7:46,heard,CAWR,0:17,63,4.9,121.25,,,
21,RTM,4/26/2026,60,0,0,7:36,7:46,heard,RBWO,1:18,84,6.3,157.5,,,
21,RTM,4/26/2026,60,0,0,7:36,7:46,heard,GCFL,0:45,94,6.6,163.75,,,
21,RTM,4/26/2026,60,0,0,7:36,7:46,heard,CAWR,0:01,120,3.1,76.25,,,
21,RTM,4/26/2026,60,0,0,7:36,7:46,heard,RHWO,9:44,139,5.5,137.5,,,
21,RTM,4/26/2026,60,0,0,7:36,7:46,heard,RBWO,1:45,229,6.4,160,,,
21,RTM,4/26/2026,60,0,0,7:36,7:46,heard,GCFL,0:27,253,2.7,66.25,,,
21,RTM,4/26/2026,60,0,0,7:36,7:46,heard,RBWO,1:12,326,6.3,156.25,,,
22,RTM,4/26/2026,75,0,2,9:44,9:54,heard,RBWO,0:11,66,6.3,156.25,,,
22,RTM,4/26/2026,75,0,2,9:44,9:54,heard,RHWO,0:30,66,3.3,82.5,,,
22,RTM,4/26/2026,75,0,2,9:44,9:54,heard,BASP,1:01,74,2.7,66.25,,,
22,RTM,4/26/2026,75,0,2,9:44,9:54,heard,RHWO,5:20,95,4.0,100,,,
22,RTM,4/26/2026,75,0,2,9:44,9:54,heard,BASP,2:58,298,6.1,152.5,,,
22,RTM,4/26/2026,75,0,2,9:44,9:54,heard,CAWR,0:06,334,2.5,61.25,,,
22,RTM,4/26/2026,75,0,2,9:44,9:54,heard,RHWO,1:15,333,5.5,136.25,,,
22,RTM,4/26/2026,75,0,2,9:44,9:54,heard,TUTI,5:07,352,6.3,157.5,,,
23,RTM,4/26/2026,76,0,2,10:02,10:12,heard,BHNU,0:53,11,3.7,91.25,,,
23,RTM,4/26/2026,76,0,2,10:02,10:12,heard,CAWR,3:36,40,6.4,158.75,,,
23,RTM,4/26/2026,76,0,2,10:02,10:12,heard,RBWO,0:06,49,4.9,122.5,,,
23,RTM,4/26/2026,76,0,2,10:02,10:12,heard,BASP,1:15,69,4.8,120,,,
23,RTM,4/26/2026,76,0,2,10:02,10:12,heard,GCFL,0:35,94,3.7,91.25,,,
23,RTM,4/26/2026,76,0,2,10:02,10:12,heard,BASP,3:07,104,3.6,88.75,,,
23,RTM,4/26/2026,76,0,2,10:02,10:12,heard,CAWR,1:52,190,4.7,116.25,,,
23,RTM,4/26/2026,76,0,2,10:02,10:12,heard,BASP,0:25,239,3.4,83.75,,,
23,RTM,4/26/2026,76,0,2,10:02,10:12,heard,BHNU,2:01,274,1.6,40,,,
23,RTM,4/26/2026,76,0,2,10:02,10:12,heard,RBWO,0:05,311,6.2,155,,,
23,RTM,4/26/2026,76,0,2,10:02,10:12,heard,BASP,0:46,340,4.7,117.5,,,
29,RTM,4/25/2026,65,2,0,7:27,7:37,heard,RBWO,7:41,356,5.5,136.25,,,
29,RTM,4/25/2026,65,2,0,7:27,7:37,heard,GCFL,0:16,29,6.3,156.25,,,
29,RTM,4/25/2026,65,2,0,7:27,7:37,heard,RHWO,0:29,47,7.6,188.75,,,
29,RTM,4/25/2026,65,2,0,7:27,7:37,heard,CAWR,3:57,104,6.9,172.5,,,
29,RTM,4/25/2026,65,2,0,7:27,7:37,heard,TUTI,1:00,108,6.1,151.25,,,
29,RTM,4/25/2026,65,2,0,7:27,7:37,heard,DOWO,2:53,157,1.3,32.5,,,
29,RTM,4/25/2026,65,2,0,7:27,7:37,heard,RHWO,7:05,151,4.4,108.75,,,
29,RTM,4/25/2026,65,2,0,7:27,7:37,heard,RHWO,0:40,184,4.5,111.25,,,
29,RTM,4/25/2026,65,2,0,7:27,7:37,heard,GCFL,2:38,206,5.2,128.75,,,
29,RTM,4/25/2026,65,2,0,7:27,7:37,heard,CAWR,2:23,287,1.8,43.75,,,
29,RTM,4/25/2026,65,2,0,7:27,7:37,heard,RHWO,0:28,325,7.6,188.75,,,
30,RTM,4/25/2026,67,2,0,8:27,8:37,heard,RHWO,8:12,346,6.8,168.75,,,
30,RTM,4/25/2026,67,2,0,8:27,8:37,heard,CAWR,0:54,4,5.8,143.75,,,
30,RTM,4/25/2026,67,2,0,8:27,8:37,heard,RBWO,7:31,10,7.0,175,,,
30,RTM,4/25/2026,67,2,0,8:27,8:37,heard,RBWO,7:30,15,6.7,167.5,,,
30,RTM,4/25/2026,67,2,0,8:27,8:37,heard,RBWO,3:10,109,6.3,157.5,,,
30,RTM,4/25/2026,67,2,0,8:27,8:37,heard,RBWO,0:14,270,4.4,108.75,,,
30,RTM,4/25/2026,67,2,0,8:27,8:37,heard,GCFL,3:20,314,4.6,115,,,
30,RTM,4/25/2026,67,2,0,8:27,8:37,heard,GCFL,0:09,333,0.7,16.25,,,
31,RTM,4/25/2026,66,2,0,8:06,8:16,heard,WBNU,7:14,5,7.2,178.75,,,
31,RTM,4/25/2026,66,2,0,8:06,8:16,heard,BHNU,6:04,18,3.5,87.5,,,
31,RTM,4/25/2026,66,2,0,8:06,8:16,heard,CAWR,9:36,62,6.5,162.5,,,
31,RTM,4/25/2026,66,2,0,8:06,8:16,heard,RHWO,9:05,70,0.8,20,,,
31,RTM,4/25/2026,66,2,0,8:06,8:16,heard,RBWO,0:31,94,7.5,187.5,,,
31,RTM,4/25/2026,66,2,0,8:06,8:16,heard,RHWO,0:48,247,6.7,167.5,,,
31,RTM,4/25/2026,66,2,0,8:06,8:16,heard,GCFL,8:56,313,6.2,155,,,
31,RTM,4/25/2026,66,2,0,8:06,8:16,heard,RHWO,0:09,327,1.2,30,,,
32,RTM,4/25/2026,65,2,0,7:50,8:00,heard,WBNU,4:37,112,7.5,186.25,,,
32,RTM,4/25/2026,65,2,0,7:50,8:00,heard,RBWO,0:24,131,6.3,157.5,,,
32,RTM,4/25/2026,65,2,0,7:50,8:00,heard,DOWO,0:53,134,1.8,45,,,
32,RTM,4/25/2026,65,2,0,7:50,8:00,heard,RHWO,3:59,186,7.5,187.5,,,
32,RTM,4/25/2026,65,2,0,7:50,8:00,heard,BHNU,1:12,220,1.8,45,,,
32,RTM,4/25/2026,65,2,0,7:50,8:00,heard,GCFL,0:40,218,3.5,87.5,,,
32,RTM,4/25/2026,65,2,0,7:50,8:00,heard,RHWO,2:35,240,1.8,45,,,
32,RTM,4/25/2026,65,2,0,7:50,8:00,heard,RBWO,5:40,262,5.6,140,,,
7,RTM,4/3/2026,70,1,1,9:23,9:33,heard,RBWO,9:51,15,3.7,91.25,,,not burned
7,RTM,4/3/2026,70,1,1,9:23,9:33,heard,BHNU,7:22,67,2.3,56.25,,,
7,RTM,4/3/2026,70,1,1,9:23,9:33,heard,BASP,0:27,65,7.5,187.5,,,
7,RTM,4/3/2026,70,1,1,9:23,9:33,heard,EABL,3:23,72,5.7,142.5,,,
7,RTM,4/3/2026,70,1,1,9:23,9:33,heard,BASP,0:15,81,4.3,107.5,,,
7,RTM,4/3/2026,70,1,1,9:23,9:33,heard,RHWO,3:56,91,5.6,140,,,
7,RTM,4/3/2026,70,1,1,9:23,9:33,heard,RHWO,0:42,170,2.9,71.25,,,
7,RTM,4/3/2026,70,1,1,9:23,9:33,heard,RBWO,6:28,244,2.0,48.75,,,
7,RTM,4/3/2026,70,1,1,9:23,9:33,heard,BHNU,0:42,291,3.2,80,,,
7,RTM,4/3/2026,70,1,1,9:23,9:33,heard,EABL,2:00,294,4.3,107.5,,,
7,RTM,4/3/2026,70,1,1,9:23,9:33,heard,RHWO,1:31,292,7.2,178.75,,,
7,RTM,4/3/2026,70,1,1,9:23,9:33,heard,BASP,0:03,315,2.3,57.5,,,
7,RTM,4/3/2026,70,1,1,9:23,9:33,heard,RHWO,1:04,338,6.2,155,,,
8,RTM,4/6/2026,60,2,1,7:24,7:34,heard,EABL,7:26,21,3.5,87.5,,,not burned
8,RTM,4/6/2026,60,2,1,7:24,7:34,heard,BASP,0:26,42,5.6,140,,,
8,RTM,4/6/2026,60,2,1,7:24,7:34,heard,RBWO,8:43,91,2.0,50,,,
8,RTM,4/6/2026,60,2,1,7:24,7:34,heard,BHNU,5:30,160,1.6,38.75,,,
8,RTM,4/6/2026,60,2,1,7:24,7:34,heard,BASP,4:29,137,5.7,142.5,,,
8,RTM,4/6/2026,60,2,1,7:24,7:34,heard,BASP,0:25,212,3.7,91.25,,,
8,RTM,4/6/2026,60,2,1,7:24,7:34,heard,WBNU,0:10,207,5.6,138.75,,,
8,RTM,4/6/2026,60,2,1,7:24,7:34,heard,RBWO,3:02,226,4.3,107.5,,,
8,RTM,4/6/2026,60,2,1,7:24,7:34,heard,BASP,0:05,282,3.9,97.5,,,
8,RTM,4/6/2026,60,2,1,7:24,7:34,heard,WBNU,5:22,339,7.4,185,,,
8,RTM,4/6/2026,60,2,1,7:24,7:34,heard,CAWR,1:02,346,6.5,162.5,,,
8,RTM,4/6/2026,60,2,1,7:24,7:34,heard,TUTI,0:45,347,7.3,182.5,,,
9,RTM,4/7/2026,57,2,1,7:21,7:31,heard,BHNU,0:26,7,3.1,77.5,,,maybe burned 2 months ago
9,RTM,4/7/2026,57,2,1,7:21,7:31,heard,TUTI,0:05,23,7.6,188.75,,,
9,RTM,4/7/2026,57,2,1,7:21,7:31,heard,WBNU,0:35,37,6.9,172.5,,,
9,RTM,4/7/2026,57,2,1,7:21,7:31,heard,EABL,9:57,56,4.7,116.25,,,
9,RTM,4/7/2026,57,2,1,7:21,7:31,heard,RBWO,0:01,76,6.8,170,,,
9,RTM,4/7/2026,57,2,1,7:21,7:31,heard,RCWO,3:59,99,5.1,126.25,,,
9,RTM,4/7/2026,57,2,1,7:21,7:31,heard,DOWO,2:45,163,4.4,110,,,
9,RTM,4/7/2026,57,2,1,7:21,7:31,heard,TUTI,2:00,160,6.8,168.75,,,
9,RTM,4/7/2026,57,2,1,7:21,7:31,heard,GCFL,6:21,219,4.9,122.5,,,
9,RTM,4/7/2026,57,2,1,7:21,7:31,heard,CAWR,2:39,213,7.6,190,,,
9,RTM,4/7/2026,57,2,1,7:21,7:31,heard,RBWO,2:50,239,5.2,130,,,
9,RTM,4/7/2026,57,2,1,7:21,7:31,heard,TUTI,3:40,233,7.6,190,,,
9,RTM,4/7/2026,57,2,1,7:21,7:31,heard,RCWO,8:59,271,4.6,115,,,
9,RTM,4/7/2026,57,2,1,7:21,7:31,heard,CAWR,0:41,268,6.5,162.5,,,
9,RTM,4/7/2026,57,2,1,7:21,7:31,heard,CACH,1:45,308,3.6,90,,,
10,RTM,4/7/2026,57,2,1,7:57,8:07,heard,BASP,0:12,1,6.9,171.25,,,will burn tomorrow
10,RTM,4/7/2026,57,2,1,7:57,8:07,heard,RCWO,0:26,61,1.5,37.5,,,
10,RTM,4/7/2026,57,2,1,7:57,8:07,heard,BHNU,0:50,64,3.7,91.25,,,
10,RTM,4/7/2026,57,2,1,7:57,8:07,heard,BASP,1:09,137,2.4,58.75,,,
10,RTM,4/7/2026,57,2,1,7:57,8:07,heard,CAWR,1:26,98,7.3,182.5,,,
10,RTM,4/7/2026,57,2,1,7:57,8:07,heard,BASP,0:01,108,7.2,178.75,,,
10,RTM,4/7/2026,57,2,1,7:57,8:07,heard,BASP,1:09,138,2.4,58.75,,,
10,RTM,4/7/2026,57,2,1,7:57,8:07,heard,CAWR,7:11,186,5.7,142.5,,,
10,RTM,4/7/2026,57,2,1,7:57,8:07,heard,TUTI,9:48,179,6.7,166.25,,,
10,RTM,4/7/2026,57,2,1,7:57,8:07,heard,CAWR,5:15,267,7.5,187.5,,,
10,RTM,4/7/2026,57,2,1,7:57,8:07,heard,RBWO,2:26,290,5.7,142.5,,,
10,RTM,4/7/2026,57,2,1,7:57,8:07,visual,RCWO,2:18,303,1.9,47.5,,,
10,RTM,4/7/2026,57,2,1,7:57,8:07,heard,BASP,0:11,302,7.5,186.25,,,
10,RTM,4/7/2026,57,2,1,7:57,8:07,heard,RCWO,0:10,332,4.5,111.25,,,
10,RTM,4/7/2026,57,2,1,7:57,8:07,heard,RCWO,2:00,352,1.4,33.75,,,
11,RTM,4/7/2026,57,2,1,7:41,7:51,heard,BHNU,5:34,354,1.6,40,,,
11,RTM,4/7/2026,57,2,1,7:41,7:51,visual,RHWO,7:59,31,2.0,48.75,,,
11,RTM,4/7/2026,57,2,1,7:41,7:51,heard,BHNU,1:52,31,2.9,71.25,,,
11,RTM,4/7/2026,57,2,1,7:41,7:51,heard,RCWO,6:56,357,4.2,105,,,
11,RTM,4/7/2026,57,2,1,7:41,7:51,heard,CAWR,5:50,3,6.2,155,,,
11,RTM,4/7/2026,57,2,1,7:41,7:51,heard,BASP,1:23,25,5.0,125,,,
11,RTM,4/7/2026,57,2,1,7:41,7:51,heard,GCFL,0:13,46,6.5,162.5,,,
11,RTM,4/7/2026,57,2,1,7:41,7:51,heard,CAWR,0:39,55,6.6,163.75,,,
11,RTM,4/7/2026,57,2,1,7:41,7:51,heard,CAWR,1:35,122,6.2,155,,,
11,RTM,4/7/2026,57,2,1,7:41,7:51,heard,CACH,2:08,191,2.8,70,,,
11,RTM,4/7/2026,57,2,1,7:41,7:51,heard,CAWR,1:50,231,4.0,100,,,
11,RTM,4/7/2026,57,2,1,7:41,7:51,heard,TUTI,0:01,263,7.0,175,,,
11,RTM,4/7/2026,57,2,1,7:41,7:51,heard,RHWO,0:26,305,6.5,161.25,,,
11,RTM,4/7/2026,57,2,1,7:41,7:51,heard,CAWR,0:01,316,5.7,141.25,,,
11,RTM,4/7/2026,57,2,1,7:41,7:51,heard,WBNU,9:52,348,6.6,165,,,
11,RTM,4/7/2026,57,2,1,7:41,7:51,heard,RHWO,0:25,348,5.5,137.5,,,
12,RTM,4/6/2026,56,2,0,7:48,7:58,heard,TUTI,5:45,4,6.5,161.25,,,
12,RTM,4/6/2026,56,2,0,7:48,7:58,heard,RBWO,1:47,13,5.5,137.5,,,
12,RTM,4/6/2026,56,2,0,7:48,7:58,heard,CAWR,1:29,41,4.2,103.75,,,
12,RTM,4/6/2026,56,2,0,7:48,7:58,heard,BASP,0:01,34,1.7,42.5,,,
12,RTM,4/6/2026,56,2,0,7:48,7:58,heard,GCFL,8:37,45,6.1,152.5,,,
12,RTM,4/6/2026,56,2,0,7:48,7:58,heard,RCWO,0:21,56,5.1,126.25,,,
12,RTM,4/6/2026,56,2,0,7:48,7:58,heard,BHNU,0:20,66,2.9,72.5,,,
12,RTM,4/6/2026,56,2,0,7:48,7:58,heard,RBWO,0:05,89,3.4,85,,,
12,RTM,4/6/2026,56,2,0,7:48,7:58,heard,WBNU,7:08,103,6.3,157.5,,,
12,RTM,4/6/2026,56,2,0,7:48,7:58,heard,WBNU,7:25,137,6.9,171.25,,,
12,RTM,4/6/2026,56,2,0,7:48,7:58,heard,GCFL,3:18,166,5.6,138.75,,,
12,RTM,4/6/2026,56,2,0,7:48,7:58,heard,CAWR,0:55,247,4.5,112.5,,,
12,RTM,4/6/2026,56,2,0,7:48,7:58,heard,CAWR,4:19,300,5.5,137.5,,,
12,RTM,4/6/2026,56,2,0,7:48,7:58,heard,GCFL,0:31,318,3.6,90,,,
12,RTM,4/6/2026,56,2,0,7:48,7:58,heard,CAWR,0:39,356,3.3,82.5,,,
13,RTM,4/6/2026,56,2,0,8:19,8:29,heard,RCWO,7:02,355,4.2,105,,,burned south side and triangle area
13,RTM,4/6/2026,56,2,0,8:19,8:29,heard,NOFL,6:13,17,8.1,201.25,,,
13,RTM,4/6/2026,56,2,0,8:19,8:29,heard,EABL,9:32,68,2.1,51.25,,,
13,RTM,4/6/2026,56,2,0,8:19,8:29,heard,RBWO,0:58,78,4.8,118.75,,,
13,RTM,4/6/2026,56,2,0,8:19,8:29,heard,TUTI,4:01,165,7.4,185,,,
13,RTM,4/6/2026,56,2,0,8:19,8:29,heard,CAWR,8:12,229,5.6,140,,,
13,RTM,4/6/2026,56,2,0,8:19,8:29,heard,RBWO,0:21,277,3.4,83.75,,,
13,RTM,4/6/2026,56,2,0,8:19,8:29,heard,RBWO,9:05,305,9.4,233.75,,,
13,RTM,4/6/2026,56,2,0,8:19,8:29,heard,RHWO,9:32,329,5.5,137.5,,,
13,RTM,4/6/2026,56,2,0,8:19,8:29,heard,BHNU,8:05,342,3.0,75,,,
13,RTM,4/6/2026,56,2,0,8:19,8:29,heard,CAWR,0:11,130,7.4,185,,,
14,RTM,4/6/2026,57,2,0,9:14,9:24,heard,BASP,0:35,3,3.5,87.5,,,"rainy before survey, not burned"
14,RTM,4/6/2026,57,2,0,9:14,9:24,heard,CAWR,0:01,4,7.3,181.25,,,
14,RTM,4/6/2026,57,2,0,9:14,9:24,heard,BHNU,0:19,22,2.2,53.75,,,
14,RTM,4/6/2026,57,2,0,9:14,9:24,heard,RCWO,0:17,26,5.1,127.5,,,
14,RTM,4/6/2026,57,2,0,9:14,9:24,heard,EABL,0:52,54,4.2,105,,,
14,RTM,4/6/2026,57,2,0,9:14,9:24,heard,TUTI,6:27,57,8.5,212.5,,,
14,RTM,4/6/2026,57,2,0,9:14,9:24,heard,RBWO,1:31,60,7.1,177.5,,,
14,RTM,4/6/2026,57,2,0,9:14,9:24,heard,RHWO,3:13,101,5.8,145,,,
14,RTM,4/6/2026,57,2,0,9:14,9:24,heard,BHNU,7:46,119,4.6,115,,,
14,RTM,4/6/2026,57,2,0,9:14,9:24,heard,RBWO,7:28,113,6.3,156.25,,,
14,RTM,4/6/2026,57,2,0,9:14,9:24,heard,BASP,5:48,162,3.3,82.5,,,
14,RTM,4/6/2026,57,2,0,9:14,9:24,heard,RBWO,3:51,205,5.2,128.75,,,
14,RTM,4/6/2026,57,2,0,9:14,9:24,heard,BASP,9:25,238,3.8,93.75,,,
14,RTM,4/6/2026,57,2,0,9:14,9:24,heard,CAWR,0:10,313,7.6,190,,,
29,RTM,7/2/2026,70,0,0,7:25,7:35,heard,RBWO,0:08,223,4.6,115,,,
29,RTM,7/2/2026,70,0,0,7:25,7:35,heard,CAWR,8:42,289,4.2,105,,,
29,RTM,7/2/2026,70,0,0,7:25,7:35,heard,RBWO,1:44,335,5.0,125,,,
29,RTM,7/2/2026,70,0,0,7:25,7:35,heard,RHWO,4:21,310,8.7,217.5,,,catbird
29,RTM,7/2/2026,70,0,0,7:25,7:35,heard,CAWR,2:31,5,3.3,82.5,,,
29,RTM,7/2/2026,70,0,0,7:25,7:35,heard,DOWO,9:34,6,4.0,100,,,
29,RTM,7/2/2026,70,0,0,7:25,7:35,heard,RBWO,5:05,42,5.1,127.5,,,
29,RTM,7/2/2026,70,0,0,7:25,7:35,heard,CAWR,0:05,59,6.3,157.5,,,
29,RTM,7/2/2026,70,0,0,7:25,7:35,heard,RBWO,0:31,132,3.5,87.5,,,
29,RTM,7/2/2026,70,0,0,7:25,7:35,heard,WBNU,6:20,111,4.3,107.5,,,
29,RTM,7/2/2026,70,0,0,7:25,7:35,heard,CAWR,0:03,116,5.3,132.5,,,
20,BB,5/8/2026,71,2,2,9:33,9:43,heard,RHWO,0:45,231,4.5,112.5,y,y,
20,BB,5/8/2026,71,2,2,9:33,9:43,heard,BASP,0:38,269,5.0,125,y,y,
20,BB,5/8/2026,71,2,2,9:33,9:43,heard,CAWR,6:45,270,3.5,87.5,y,n,
20,BB,5/8/2026,71,2,2,9:33,9:43,heard,BASP,0:05,326,3.4,85,y,y,
20,BB,5/8/2026,71,2,2,9:33,9:43,heard,CAWR,6:25,332,4.7,117.5,y,n,
20,BB,5/8/2026,71,2,2,9:33,9:43,heard,RBWO,2:33,358,5.1,127.5,y,y,
20,BB,5/8/2026,71,2,2,9:33,9:43,heard,CAWR,2:10,57,3.5,87.5,y,n,
20,BB,5/8/2026,71,2,2,9:33,9:43,heard,CAWR,4:08,170,1.2,30,y,y,
20,BB,5/8/2026,71,2,2,9:33,9:43,heard,RBWO,3:25,174,2.3,57.5,y,y,
20,BB,5/8/2026,71,2,2,9:33,9:43,heard,TUTI,1:28,150,3.4,85,y,n,
26,RTM,7/2/2026,80,0,1,8:20,8:30,heard,CAWR,0:21,2,6.3,157.5,,,
26,RTM,7/2/2026,80,0,1,8:20,8:30,heard,BASP,3:35,20,3.0,75,,,
26,RTM,7/2/2026,80,0,1,8:20,8:30,heard,RBWO,4:21,59,6.5,162.5,,,
26,RTM,7/2/2026,80,0,1,8:20,8:30,heard,EABL,1:17,96,1.5,37.5,,,
26,RTM,7/2/2026,80,0,1,8:20,8:30,heard,WBNU,0:10,110,2.5,62.5,,,
26,RTM,7/2/2026,80,0,1,8:20,8:30,heard,WBNU,5:34,100,4.7,117.5,,,
26,RTM,7/2/2026,80,0,1,8:20,8:30,visual,RCWO,1:05,141,3.0,75,,,
26,RTM,7/2/2026,80,0,1,8:20,8:30,visual,PIWO,0:40,140,6.8,170,,,
26,RTM,7/2/2026,80,0,1,8:20,8:30,heard,RBWO,5:03,129,8.7,217.5,,,
26,RTM,7/2/2026,80,0,1,8:20,8:30,heard,DOWO,5:24,200,2.7,67.5,,,
26,RTM,7/2/2026,80,0,1,8:20,8:30,heard,RCWO,6:18,182,5.5,137.5,,,
26,RTM,7/2/2026,80,0,1,8:20,8:30,visual,RCWO,7:10,211,3.5,87.5,,,
26,RTM,7/2/2026,80,0,1,8:20,8:30,visual,PIWO,1:12,225,6.5,162.5,,,
26,RTM,7/2/2026,80,0,1,8:20,8:30,heard,BASP,8:01,224,5.4,135,,,
26,RTM,7/2/2026,80,0,1,8:20,8:30,heard,RHWO,1:16,236,6.5,162.5,,,
3,RTM,7/6/2026,77,0,0,7:17,7:27,heard,GCFL,1:00,42,6.1,152.5,,,
3,RTM,7/6/2026,77,0,0,7:17,7:27,heard,BASP,1:19,86,4.4,110,,,
3,RTM,7/6/2026,77,0,0,7:17,7:27,heard,EABL,6:27,102,3.0,75,,,
3,RTM,7/6/2026,77,0,0,7:17,7:27,heard,RBWO,3:53,111,4.9,122.5,,,
3,RTM,7/6/2026,77,0,0,7:17,7:27,heard,RCWO,4:39,121,4.8,120,,,
3,RTM,7/6/2026,77,0,0,7:17,7:27,heard,DOWO,9:51,135,4.6,115,,,
3,RTM,7/6/2026,77,0,0,7:17,7:27,heard,CACH,5:10,135,6.9,172.5,,,
3,RTM,7/6/2026,77,0,0,7:17,7:27,heard,CAWR,5:09,144,7.0,175,,,
3,RTM,7/6/2026,77,0,0,7:17,7:27,heard,RBWO,2:49,158,8.9,222.5,,,
3,RTM,7/6/2026,77,0,0,7:17,7:27,heard,TUTI,0:01,135,5.6,140,,,
3,RTM,7/6/2026,77,0,0,7:17,7:27,heard,WBNU,1:23,256,6.5,162.5,,,
28,RTM,5/19/2026,74,1,0,9:14,9:24,heard,RHWO,0:53,344,3.2,80,,,burned a few days before
28,RTM,5/19/2026,74,1,0,9:14,9:24,visual,DOWO,0:01,328,1.3,32.5,,,
28,RTM,5/19/2026,74,1,0,9:14,9:24,visual,RHWO,6:38,300,1.6,40,,,
28,RTM,5/19/2026,74,1,0,9:14,9:24,heard,CAWR,2:30,75,3.5,87.5,,,
28,RTM,5/19/2026,74,1,0,9:14,9:24,heard,GCFL,0:24,73,4.2,105,,,
28,RTM,5/19/2026,74,1,0,9:14,9:24,heard,DOWO,1:02,86,2.5,62.5,,,
28,RTM,5/19/2026,74,1,0,9:14,9:24,heard,RCWO,0:17,101,3.0,75,,,
28,RTM,5/19/2026,74,1,0,9:14,9:24,heard,BHNU,1:38,95,3.5,87.5,,,
28,RTM,5/19/2026,74,1,0,9:14,9:24,heard,WBNU,0:23,160,3.5,87.5,,,
28,RTM,5/19/2026,74,1,0,9:14,9:24,heard,RBWO,4:06,145,6.6,165,,,
28,RTM,5/19/2026,74,1,0,9:14,9:24,heard,CAWR,2:19,240,4.2,105,,,
28,RTM,5/19/2026,74,1,0,9:14,9:24,heard,RHWO,0:03,220,3.7,92.5,,,
28,RTM,5/19/2026,74,1,0,9:14,9:24,heard,GCFL,7:49,245,5.0,125,,,
28,RTM,5/19/2026,74,1,0,9:14,9:24,heard,TUTI,4:34,230,5.6,140,,,
30,RTM,5/19/2026,74,0,0,8:44,8:54,heard,TUTI,1:06,325,7.0,175,,,brown thrasher east of rob
30,RTM,5/19/2026,74,0,0,8:44,8:54,heard,TUTI,1:05,9,6.8,170,,,
30,RTM,5/19/2026,74,0,0,8:44,8:54,heard,RHWO,0:06,311,4.2,105,,,
30,RTM,5/19/2026,74,0,0,8:44,8:54,heard,CAWR,0:06,311,2.2,55,,,
30,RTM,5/19/2026,74,0,0,8:44,8:54,heard,BHNU,3:54,100,0.6,15,,,
30,RTM,5/19/2026,74,0,0,8:44,8:54,heard,BHNU,2:55,199,0.9,22.5,,,
30,RTM,5/19/2026,74,0,0,8:44,8:54,heard,RBWO,1:13,46,3.5,87.5,,,
30,RTM,5/19/2026,74,0,0,8:44,8:54,heard,RHWO,1:36,115,5.6,140,,,
30,RTM,5/19/2026,74,0,0,8:44,8:54,heard,CAWR,3:55,191,2.5,62.5,,,
30,RTM,5/19/2026,74,0,0,8:44,8:54,visual,WBNU,6:05,254,3.3,82.5,,,saw two
30,RTM,5/19/2026,74,0,0,8:44,8:54,visual,WBNU,6:05,254,3.3,82.5,,,
30,RTM,5/19/2026,74,0,0,8:44,8:54,heard,WBNU,0:21,262,2.7,67.5,,,
30,RTM,5/19/2026,74,0,0,8:44,8:54,heard,BHNU,0:25,240,7.5,187.5,,,
30,RTM,5/19/2026,74,0,0,8:44,8:54,heard,RCWO,0:20,290,1.7,42.5,,,
30,RTM,5/19/2026,74,0,0,8:44,8:54,heard,GCFL,3:43,285,7.1,177.5,,,
32,RTM,5/19/2026,71,0,0,7:57,8:07,heard,RBWO,0:05,341,4.9,122.5,,,
32,RTM,5/19/2026,71,0,0,7:57,8:07,heard,BHNU,3:24,329,1.5,37.5,,,
32,RTM,5/19/2026,71,0,0,7:57,8:07,heard,GCFL,0:42,42,7.0,175,,,
32,RTM,5/19/2026,71,0,0,7:57,8:07,heard,GCFL,8:25,280,7.6,190,,,
32,RTM,5/19/2026,71,0,0,7:57,8:07,heard,RBWO,0:47,85,2.1,52.5,,,
32,RTM,5/19/2026,71,0,0,7:57,8:07,heard,DOWO,5:39,102,2.1,52.5,,,
32,RTM,5/19/2026,71,0,0,7:57,8:07,heard,WBNU,4:30,105,6.8,170,,,
32,RTM,5/19/2026,71,0,0,7:57,8:07,heard,GCFL,0:13,120,6.0,150,,,
32,RTM,5/19/2026,71,0,0,7:57,8:07,heard,CAWR,7:01,125,7.0,175,,,
32,RTM,5/19/2026,71,0,0,7:57,8:07,heard,RBWO,7:56,155,7.5,187.5,,,
32,RTM,5/19/2026,71,0,0,7:57,8:07,heard,RHWO,3:41,169,6.8,170,,,
32,RTM,5/19/2026,71,0,0,7:57,8:07,heard,RHWO,1:15,179,6.3,157.5,,,
32,RTM,5/19/2026,71,0,0,7:57,8:07,heard,CAWR,3:12,209,5.0,125,,,
32,RTM,5/19/2026,71,0,0,7:57,8:07,heard,RBWO,1:52,240,4.5,112.5,,,
32,RTM,5/19/2026,71,0,0,7:57,8:07,heard,GCFL,1:32,223,2.0,50,,,
31,RTM,5/19/2026,72,0,0,8:16,8:26,heard,CAWR,4:05,345,8.2,205,,,NOFLO heard before
31,RTM,5/19/2026,72,0,0,8:16,8:26,heard,GCFL,0:33,335,5.3,132.5,,,
31,RTM,5/19/2026,72,0,0,8:16,8:26,heard,NOFL,2:38,49,9.1,227.5,,,
31,RTM,5/19/2026,72,0,0,8:16,8:26,heard,CAWR,1:20,49,7.2,180,,,
31,RTM,5/19/2026,72,0,0,8:16,8:26,heard,RBWO,0:14,60,6.9,172.5,,,
31,RTM,5/19/2026,72,0,0,8:16,8:26,heard,RHWO,0:23,359,1.5,37.5,,,
31,RTM,5/19/2026,72,0,0,8:16,8:26,visual,RHWO,1:50,282,0.7,17.5,,,
31,RTM,5/19/2026,72,0,0,8:16,8:26,heard,DOWO,6:42,291,2.5,62.5,,,
31,RTM,5/19/2026,72,0,0,8:16,8:26,heard,BHNU,4:41,260,3.8,95,,,
29,RTM,5/19/2026,70,0,0,7:32,7:42,heard,RHWO,1:22,339,6.3,157.5,,,
29,RTM,5/19/2026,70,0,0,7:32,7:42,heard,NOFL,5:22,350,6.0,150,,,
29,RTM,5/19/2026,70,0,0,7:32,7:42,heard,RBWO,2:06,82,5.3,132.5,,,
29,RTM,5/19/2026,70,0,0,7:32,7:42,heard,CAWR,0:08,100,3.6,90,,,
29,RTM,5/19/2026,70,0,0,7:32,7:42,heard,EABL,6:44,166,2.5,62.5,,,
29,RTM,5/19/2026,70,0,0,7:32,7:42,heard,TUTI,3:01,225,2.0,50,,,
29,RTM,5/19/2026,70,0,0,7:32,7:42,heard,BHNU,8:29,223,2.8,70,,,
29,RTM,5/19/2026,70,0,0,7:32,7:42,heard,NOFL,5:19,199,4.2,105,,,
29,RTM,5/19/2026,70,0,0,7:32,7:42,heard,WBNU,3:15,235,5.6,140,,,
29,RTM,5/19/2026,70,0,0,7:32,7:42,heard,RBWO,6:50,245,6.8,170,,,
19,RTM,5/13/2026,65,2,1,7:32,7:42,heard,RBWO,0:08,334,7.4,185,y,y,
19,RTM,5/13/2026,65,2,1,7:32,7:42,heard,PIWO,0:38,10,8.4,210,y,n,
19,RTM,5/13/2026,65,2,1,7:32,7:42,heard,RBWO,0:48,23,7.5,187.5,y,y,
19,RTM,5/13/2026,65,2,1,7:32,7:42,heard,CAWR,0:20,41,7.0,175,y,n,
19,RTM,5/13/2026,65,2,1,7:32,7:42,heard,BHNU,7:16,229,2.3,57.5,y,n,
19,RTM,5/13/2026,65,2,1,7:32,7:42,heard,GCFL,2:10,76,4.8,120,y,y,
19,RTM,5/13/2026,65,2,1,7:32,7:42,heard,GCFL,0:21,80,7.5,187.5,y,n,
19,RTM,5/13/2026,65,2,1,7:32,7:42,heard,RBWO,8:57,160,7.0,175,y,y,heard at 3:15 too
19,RTM,5/13/2026,65,2,1,7:32,7:42,visual,RHWO,7:35,195,2.5,62.5,y,y,
19,RTM,5/13/2026,65,2,1,7:32,7:42,visual,RHWO,6:16,237,3.2,80,y,n,
19,RTM,5/13/2026,65,2,1,7:32,7:42,heard,GCFL,8:30,215,5.0,125,y,n,
19,RTM,5/13/2026,65,2,1,7:32,7:42,heard,CAWR,2:03,257,4.3,107.5,y,y,
19,RTM,5/13/2026,65,2,1,7:32,7:42,heard,RHWO,6:17,235,7.5,187.5,y,n,
17,RTM,5/13/2026,63,2,2,7:56,8:06,heard,RHWO,2:30,320,7.2,180,y,n,
17,RTM,5/13/2026,63,2,2,7:56,8:06,heard,BASP,4:30,45,9.1,227.5,y,y,
17,RTM,5/13/2026,63,2,2,7:56,8:06,heard,CAWR,5:30,51,8.6,215,y,n,
17,RTM,5/13/2026,63,2,2,7:56,8:06,heard,CAWR,0:43,280,7.4,185,y,y,
17,RTM,5/13/2026,63,2,2,7:56,8:06,heard,RBWO,1:45,60,1.6,40,y,y,
17,RTM,5/13/2026,63,2,2,7:56,8:06,heard,BASP,6:20,125,4.6,115,y,y,
17,RTM,5/13/2026,63,2,2,7:56,8:06,heard,BHNU,2:08,145,4.3,107.5,y,y,
17,RTM,5/13/2026,63,2,2,7:56,8:06,heard,CAWR,0:29,165,4.5,112.5,y,y,
17,RTM,5/13/2026,63,2,2,7:56,8:06,heard,GCFL,9:44,102,7.4,185,y,n,
17,RTM,5/13/2026,63,2,2,7:56,8:06,heard,CAWR,7:50,129,8.3,207.5,y,n,
17,RTM,5/13/2026,63,2,2,7:56,8:06,heard,DOWO,2:57,150,7.0,175,y,y,
16,RTM,5/13/2026,64,2,2,8:24,8:34,heard,CAWR,0:49,330,7.1,177.5,y,y,
16,RTM,5/13/2026,64,2,2,8:24,8:34,heard,GCFL,5:41,42,6.6,165,y,n,
16,RTM,5/13/2026,64,2,2,8:24,8:34,heard,BASP,4:11,31,4.9,122.5,y,y,
16,RTM,5/13/2026,64,2,2,8:24,8:34,heard,RHWO,1:21,43,4.2,105,y,y,
16,RTM,5/13/2026,64,2,2,8:24,8:34,heard,RHWO,4:35,20,2.5,62.5,y,y,
16,RTM,5/13/2026,64,2,2,8:24,8:34,heard,TUTI,0:28,255,5.6,140,y,n,
16,RTM,5/13/2026,64,2,2,8:24,8:34,heard,CAWR,6:31,235,2.8,70,y,n,
16,RTM,5/13/2026,64,2,2,8:24,8:34,heard,PIWO,8:57,230,7.7,192.5,y,y,
16,RTM,5/13/2026,64,2,2,8:24,8:34,heard,TUTI,0:30,200,7.0,175,y,n,
21,RTM,5/13/2026,65,2,2,8:54,9:04,heard,BASP,6:10,355,7.5,187.5,y,n,
21,RTM,5/13/2026,65,2,2,8:54,9:04,heard,CAWR,3:31,335,4.4,110,y,y,
21,RTM,5/13/2026,65,2,2,8:54,9:04,heard,TUTI,0:24,16,4.5,112.5,y,y,
21,RTM,5/13/2026,65,2,2,8:54,9:04,heard,RBWO,3:29,24,6.9,172.5,y,y,
21,RTM,5/13/2026,65,2,2,8:54,9:04,heard,CACH,2:21,46,4.3,107.5,y,n,
21,RTM,5/13/2026,65,2,2,8:54,9:04,heard,CAWR,0:20,59,4.5,112.5,y,y,
21,RTM,5/13/2026,65,2,2,8:54,9:04,heard,GCFL,1:21,61,4.0,100,y,y,
21,RTM,5/13/2026,65,2,2,8:54,9:04,heard,BASP,1:53,115,4.4,110,y,n,
21,RTM,5/13/2026,65,2,2,8:54,9:04,heard,RHWO,0:01,40,2.5,62.5,y,n,
21,RTM,5/13/2026,65,2,2,8:54,9:04,heard,BASP,2:21,72,7.0,175,y,n,
21,RTM,5/13/2026,65,2,2,8:54,9:04,heard,GCFL,0:25,99,5.0,125,y,n,
21,RTM,5/13/2026,65,2,2,8:54,9:04,heard,DOWO,7:26,310,3.0,75,y,y,
21,RTM,5/13/2026,65,2,2,8:54,9:04,heard,RBWO,3:07,229,1.8,45,y,y,
21,RTM,5/13/2026,65,2,2,8:54,9:04,heard,GCFL,4:02,255,6.5,162.5,y,y,
21,RTM,5/13/2026,65,2,2,8:54,9:04,heard,RHWO,6:50,178,5.3,132.5,y,y,
21,RTM,5/13/2026,65,2,2,8:54,9:04,heard,RBWO,7:16,165,6.0,150,y,n,
21,RTM,5/13/2026,65,2,2,8:54,9:04,heard,TUTI,4:36,175,7.5,187.5,y,y,
21,RTM,5/13/2026,65,2,2,8:54,9:04,heard,RHWO,3:55,150,6.6,165,y,y,
11,RTM,5/7/2026,73,2,1,7:59,8:09,heard,RHWO,2:34,350,6.2,155,y,y,
11,RTM,5/7/2026,73,2,1,7:59,8:09,heard,CACH,1:02,8,5.3,132.5,y,n,
11,RTM,5/7/2026,73,2,1,7:59,8:09,heard,CAWR,5:37,27,4.7,117.5,y,y,
11,RTM,5/7/2026,73,2,1,7:59,8:09,heard,BASP,0:05,38,3.8,95,y,y,
11,RTM,5/7/2026,73,2,1,7:59,8:09,heard,CAWR,0:10,65,6.8,170,y,y,
11,RTM,5/7/2026,73,2,1,7:59,8:09,heard,TUTI,4:37,315,5.9,147.5,y,n,
11,RTM,5/7/2026,73,2,1,7:59,8:09,heard,GCFL,0:50,293,4.6,115,y,y,
11,RTM,5/7/2026,73,2,1,7:59,8:09,heard,CAWR,3:34,255,5.5,137.5,y,y,
11,RTM,5/7/2026,73,2,1,7:59,8:09,heard,BASP,9:21,242,4.6,115,y,n,
11,RTM,5/7/2026,73,2,1,7:59,8:09,visual,NOFL,7:50,172,3.1,77.5,y,n,
11,RTM,5/7/2026,73,2,1,7:59,8:09,heard,RBWO,3:50,140,3.6,90,y,y,
11,RTM,5/7/2026,73,2,1,7:59,8:09,heard,TUTI,0:49,129,7.4,185,y,n,
1,RTM,5/6/2026,77,1,2,10:17,10:27,heard,RBWO,4:43,5,5.7,142.5,y,y,
1,RTM,5/6/2026,77,1,2,10:17,10:27,heard,RHWO,6:25,16,6.8,170,y,y,
1,RTM,5/6/2026,77,1,2,10:17,10:27,heard,CAWR,8:34,64,3.6,90,y,y,
1,RTM,5/6/2026,77,1,2,10:17,10:27,heard,TUTI,8:17,82,5.7,142.5,y,y,
2,RTM,5/6/2026,74,1,2,9:43,9:53,heard,TUTI,0:39,1,7.2,180,y,y,
2,RTM,5/6/2026,74,1,2,9:43,9:53,heard,BASP,0:03,12,6.8,170,y,y,
2,RTM,5/6/2026,74,1,2,9:43,9:53,heard,BASP,0:01,34,2.8,70,y,y,
2,RTM,5/6/2026,74,1,2,9:43,9:53,heard,TUTI,0:02,58,4.7,117.5,y,y,
2,RTM,5/6/2026,74,1,2,9:43,9:53,heard,EABL,2:25,80,5.4,135,y,n,
2,RTM,5/6/2026,74,1,2,9:43,9:53,heard,BASP,3:20,130,2.9,72.5,y,y,
2,RTM,5/6/2026,74,1,2,9:43,9:53,heard,BASP,0:02,305,4.8,120,y,n,
2,RTM,5/6/2026,74,1,2,9:43,9:53,heard,EABL,0:27,291,4.9,122.5,y,n,
2,RTM,5/6/2026,74,1,2,9:43,9:53,heard,BASP,1:25,202,4.2,105,y,y,
2,RTM,5/6/2026,74,1,2,9:43,9:53,heard,GCFL,4:59,231,5.6,140,y,n,
2,RTM,5/6/2026,74,1,2,9:43,9:53,heard,RHWO,1:00,219,7.6,190,y,n,
3,RTM,5/6/2026,73,1,1,9:16,9:26,heard,WBNU,2:40,315,7.8,195,y,y,
3,RTM,5/6/2026,73,1,1,9:16,9:26,heard,DOWO,5:04,304,6.4,160,y,y,
3,RTM,5/6/2026,73,1,1,9:16,9:26,heard,GCFL,9:36,344,5.9,147.5,y,n,
3,RTM,5/6/2026,73,1,1,9:16,9:26,heard,DOWO,4:59,16,7.2,180,y,n,
3,RTM,5/6/2026,73,1,1,9:16,9:26,heard,TUTI,0:01,20,8.4,210,y,y,
3,RTM,5/6/2026,73,1,1,9:16,9:26,heard,RBWO,6:31,68,7.0,175,y,y,first heard at 1:42 off plot
3,RTM,5/6/2026,73,1,1,9:16,9:26,heard,CAWR,0:10,49,8.8,220,y,n,
3,RTM,5/6/2026,73,1,1,9:16,9:26,heard,WBNU,1:26,72,8.3,207.5,y,n,
3,RTM,5/6/2026,73,1,1,9:16,9:26,heard,BHNU,1:03,103,3.6,90,y,y,
3,RTM,5/6/2026,73,1,1,9:16,9:26,heard,CAWR,3:09,104,8.6,215,y,y,
3,RTM,5/6/2026,73,1,1,9:16,9:26,heard,PIWO,3:31,131,10.3,257.5,y,n,
3,RTM,5/6/2026,73,1,1,9:16,9:26,heard,RBWO,9:41,120,6.7,167.5,y,y,first heard at 1:21 off plot
3,RTM,5/6/2026,73,1,1,9:16,9:26,heard,GCFL,9:06,140,6.6,165,y,n,
3,RTM,5/6/2026,73,1,1,9:16,9:26,heard,CACH,0:50,137,3.3,82.5,y,y,
3,RTM,5/6/2026,73,1,1,9:16,9:26,heard,CACH,3:51,120,3.7,92.5,y,n,
3,RTM,5/6/2026,73,1,1,9:16,9:26,heard,TUTI,2:10,272,7.7,192.5,y,y,
5,RTM,5/6/2026,72,1,1,8:42,8:52,heard,WBNU,3:50,315,10.0,250,y,n,
5,RTM,5/6/2026,72,1,1,8:42,8:52,heard,GCFL,3:30,310,6.3,157.5,y,n,
5,RTM,5/6/2026,72,1,1,8:42,8:52,heard,BASP,0:01,300,5.1,127.5,y,y,
5,RTM,5/6/2026,72,1,1,8:42,8:52,heard,EABL,0:05,314,4.6,115,y,y,
5,RTM,5/6/2026,72,1,1,8:42,8:52,heard,RHWO,1:35,315,1.6,40,y,y,
5,RTM,5/6/2026,72,1,1,8:42,8:52,visual,PIWO,9:30,340,3.9,97.5,y,y,
5,RTM,5/6/2026,72,1,1,8:42,8:52,heard,GCFL,0:35,336,4.8,120,y,y,
5,RTM,5/6/2026,72,1,1,8:42,8:52,heard,BASP,3:03,20,2.1,52.5,y,y,
5,RTM,5/6/2026,72,1,1,8:42,8:52,heard,GCFL,0:11,70,2.6,65,y,n,
5,RTM,5/6/2026,72,1,1,8:42,8:52,heard,RCWO,0:31,62,4.2,105,y,y,
5,RTM,5/6/2026,72,1,1,8:42,8:52,heard,RBWO,1:40,34,5.0,125,y,y,
5,RTM,5/6/2026,72,1,1,8:42,8:52,heard,BASP,0:50,109,3.8,95,y,y,
5,RTM,5/6/2026,72,1,1,8:42,8:52,heard,TUTI,7:13,151,1.5,37.5,y,n,
5,RTM,5/6/2026,72,1,1,8:42,8:52,heard,RHWO,1:24,178,2.8,70,y,y,
5,RTM,5/6/2026,72,1,1,8:42,8:52,heard,RBWO,2:31,240,6.2,155,y,n,
22,BB,5/8/2026,70,2,2,8:41,8:51,heard,EABL,3:00,350,6.0,150,y,n,
22,BB,5/8/2026,70,2,2,8:41,8:51,heard,RHWO,0:10,12,4.6,115,y,y,
22,BB,5/8/2026,70,2,2,8:41,8:51,heard,BASP,1:45,310,5.3,132.5,y,y,
22,BB,5/8/2026,70,2,2,8:41,8:51,heard,RHWO,0:27,53,5.4,135,y,y,
22,BB,5/8/2026,70,2,2,8:41,8:51,heard,RHWO,8:50,56,7.0,175,y,y,
22,BB,5/8/2026,70,2,2,8:41,8:51,heard,BASP,0:47,78,4.0,100,y,y,
22,BB,5/8/2026,70,2,2,8:41,8:51,heard,GCFL,1:28,119,4.2,105,y,n,
22,BB,5/8/2026,70,2,2,8:41,8:51,heard,RBWO,2:15,141,4.0,100,y,n,
22,BB,5/8/2026,70,2,2,8:41,8:51,heard,RHWO,2:55,108,6.0,150,y,y,
21,RTM,7/14/2026,75,2,1,8:22,8:32,heard,TUTI,0:44,346,6.0,150,,,
21,RTM,7/14/2026,75,2,1,8:22,8:32,heard,RBWO,1:52,320,6.2,155,,,
21,RTM,7/14/2026,75,2,1,8:22,8:32,heard,CAWR,0:14,307,4.4,110,,,
21,RTM,7/14/2026,75,2,1,8:22,8:32,heard,CAWR,2:26,64,4.3,107.5,,,
21,RTM,7/14/2026,75,2,1,8:22,8:32,heard,PIWO,4:30,296,10.0,250,,,
21,RTM,7/14/2026,75,2,1,8:22,8:32,heard,RHWO,8:58,268,6.1,152.5,,,
21,RTM,7/14/2026,75,2,1,8:22,8:32,heard,RBWO,0:55,130,4.9,122.5,,,
20,RTM,7/14/2026,75,2,1,8:43,8:53,heard,TUTI,8:35,336,7.5,187.5,,,
20,RTM,7/14/2026,75,2,1,8:43,8:53,heard,BASP,0:30,46,2.8,70,,,
20,RTM,7/14/2026,75,2,1,8:43,8:53,heard,BASP,3:32,111,4.2,105,,,
20,RTM,7/14/2026,75,2,1,8:43,8:53,heard,RHWO,1:41,179,6.8,170,,,
20,RTM,7/14/2026,75,2,1,8:43,8:53,heard,TUTI,4:53,195,6.2,155,,,
20,RTM,7/14/2026,75,2,1,8:43,8:53,heard,CAWR,4:51,209,4.6,115,,,
20,RTM,7/14/2026,75,2,1,8:43,8:53,heard,WBNU,8:59,212,6.0,150,,,
20,RTM,7/14/2026,75,2,1,8:43,8:53,heard,WBNU,9:47,260,7.2,180,,,
20,RTM,7/14/2026,75,2,1,8:43,8:53,heard,RHWO,5:34,270,6.2,155,,,
19,RTM,7/14/2026,74,2,1,7:42,7:52,heard,RHWO,0:02,329,1.1,27.5,,,
19,RTM,7/14/2026,74,2,1,7:42,7:52,heard,RHWO,0:07,315,0.9,22.5,,,
19,RTM,7/14/2026,74,2,1,7:42,7:52,heard,CAWR,1:44,50,4.4,110,,,
19,RTM,7/14/2026,74,2,1,7:42,7:52,heard,RHWO,0:32,270,4.3,107.5,,,
19,RTM,7/14/2026,74,2,1,7:42,7:52,heard,BASP,2:19,231,4.9,122.5,,,
19,RTM,7/14/2026,74,2,1,7:42,7:52,heard,WBNU,4:47,19,7.5,187.5,,,
19,RTM,7/14/2026,74,2,1,7:42,7:52,heard,RBWO,1:51,351,7.6,190,,,
19,RTM,7/14/2026,74,2,1,7:42,7:52,heard,CAWR,0:40,321,7.6,190,,,
19,RTM,7/14/2026,74,2,1,7:42,7:52,heard,PIWO,9:30,76,8.5,212.5,,,
17,RTM,7/14/2026,74,2,1,8:01,8:11,heard,BHNU,6:51,305,2.3,57.5,,,
17,RTM,7/14/2026,74,2,1,8:01,8:11,heard,BASP,4:21,35,5.0,125,,,
17,RTM,7/14/2026,74,2,1,8:01,8:11,heard,CAWR,0:01,325,4.4,110,,,
17,RTM,7/14/2026,74,2,1,8:01,8:11,heard,CAWR,0:42,218,5.5,137.5,,,
17,RTM,7/14/2026,74,2,1,8:01,8:11,heard,RHWO,7:40,134,5.7,142.5,,,
17,RTM,7/14/2026,74,2,1,8:01,8:11,heard,RHWO,4:12,119,7.5,187.5,,,
17,RTM,7/14/2026,74,2,1,8:01,8:11,heard,RBWO,1:39,350,6.1,152.5,,,
17,RTM,7/14/2026,74,2,1,8:01,8:11,heard,RHWO,3:28,332,6.6,165,,,heard two
17,RTM,7/14/2026,74,2,1,8:01,8:11,heard,RHWO,3:28,332,6.6,165,,,
7,RTM,5/6/2026,61,1,0,8:13,8:23,heard,BHNU,8:04,345,1.5,37.5,y,y,
7,RTM,5/6/2026,61,1,0,8:13,8:23,heard,BHNU,0:01,262,2.1,52.5,y,y,
7,RTM,5/6/2026,61,1,0,8:13,8:23,heard,BASP,0:04,294,3.2,80,y,y,
7,RTM,5/6/2026,61,1,0,8:13,8:23,heard,EABL,4:20,1,3.3,82.5,y,y,
7,RTM,5/6/2026,61,1,0,8:13,8:23,heard,RHWO,4:01,10,3.5,87.5,y,y,
7,RTM,5/6/2026,61,1,0,8:13,8:23,heard,WBNU,0:55,69,3.4,85,y,y,
7,RTM,5/6/2026,61,1,0,8:13,8:23,heard,BASP,1:20,231,3.6,90,y,y,
7,RTM,5/6/2026,61,1,0,8:13,8:23,heard,BASP,6:25,32,5.8,145,y,y,
7,RTM,5/6/2026,61,1,0,8:13,8:23,heard,GCFL,7:25,64,5.5,137.5,y,y,
7,RTM,5/6/2026,61,1,0,8:13,8:23,heard,RCWO,0:02,76,4.4,110,y,y,
7,RTM,5/6/2026,61,1,0,8:13,8:23,heard,RHWO,5:35,230,4.2,105,y,n,
7,RTM,5/6/2026,61,1,0,8:13,8:23,heard,RHWO,2:30,280,5.6,140,y,n,
7,RTM,5/6/2026,61,1,0,8:13,8:23,heard,RHWO,6:06,305,5.7,142.5,y,y,
7,RTM,5/6/2026,61,1,0,8:13,8:23,heard,RHWO,8:45,139,7.4,185,y,y,
7,RTM,5/6/2026,61,1,0,8:13,8:23,heard,TUTI,4:55,215,7.0,175,y,n,first heard at 3:45 off plot
7,RTM,5/6/2026,61,1,0,8:13,8:23,heard,GCFL,1:20,224,6.6,165,y,n,
7,RTM,5/6/2026,61,1,0,8:13,8:23,heard,GCFL,5:15,270,8.5,212.5,y,n,
7,RTM,5/6/2026,61,1,0,8:13,8:23,heard,NOFL,2:11,331,8.4,210,y,n,
6,RTM,5/6/2026,67,2,0,7:45,7:55,heard,BHNU,2:01,185,1.2,30,y,y,
6,RTM,5/6/2026,67,2,0,7:45,7:55,heard,EABL,5:39,344,2.4,60,y,y,
6,RTM,5/6/2026,67,2,0,7:45,7:55,heard,GCFL,0:02,42,3.7,92.5,y,y,
6,RTM,5/6/2026,67,2,0,7:45,7:55,heard,RCWO,0:31,58,5.4,135,y,y,
6,RTM,5/6/2026,67,2,0,7:45,7:55,heard,BASP,1:04,130,5.4,135,y,y,
6,RTM,5/6/2026,67,2,0,7:45,7:55,heard,RBWO,0:17,186,4.9,122.5,y,y,
6,RTM,5/6/2026,67,2,0,7:45,7:55,heard,BASP,2:55,200,4.3,107.5,y,y,
6,RTM,5/6/2026,67,2,0,7:45,7:55,heard,CAWR,7:12,213,4.8,120,y,n,
6,RTM,5/6/2026,67,2,0,7:45,7:55,heard,TUTI,3:15,225,5.6,140,y,n,
6,RTM,5/6/2026,67,2,0,7:45,7:55,heard,RHWO,7:45,42,6.7,167.5,y,y,
6,RTM,5/6/2026,67,2,0,7:45,7:55,heard,RHWO,6:50,55,7.7,192.5,y,y,
6,RTM,5/6/2026,67,2,0,7:45,7:55,heard,GCFL,3:37,211,6.7,167.5,y,y,
6,RTM,5/6/2026,67,2,0,7:45,7:55,heard,NOFL,7:22,240,8.9,222.5,y,y,
6,RTM,5/6/2026,67,2,0,7:45,7:55,heard,RHWO,4:36,225,10.0,250,y,y,
15,BB,5/8/2026,70,2,2,7:31,7:41,heard,BASP,4:15,335,4.3,107.5,y,y,
15,BB,5/8/2026,70,2,2,7:31,7:41,heard,RHWO,4:38,24,4.9,122.5,y,y,
15,BB,5/8/2026,70,2,2,7:31,7:41,heard,RBWO,5:20,99,5.5,137.5,y,y,
15,BB,5/8/2026,70,2,2,7:31,7:41,heard,RHWO,3:46,131,4.2,105,y,y,
15,BB,5/8/2026,70,2,2,7:31,7:41,heard,GCFL,6:57,155,4.6,115,y,n,
15,BB,5/8/2026,70,2,2,7:31,7:41,heard,BASP,9:45,232,4.4,110,y,n,
15,BB,5/8/2026,70,2,2,7:31,7:41,heard,CAWR,1:25,125,6.1,152.5,y,n,
15,BB,5/8/2026,70,2,2,7:31,7:41,heard,RHWO,1:06,179,6.1,152.5,y,y,
15,BB,5/8/2026,70,2,2,7:31,7:41,heard,GCFL,5:09,290,7.4,185,y,y,
18,BB,5/8/2026,71,2,2,8:11,8:21,heard,TUTI,4:35,20,3.7,92.5,y,y,
18,BB,5/8/2026,71,2,2,8:11,8:21,heard,RHWO,0:40,42,3.5,87.5,y,y,
18,BB,5/8/2026,71,2,2,8:11,8:21,heard,BASP,0:08,120,2.7,67.5,y,y,
18,BB,5/8/2026,71,2,2,8:11,8:21,heard,GCFL,2:41,198,2.6,65,y,y,
18,BB,5/8/2026,71,2,2,8:11,8:21,heard,EABL,7:02,249,3.4,85,y,n,
18,BB,5/8/2026,71,2,2,8:11,8:21,heard,BASP,1:25,305,2.7,67.5,y,y,
18,BB,5/8/2026,71,2,2,8:11,8:21,heard,EABL,5:12,331,2.5,62.5,y,y,
18,BB,5/8/2026,71,2,2,8:11,8:21,heard,GCFL,0:19,86,4.8,120,y,y,
18,BB,5/8/2026,71,2,2,8:11,8:21,heard,TUTI,2:12,115,4.5,112.5,y,y,
18,BB,5/8/2026,71,2,2,8:11,8:21,heard,CAWR,9:58,144,4.1,102.5,y,y,
18,BB,5/8/2026,71,2,2,8:11,8:21,heard,RHWO,0:57,196,4.7,117.5,y,y,
18,BB,5/8/2026,71,2,2,8:11,8:21,heard,TUTI,2:55,240,4.9,122.5,y,n,
18,BB,5/8/2026,71,2,2,8:11,8:21,heard,DOWO,3:12,270,4.1,102.5,y,y,
18,BB,5/8/2026,71,2,2,8:11,8:21,heard,RBWO,1:56,86,6.3,157.5,y,y,
23,BB,5/8/2026,71,2,1,9:07,9:17,heard,CAWR,0:13,359,3.6,90,y,y,
23,BB,5/8/2026,71,2,1,9:07,9:17,heard,RBWO,0:01,39,2.2,55,y,y,
23,BB,5/8/2026,71,2,1,9:07,9:17,heard,WBNU,8:04,90,2.0,50,y,y,
23,BB,5/8/2026,71,2,1,9:07,9:17,heard,RHWO,5:03,61,4.5,112.5,y,n,
23,BB,5/8/2026,71,2,1,9:07,9:17,heard,RBWO,7:34,96,5.0,125,y,y,
23,BB,5/8/2026,71,2,1,9:07,9:17,heard,TUTI,1:26,121,5.2,130,y,y,
23,BB,5/8/2026,71,2,1,9:07,9:17,heard,RBWO,1:18,230,4.5,112.5,y,n,
23,BB,5/8/2026,71,2,1,9:07,9:17,heard,GCFL,8:20,262,4.3,107.5,y,y,
23,BB,5/8/2026,71,2,1,9:07,9:17,heard,RHWO,5:40,334,6.4,160,y,n,
4,RTM,5/6/2026,67,2,1,7:22,7:32,heard,BHNU,2:55,320,3.4,85,y,n,
4,RTM,5/6/2026,67,2,1,7:22,7:32,heard,RHWO,0:36,339,4.5,112.5,y,y,
4,RTM,5/6/2026,67,2,1,7:22,7:32,heard,GCFL,0:53,80,4.3,107.5,y,y,
4,RTM,5/6/2026,67,2,1,7:22,7:32,heard,RBWO,0:37,104,4.1,102.5,y,y,
4,RTM,5/6/2026,67,2,1,7:22,7:32,heard,WBNU,0:05,119,4.7,117.5,y,y,
4,RTM,5/6/2026,67,2,1,7:22,7:32,heard,RHWO,1:14,141,5.5,137.5,y,y,
4,RTM,5/6/2026,67,2,1,7:22,7:32,heard,BASP,1:00,180,5.5,137.5,y,n,
4,RTM,5/6/2026,67,2,1,7:22,7:32,heard,BASP,1:09,330,6.6,165,y,y,
4,RTM,5/6/2026,67,2,1,7:22,7:32,heard,BASP,0:10,49,6.7,167.5,y,y,
4,RTM,5/6/2026,67,2,1,7:22,7:32,heard,TUTI,1:36,90,6.8,170,y,y,
4,RTM,5/6/2026,67,2,1,7:22,7:32,heard,GCFL,3:58,99,6.0,150,y,n,
4,RTM,5/6/2026,67,2,1,7:22,7:32,heard,GCFL,4:23,195,6.7,167.5,y,n,
4,RTM,5/6/2026,67,2,1,7:22,7:32,heard,CAWR,0:19,254,6.2,155,y,n,
4,RTM,5/6/2026,67,2,1,7:22,7:32,heard,GCFL,2:43,275,6.7,167.5,y,y,
4,RTM,5/6/2026,67,2,1,7:22,7:32,heard,RBWO,9:58,25,8.3,207.5,y,n,
4,RTM,5/6/2026,67,2,1,7:22,7:32,heard,PIWO,5:43,215,9.3,232.5,y,n,
27,RTM,7/9/2026,84,0,0,9:00,9:10,heard,BASP,2:39,10,7.0,175,,,
27,RTM,7/9/2026,84,0,0,9:00,9:10,heard,CAWR,0:04,25,5.3,132.5,,,
27,RTM,7/9/2026,84,0,0,9:00,9:10,heard,CAWR,9:35,55,8.1,202.5,,,
27,RTM,7/9/2026,84,0,0,9:00,9:10,heard,DOWO,2:58,330,1.4,35,,,
27,RTM,7/9/2026,84,0,0,9:00,9:10,heard,GCFL,7:12,219,4.9,122.5,,,
27,RTM,7/9/2026,84,0,0,9:00,9:10,heard,RBWO,2:59,204,6.4,160,,,
32,RTM,7/9/2026,74,0,0,7:25,7:35,heard,RHWO,2:40,328,7.6,190,,,
32,RTM,7/9/2026,74,0,0,7:25,7:35,visual,RHWO,9:29,20,3.8,95,,,
32,RTM,7/9/2026,74,0,0,7:25,7:35,heard,RHWO,0:03,42,5.6,140,,,
32,RTM,7/9/2026,74,0,0,7:25,7:35,heard,CAWR,4:42,85,6.1,152.5,,,
32,RTM,7/9/2026,74,0,0,7:25,7:35,heard,RHWO,2:11,158,6.7,167.5,,,
32,RTM,7/9/2026,74,0,0,7:25,7:35,heard,CAWR,8:25,210,7.7,192.5,,,
32,RTM,7/9/2026,74,0,0,7:25,7:35,heard,GCFL,5:34,244,6.6,165,,,
32,RTM,7/9/2026,74,0,0,7:25,7:35,visual,RHWO,7:27,257,4.4,110,,,
32,RTM,7/9/2026,74,0,0,7:25,7:35,heard,BHNU,6:00,282,2.2,55,,,
32,RTM,7/9/2026,74,0,0,7:25,7:35,heard,DOWO,1:02,284,1.5,37.5,,,
32,RTM,7/9/2026,74,0,0,7:25,7:35,heard,RHWO,1:00,311,1.3,32.5,,,
31,RTM,7/9/2026,76,0,0,7:45,7:55,visual,RCWO,5:30,325,3.4,85,,,
31,RTM,7/9/2026,76,0,0,7:45,7:55,heard,CAWR,3:01,344,4.2,105,,,
31,RTM,7/9/2026,76,0,0,7:45,7:55,heard,WBNU,0:44,9,4.3,107.5,,,
31,RTM,7/9/2026,76,0,0,7:45,7:55,visual,RHWO,7:24,25,4.7,117.5,,,
31,RTM,7/9/2026,76,0,0,7:45,7:55,heard,RHWO,4:28,24,7.4,185,,,first heard off plot at 0:02
31,RTM,7/9/2026,76,0,0,7:45,7:55,heard,RHWO,9:57,202,3.0,75,,,
31,RTM,7/9/2026,76,0,0,7:45,7:55,heard,BHNU,5:41,252,3.8,95,,,two
31,RTM,7/9/2026,76,0,0,7:45,7:55,heard,BHNU,5:41,252,3.8,95,,,
31,RTM,7/9/2026,76,0,0,7:45,7:55,heard,CAWR,2:20,262,5.7,142.5,,,
31,RTM,7/9/2026,76,0,0,7:45,7:55,heard,RHWO,1:30,89,8.4,210,,,
31,RTM,7/9/2026,76,0,0,7:45,7:55,heard,RHWO,0:05,65,8.2,205,,,
30,RTM,7/9/2026,78,0,0,8:06,8:16,heard,RHWO,8:59,300,6.2,155,,,
30,RTM,7/9/2026,78,0,0,8:06,8:16,heard,WBNU,0:42,311,3.0,75,,,
30,RTM,7/9/2026,78,0,0,8:06,8:16,heard,BHNU,6:43,71,3.0,75,,,
30,RTM,7/9/2026,78,0,0,8:06,8:16,heard,CAWR,0:18,112,2.8,70,,,
30,RTM,7/9/2026,78,0,0,8:06,8:16,heard,RBWO,0:10,136,5.7,142.5,,,
30,RTM,7/9/2026,78,0,0,8:06,8:16,visual,RHWO,9:59,219,3.8,95,,,
30,RTM,7/9/2026,78,0,0,8:06,8:16,heard,CAWR,8:04,212,7.1,177.5,,,
30,RTM,7/9/2026,78,0,0,8:06,8:16,visual,RHWO,7:43,250,2.6,65,,,
28,RTM,7/9/2026,79,0,0,8:29,8:39,heard,RHWO,1:08,345,6.7,167.5,,,
28,RTM,7/9/2026,79,0,0,8:29,8:39,heard,CAWR,0:18,322,2.6,65,,,
28,RTM,7/9/2026,79,0,0,8:29,8:39,heard,BHNU,0:10,90,2.6,65,,,
28,RTM,7/9/2026,79,0,0,8:29,8:39,heard,BASP,5:58,128,4.7,117.5,,,
28,RTM,7/9/2026,79,0,0,8:29,8:39,heard,TUTI,2:59,126,6.2,155,,,
28,RTM,7/9/2026,79,0,0,8:29,8:39,heard,CAWR,3:40,151,5.3,132.5,,,
28,RTM,7/9/2026,79,0,0,8:29,8:39,visual,RHWO,8:58,162,3.3,82.5,,,
28,RTM,7/9/2026,79,0,0,8:29,8:39,heard,DOWO,7:51,195,2.5,62.5,,,
28,RTM,7/9/2026,79,0,0,8:29,8:39,heard,WBNU,0:02,222,2.3,57.5,,,
28,RTM,7/9/2026,79,0,0,8:29,8:39,heard,TUTI,5:23,223,2.6,65,,,
28,RTM,7/9/2026,79,0,0,8:29,8:39,heard,RBWO,0:27,248,4.2,105,,,
28,RTM,7/9/2026,79,0,0,8:29,8:39,heard,RBWO,0:26,281,4.2,105,,,
28,RTM,7/9/2026,79,0,0,8:29,8:39,heard,RHWO,3:50,275,5.6,140,,,
9,RTM,7/9/2026,97,0,0,9:11,9:21,heard,CAWR,3:20,310,6.9,172.5,,,
9,RTM,7/9/2026,97,0,0,9:11,9:21,heard,BASP,0:35,312,4.6,115,,,
9,RTM,7/9/2026,97,0,0,9:11,9:21,heard,BHNU,1:59,334,3.3,82.5,,,
9,RTM,7/9/2026,97,0,0,9:11,9:21,heard,RCWO,0:08,10,4.4,110,,,
9,RTM,7/9/2026,97,0,0,9:11,9:21,heard,CAWR,5:51,16,5.7,142.5,,,
9,RTM,7/9/2026,97,0,0,9:11,9:21,heard,BASP,4:03,56,7.5,187.5,,,
9,RTM,7/7/2026,97,0,0,9:11,9:21,heard,RCWO,2:56,94,7.2,180,,,
10,RTM,7/7/2026,96,0,0,8:50,9:00,heard,RCWO,3:56,356,4.3,107.5,,,quiet coopers hawk
10,RTM,7/7/2026,96,0,0,8:50,9:00,heard,BASP,5:50,44,3.8,95,,,
10,RTM,7/7/2026,96,0,0,8:50,9:00,heard,CAWR,2:58,74,7.1,177.5,,,
10,RTM,7/7/2026,96,0,0,8:50,9:00,heard,RHWO,6:50,140,6.4,160,,,
10,RTM,7/7/2026,96,0,0,8:50,9:00,heard,RHWO,6:45,165,7.3,182.5,,,
11,RTM,7/7/2026,96,0,1,8:27,8:37,heard,RHWO,0:04,272,3.7,92.5,,,
11,RTM,7/7/2026,96,0,1,8:27,8:37,heard,RHWO,0:11,336,5.5,137.5,,,
11,RTM,7/7/2026,96,0,1,8:27,8:37,heard,RHWO,0:15,335,7.3,182.5,,,
11,RTM,7/7/2026,96,0,1,8:27,8:37,heard,CAWR,1:54,10,5.5,137.5,,,
11,RTM,7/7/2026,96,0,1,8:27,8:37,heard,RBWO,6:50,55,5.4,135,,,
11,RTM,7/7/2026,96,0,1,8:27,8:37,heard,RBWO,0:04,109,6.3,157.5,,,
11,RTM,7/7/2026,96,0,1,8:27,8:37,heard,BASP,1:03,131,3.8,95,,,
11,RTM,7/7/2026,96,0,1,8:27,8:37,heard,TUTI,0:31,180,6.9,172.5,,,
11,RTM,7/7/2026,96,0,1,8:27,8:37,heard,EABL,6:08,235,7.1,177.5,,,
11,RTM,7/7/2026,96,0,1,8:27,8:37,heard,WBNU,9:24,45,7.5,187.5,,,
12,RTM,7/7/2026,97,0,0,7:57,8:07,heard,EABL,8:45,195,4.3,107.5,,,
12,RTM,7/7/2026,97,0,0,7:57,8:07,visual,RHWO,1:30,105,2.2,55,,,
12,RTM,7/7/2026,97,0,0,7:57,8:07,heard,RCWO,1:17,115,4.4,110,,,
12,RTM,7/7/2026,97,0,0,7:57,8:07,heard,BHNU,3:54,330,2.5,62.5,,,
12,RTM,7/7/2026,97,0,0,7:57,8:07,heard,RBWO,0:38,6,3.7,92.5,,,
12,RTM,7/7/2026,97,0,0,7:57,8:07,heard,PIWO,5:20,9,5.0,125,,,
12,RTM,7/7/2026,97,0,0,7:57,8:07,heard,CAWR,0:25,342,6.8,170,,,
12,RTM,7/7/2026,97,0,0,7:57,8:07,heard,BASP,0:10,335,5.6,140,,,
12,RTM,7/7/2026,97,0,0,7:57,8:07,heard,NOFL,2:36,325,7.4,185,,,
12,RTM,7/7/2026,97,0,0,7:57,8:07,heard,BASP,0:08,312,7.1,177.5,,,
12,RTM,7/7/2026,97,0,0,7:57,8:07,heard,RBWO,4:12,132,7.3,182.5,,,
13,RTM,7/7/2026,85,0,0,7:35,7:45,heard,RHWO,2:59,332,5.5,137.5,,,
13,RTM,7/7/2026,85,0,0,7:35,7:45,heard,BASP,0:21,2,3.5,87.5,,,
13,RTM,7/7/2026,85,0,0,7:35,7:45,heard,BHNU,2:35,79,4.3,107.5,,,
13,RTM,7/7/2026,85,0,0,7:35,7:45,heard,RHWO,6:59,55,6.8,170,,,
13,RTM,7/7/2026,85,0,0,7:35,7:45,heard,RBWO,1:45,85,6.6,165,,,
13,RTM,7/7/2026,85,0,0,7:35,7:45,heard,EABL,2:10,92,6.0,150,,,
13,RTM,7/7/2026,85,0,0,7:35,7:45,heard,CAWR,2:54,105,7.0,175,,,
13,RTM,7/7/2026,85,0,0,7:35,7:45,heard,RHWO,8:36,95,7.6,190,,,
13,RTM,7/7/2026,85,0,0,7:35,7:45,heard,NOFL,3:00,94,8.4,210,,,
13,RTM,7/7/2026,85,0,0,7:35,7:45,heard,GCFL,9:18,105,6.1,152.5,,,
13,RTM,7/7/2026,85,0,0,7:35,7:45,heard,CAWR,2:54,105,7.0,175,,,
13,RTM,7/7/2026,85,0,0,7:35,7:45,heard,WBNU,9:30,116,7.4,185,,,
13,RTM,7/7/2026,85,0,0,7:35,7:45,heard,RBWO,8:16,121,9.5,237.5,,,
13,RTM,7/7/2026,85,0,0,7:35,7:45,heard,CAWR,9:58,261,7.4,185,,,
13,RTM,7/7/2026,85,0,0,7:35,7:45,heard,RBWO,5:01,266,8.3,207.5,,,
13,RTM,7/7/2026,85,0,0,7:07,7:17,heard,BASP,4:27,125,6.0,150,,,
14,RTM,7/7/2026,84,0,0,7:07,7:17,heard,RBWO,0:30,358,6.5,162.5,,,train @ 4:20-10:00
14,RTM,7/7/2026,84,0,0,7:07,7:17,heard,BASP,0:05,352,3.4,85,,,
14,RTM,7/7/2026,84,0,0,7:07,7:17,heard,BHNU,0:53,40,1.6,40,,,
14,RTM,7/7/2026,84,0,0,7:07,7:17,heard,RCWO,7:45,45,3.5,87.5,,,
14,RTM,7/7/2026,84,0,0,7:07,7:17,heard,DOWO,0:48,60,5.2,130,,,
14,RTM,7/7/2026,84,0,0,7:07,7:17,heard,BASP,6:50,74,5.4,135,,,
14,RTM,7/7/2026,84,0,0,7:07,7:17,heard,TUTI,0:37,99,6.5,162.5,,,
14,RTM,7/7/2026,84,0,0,7:07,7:17,heard,BASP,3:15,150,6.2,155,,,
14,RTM,7/7/2026,84,0,0,7:07,7:17,heard,GCFL,2:08,148,2.3,57.5,,,
14,RTM,7/7/2026,84,0,0,7:07,7:17,heard,RBWO,0:42,247,5.7,142.5,,,
14,RTM,7/7/2026,84,0,0,7:07,7:17,heard,GCFL,0:13,293,4.8,120,,,
14,RTM,7/7/2026,84,0,0,7:07,7:17,heard,BHNU,5:40,315,0.8,20,,,
14,RTM,7/7/2026,84,0,0,7:07,7:17,heard,RCWO,6:05,331,3.3,82.5,,,
14,RTM,7/7/2026,84,0,0,7:07,7:17,heard,GCFL,1:14,333,6.1,152.5,,,
8,RTM,7/7/2026,103,0,1,9:47,9:57,heard,RBWO,4:23,325,7.6,190,,,
8,RTM,7/7/2026,103,0,1,9:47,9:57,heard,DOWO,4:25,333,4.2,105,,,
8,RTM,7/7/2026,103,0,1,9:47,9:57,heard,BHNU,0:43,54,2.8,70,,,
8,RTM,7/7/2026,103,0,1,9:47,9:57,heard,BHNU,1:30,240,1.8,45,,,
8,RTM,7/7/2026,103,0,1,9:47,9:57,heard,BASP,4:17,103,7.7,192.5,,,
8,RTM,7/7/2026,103,0,1,9:47,9:57,heard,NOFL,2:07,146,7.5,187.5,,,
8,RTM,7/7/2026,103,0,1,9:47,9:57,heard,RBWO,0:17,221,4.7,117.5,,,
8,RTM,7/7/2026,103,0,1,9:47,9:57,heard,BASP,1:19,287,7.2,180,,,
1,RTM,6/16/2026,82,2,0,7:10,7:20,heard,RBWO,1:28,346,7.0,175,y,y,
1,RTM,6/16/2026,82,2,0,7:10,7:20,heard,TUTI,0:04,320,5.7,142.5,y,y,
1,RTM,6/16/2026,82,2,0,7:10,7:20,heard,CAWR,0:19,44,5.4,135,y,y,
1,RTM,6/16/2026,82,2,0,7:10,7:20,heard,CAWR,5:12,194,1.4,35,y,y,
1,RTM,6/16/2026,82,2,0,7:10,7:20,heard,EABL,2:12,169,4.0,100,y,n,
1,RTM,6/16/2026,82,2,0,7:10,7:20,heard,RHWO,4:50,257,5.3,132.5,y,y,
13,RTM,6/25/2026,82,2,1,9:42,9:52,heard,BASP,6:25,355,6.4,160,y,n,light rain
13,RTM,6/25/2026,82,2,1,9:42,9:52,heard,TUTI,5:25,356,4.5,112.5,y,y,
13,RTM,6/25/2026,82,2,1,9:42,9:52,heard,RHWO,0:08,66,6.9,172.5,y,y,
13,RTM,6/25/2026,82,2,1,9:42,9:52,heard,RCWO,0:20,98,5.4,135,y,y,
13,RTM,6/25/2026,82,2,1,9:42,9:52,heard,EABL,0:17,121,5.0,125,y,y,
13,RTM,6/25/2026,82,2,1,9:42,9:52,heard,RBWO,0:04,136,7.4,185,y,y,
13,RTM,6/25/2026,82,2,1,9:42,9:52,heard,CAWR,9:49,141,7.8,195,y,y,
13,RTM,6/25/2026,82,2,1,9:42,9:52,heard,BASP,0:41,180,6.6,165,y,y,
13,RTM,6/25/2026,82,2,1,9:42,9:52,heard,RBWO,1:45,200,5.5,137.5,y,y,
13,RTM,6/25/2026,82,2,1,9:42,9:52,heard,WBNU,2:36,229,5.0,125,y,n,
13,RTM,6/25/2026,82,2,1,9:42,9:52,visual,RHWO,7:23,257,2.8,70,y,n,
13,RTM,6/25/2026,82,2,1,9:42,9:52,heard,HAWO,2:52,295,1.5,37.5,y,y,
13,RTM,6/25/2026,82,2,1,9:42,9:52,heard,GCFL,0:39,296,2.4,60,y,y,
13,RTM,6/25/2026,82,2,1,9:42,9:52,heard,CAWR,4:24,294,4.3,107.5,y,n,
13,RTM,6/25/2026,82,2,1,9:42,9:52,heard,RHWO,1:03,175,9.3,232.5,y,n,
13,BB,6/25/2026,82,2,1,9:42,9:52,heard,CAWR,4:50,15,4.6,115,y,n,
13,BB,6/25/2026,82,2,1,9:42,9:52,heard,RCWO,2:20,40,3.7,92.5,y,y,
13,BB,6/25/2026,82,2,1,9:42,9:52,heard,RHWO,0:15,56,2.8,70,y,y,
13,BB,6/25/2026,82,2,1,9:42,9:52,heard,TUTI,0:03,67,4.4,110,y,n,
13,BB,6/25/2026,82,2,1,9:42,9:52,heard,CAWR,5:30,125,5.2,130,y,y,
13,BB,6/25/2026,82,2,1,9:42,9:52,heard,EABL,0:48,141,4.8,120,y,y,
13,BB,6/25/2026,82,2,1,9:42,9:52,heard,RBWO,0:20,150,5.5,137.5,y,y,
13,BB,6/25/2026,82,2,1,9:42,9:52,heard,BASP,1:10,185,3.5,87.5,y,y,
13,BB,6/25/2026,82,2,1,9:42,9:52,heard,RBWO,1:50,198,4.7,117.5,y,y,
13,BB,6/25/2026,82,2,1,9:42,9:52,heard,GCFL,0:34,291,4.8,120,y,y,
13,BB,6/25/2026,82,2,1,9:42,9:52,heard,TUTI,5:42,309,3.9,97.5,y,y,
13,BB,6/25/2026,82,2,1,9:42,9:52,heard,HAWO,3:00,325,1.8,45,y,y,
13,BB,6/25/2026,82,2,1,9:42,9:52,heard,RBWO,9:10,335,4.3,107.5,y,n,
12,RTM,6/25/2026,82,2,0,9:18,9:28,heard,CAWR,0:48,340,4.4,110,y,y,
12,RTM,6/25/2026,82,2,0,9:18,9:28,heard,TUTI,5:20,34,4.5,112.5,y,y,
12,RTM,6/25/2026,82,2,0,9:18,9:28,heard,GCFL,1:10,86,1.8,45,y,y,
12,RTM,6/25/2026,82,2,0,9:18,9:28,heard,RBWO,0:42,135,5.4,135,y,y,
12,RTM,6/25/2026,82,2,0,9:18,9:28,visual,WBNU,7:20,270,1.0,25,y,y,
12,RTM,6/25/2026,82,2,0,9:18,9:28,heard,EABL,0:21,275,2.8,70,y,y,
12,RTM,6/25/2026,82,2,0,9:18,9:28,heard,BHNU,0:13,255,4.0,100,y,y,
12,RTM,6/25/2026,82,2,0,9:18,9:28,heard,TUTI,1:10,239,6.9,172.5,y,y,
12,BB,6/25/2026,82,2,0,9:18,9:28,heard,TUTI,6:41,6,4.8,120,y,y,
12,BB,6/25/2026,82,2,0,9:18,9:28,heard,CAWR,0:58,20,3.7,92.5,y,y,
12,BB,6/25/2026,82,2,0,9:18,9:28,visual,WBNU,7:46,74,0.5,12.5,y,y,
12,BB,6/25/2026,82,2,0,9:18,9:28,heard,DOWO,2:40,140,2.7,67.5,y,n,
12,BB,6/25/2026,82,2,0,9:18,9:28,heard,GCFL,1:12,105,4.3,107.5,y,y,
12,BB,6/25/2026,82,2,0,9:18,9:28,heard,RBWO,1:14,137,4.7,117.5,y,y,
12,BB,6/25/2026,82,2,0,9:18,9:28,heard,EABL,0:35,302,1.8,45,y,y,
12,BB,6/25/2026,82,2,0,9:18,9:28,heard,BHNU,0:15,245,3.6,90,y,y,
12,BB,6/25/2026,82,2,0,9:18,9:28,heard,TUTI,0:30,202,6.3,157.5,y,y,
8,RTM,6/25/2026,78,2,0,8:26,8:36,heard,BASP,4:35,336,7.4,185,y,y,
8,RTM,6/25/2026,78,2,0,8:26,8:36,heard,CAWR,1:59,320,4.0,100,y,y,
8,RTM,6/25/2026,78,2,0,8:26,8:36,heard,CAWR,1:42,5,6.3,157.5,y,y,
8,RTM,6/25/2026,78,2,0,8:26,8:36,heard,RCWO,0:15,13,2.2,55,y,n,
8,RTM,6/25/2026,78,2,0,8:26,8:36,heard,EABL,0:09,44,4.4,110,y,n,
8,RTM,6/25/2026,78,2,0,8:26,8:36,heard,BASP,4:00,20,4.8,120,y,n,
8,RTM,6/25/2026,78,2,0,8:26,8:36,heard,DOWO,1:43,43,3.5,87.5,y,y,
8,RTM,6/25/2026,78,2,0,8:26,8:36,heard,GCFL,5:29,69,3.5,87.5,y,y,
8,RTM,6/25/2026,78,2,0,8:26,8:36,heard,RBWO,0:30,110,7.1,177.5,y,y,
8,RTM,6/25/2026,78,2,0,8:26,8:36,heard,CAWR,3:20,193,6.4,160,y,y,
8,RTM,6/25/2026,78,2,0,8:26,8:36,heard,DOWO,1:49,238,2.5,62.5,y,y,
8,BB,6/25/2026,78,2,0,8:26,8:36,heard,BASP,5:49,320,4.6,115,y,y,
8,BB,6/25/2026,78,2,0,8:26,8:36,heard,CAWR,2:08,315,2.6,65,y,y,
8,BB,6/25/2026,78,2,0,8:26,8:36,heard,DOWO,2:00,240,3.3,82.5,y,y,
8,BB,6/25/2026,78,2,0,8:26,8:36,heard,CAWR,3:04,155,5.4,135,y,y,
8,BB,6/25/2026,78,2,0,8:26,8:36,heard,RBWO,0:30,115,5.4,135,y,y,
8,BB,6/25/2026,78,2,0,8:26,8:36,heard,EABL,0:40,74,1.9,47.5,y,y,
8,BB,6/25/2026,78,2,0,8:26,8:36,heard,DOWO,0:15,444,3.7,92.5,y,y,
8,BB,6/25/2026,78,2,0,8:26,8:36,heard,CAWR,0:47,54,5.4,135,y,y,
8,BB,6/25/2026,78,2,0,8:26,8:36,heard,GCFL,7:05,58,7.6,190,y,y,
9,BB,6/25/2026,77,2,0,7:52,8:02,heard,CAWR,8:22,24,4.8,120,y,n,
9,BB,6/25/2026,77,2,0,7:52,8:02,visual,RHWO,4:30,60,2.3,57.5,y,y,
9,BB,6/25/2026,77,2,0,7:52,8:02,heard,CAWR,3:47,175,4.2,105,y,n,
9,BB,6/25/2026,77,2,0,7:52,8:02,heard,TUTI,2:30,167,6.2,155,y,n,
9,BB,6/25/2026,77,2,0,7:52,8:02,heard,RBWO,1:33,189,6.9,172.5,y,y,
9,BB,6/25/2026,77,2,0,7:52,8:02,heard,CAWR,0:44,208,6.8,170,y,y,
9,BB,6/25/2026,77,2,0,7:52,8:02,heard,GCFL,0:11,242,4.1,102.5,y,y,
9,BB,6/25/2026,77,2,0,7:52,8:02,heard,RBWO,1:00,137,8.7,217.5,y,y,
9,BB,6/25/2026,77,2,0,7:52,8:02,heard,PIWO,9:20,22,8.5,212.5,y,y,
15,RTM,7/8/2026,83,0,0,7:34,7:44,heard,PIWO,2:20,327,8.8,220,,,BHNU heard before; Brown Thrasher present
15,RTM,7/8/2026,83,0,0,7:34,7:44,heard,DOWO,6:03,337,4.5,112.5,,,
15,RTM,7/8/2026,83,0,0,7:34,7:44,heard,CAWR,0:37,310,4.3,107.5,,,
15,RTM,7/8/2026,83,0,0,7:34,7:44,heard,RHWO,0:37,90,6.3,157.5,,,
15,RTM,7/8/2026,83,0,0,7:34,7:44,heard,RHWO,0:02,125,6.4,160,,,
15,RTM,7/8/2026,83,0,0,7:34,7:44,heard,RHWO,0:03,150,5.4,135,,,
15,RTM,7/8/2026,83,0,0,7:34,7:44,heard,RHWO,5:00,191,5.5,137.5,,,
15,RTM,7/8/2026,83,0,0,7:34,7:44,heard,BASP,1:08,205,3.0,75,,,
16,RTM,7/8/2026,83,1,0,7:58,8:08,heard,RHWO,5:46,15,5.5,137.5,,,
16,RTM,7/8/2026,83,1,0,7:58,8:08,heard,BASP,2:49,35,4.2,105,,,
16,RTM,7/8/2026,83,1,0,7:58,8:08,heard,RHWO,0:38,80,5.4,135,,,
16,RTM,7/8/2026,83,1,0,7:58,8:08,heard,BASP,0:59,115,5.4,135,,,
16,RTM,7/8/2026,83,1,0,7:58,8:08,heard,RHWO,0:57,141,5.6,140,,,
16,RTM,7/8/2026,83,1,0,7:58,8:08,heard,RHWO,2:35,143,8.3,207.5,,,
16,RTM,7/8/2026,83,1,0,7:58,8:08,heard,RBWO,1:53,166,7.6,190,,,
16,RTM,7/8/2026,83,1,0,7:58,8:08,heard,CAWR,5:05,242,3.1,77.5,,,
16,RTM,7/8/2026,83,1,0,7:58,8:08,heard,RHWO,0:10,262,7.4,185,,,
16,RTM,7/8/2026,83,1,0,7:58,8:08,heard,RHWO,0:05,282,4.6,115,,,
16,RTM,7/8/2026,83,1,0,7:58,8:08,heard,BASP,1:01,310,4.7,117.5,,,
18,RTM,7/8/2026,95,0,1,8:23,8:33,heard,RBWO,3:51,321,7.1,177.5,,,
18,RTM,7/8/2026,95,0,1,8:23,8:33,heard,BASP,2:09,309,5.7,142.5,,,
18,RTM,7/8/2026,95,0,1,8:23,8:33,heard,GCFL,0:51,305,3.4,85,,,
18,RTM,7/8/2026,95,0,1,8:23,8:33,heard,BHNU,6:54,295,2.1,52.5,,,
18,RTM,7/8/2026,95,0,1,8:23,8:33,heard,CAWR,1:28,311,2.3,57.5,,,
18,RTM,7/8/2026,95,0,1,8:23,8:33,heard,RHWO,0:46,25,6.1,152.5,,,
18,RTM,7/8/2026,95,0,1,8:23,8:33,heard,RBWO,1:27,73,4.5,112.5,,,
18,RTM,7/8/2026,95,0,1,8:23,8:33,heard,RHWO,0:07,207,6.3,157.5,,,
18,RTM,7/8/2026,95,0,1,8:23,8:33,visual,PIWO,4:32,285,7.8,195,,,
18,RTM,7/8/2026,95,0,1,8:23,8:33,heard,RHWO,3:16,296,7.7,192.5,,,
22,RTM,7/8/2026,97,0,1,8:50,9:00,heard,RHWO,0:13,306,4.5,112.5,,,
22,RTM,7/8/2026,97,0,1,8:50,9:00,heard,BASP,0:45,325,2.7,67.5,,,
22,RTM,7/8/2026,97,0,1,8:50,9:00,heard,TUTI,6:34,1,4.3,107.5,,,
22,RTM,7/8/2026,97,0,1,8:50,9:00,heard,CAWR,0:15,47,3.2,80,,,
22,RTM,7/8/2026,97,0,1,8:50,9:00,heard,RBWO,2:38,24,7.0,175,,,
22,RTM,7/8/2026,97,0,1,8:50,9:00,heard,RHWO,0:43,74,7.4,185,,,
22,RTM,7/8/2026,97,0,1,8:50,9:00,heard,BHNU,9:30,141,2.5,62.5,,,
22,RTM,7/8/2026,97,0,1,8:50,9:00,heard,RHWO,0:25,262,3.1,77.5,,,
23,RTM,7/8/2026,100,0,0,9:12,9:22,heard,BASP,1:17,329,6.2,155,,,PIWO heard after
23,RTM,7/8/2026,100,0,0,9:12,9:22,heard,RHWO,0:05,335,2.3,57.5,,,
23,RTM,7/8/2026,100,0,0,9:12,9:22,heard,CAWR,2:27,359,4.6,115,,,
23,RTM,7/8/2026,100,0,0,9:12,9:22,heard,DOWO,3:18,25,3.3,82.5,,,
23,RTM,7/8/2026,100,0,0,9:12,9:22,heard,RBWO,4:35,40,3.6,90,,,
23,RTM,7/8/2026,100,0,0,9:12,9:22,heard,CAWR,1:17,51,4.7,117.5,,,
23,RTM,7/8/2026,100,0,0,9:12,9:22,heard,BASP,4:15,68,4.9,122.5,,,
23,RTM,7/8/2026,100,0,0,9:12,9:22,heard,RHWO,0:02,106,6.4,160,,,
23,RTM,7/8/2026,100,0,0,9:12,9:22,heard,BASP,1:27,130,4.2,105,,,
23,RTM,7/8/2026,100,0,0,9:12,9:22,heard,CAWR,3:40,249,4.5,112.5,,,
23,RTM,7/8/2026,100,0,0,9:12,9:22,heard,RHWO,2:51,218,7.3,182.5,,,
1,RTM,7/6/2026,85,0,0,8:11,8:21,heard,CAWR,0:09,305,3.7,92.5,,,NOFL heard before survey
1,RTM,7/6/2026,85,0,0,8:11,8:21,heard,RHWO,0:20,300,6.2,155,,,
1,RTM,7/6/2026,85,0,0,8:11,8:21,heard,RBWO,7:50,345,5.3,132.5,,,
1,RTM,7/6/2026,85,0,0,8:11,8:21,heard,TUTI,8:08,20,6.0,150,,,
1,RTM,7/6/2026,85,0,0,8:11,8:21,heard,RBWO,9:10,20,7.0,175,,,
1,RTM,7/6/2026,85,0,0,8:11,8:21,heard,WBNU,0:25,100,5.2,130,,,
1,RTM,7/6/2026,85,0,0,8:11,8:21,heard,CAWR,0:11,115,5.2,130,,,
1,RTM,7/6/2026,85,0,0,8:11,8:21,heard,BASP,4:50,130,4.5,112.5,,,
1,RTM,7/6/2026,85,0,0,8:11,8:21,heard,EABL,2:09,135,5.4,135,,,
1,RTM,7/6/2026,85,0,0,8:11,8:21,heard,RBWO,0:41,160,4.7,117.5,,,
1,RTM,7/6/2026,85,0,0,8:11,8:21,heard,BASP,6:54,191,4.6,115,,,
1,RTM,7/6/2026,85,0,0,8:11,8:21,heard,CAWR,4:25,260,7.7,192.5,,,
12,RTM,5/4/2026,51,0,0,7:29,7:39,heard,NOFL,8:06,302,8.7,217.5,y,n,
12,RTM,5/4/2026,51,0,0,7:29,7:39,heard,BASP,7:43,319,6.3,157.5,y,n,
12,RTM,5/4/2026,51,0,0,7:29,7:39,heard,GCFL,0:24,315,3.4,85,y,n,
12,RTM,5/4/2026,51,0,0,7:29,7:39,heard,RBWO,1:43,347,4.5,112.5,y,n,
12,RTM,5/4/2026,51,0,0,7:29,7:39,heard,TUTI,2:25,15,2.5,62.5,y,n,
12,RTM,5/4/2026,51,0,0,7:29,7:39,heard,CAWR,0:05,29,4.8,120,y,y,
12,RTM,5/4/2026,51,0,0,7:29,7:39,heard,GCFL,9:51,35,7.0,175,y,n,
12,RTM,5/4/2026,51,0,0,7:29,7:39,heard,CAWR,3:30,62,6.2,155,y,n,
12,RTM,5/4/2026,51,0,0,7:29,7:39,heard,GCFL,0:35,105,5.8,145,y,n,
12,RTM,5/4/2026,51,0,0,7:29,7:39,heard,TUTI,0:01,120,6.1,152.5,y,n,
12,RTM,5/4/2026,51,0,0,7:29,7:39,heard,GCFL,6:37,135,6.8,170,y,n,
12,RTM,5/4/2026,51,0,0,7:29,7:39,heard,BASP,7:02,143,4.9,122.5,y,n,
12,RTM,5/4/2026,51,0,0,7:29,7:39,heard,RBWO,6:43,145,3.3,82.5,y,n,
12,RTM,5/4/2026,51,0,0,7:29,7:39,heard,BHNU,1:37,195,1.5,37.5,y,n,
12,RTM,5/4/2026,51,0,0,7:29,7:39,heard,GCFL,5:05,218,4.3,107.5,y,y,
12,RTM,5/4/2026,51,0,0,7:29,7:39,heard,BASP,1:00,223,3.3,82.5,y,y,
12,RTM,5/4/2026,51,0,0,7:29,7:39,heard,RHWO,8:26,249,2.5,62.5,y,n,
12,RTM,5/4/2026,51,0,0,7:29,7:39,heard,GCFL,5:04,265,5.2,130,y,n,
12,RTM,5/4/2026,51,0,0,7:29,7:39,visual,RHWO,8:27,255,1.2,30,y,y,
15,RTM,4/4/2026,70,2,1,10:27,10:37,heard,BASP,0:18,33,4.6,115,,,burned recently
15,RTM,4/4/2026,70,2,1,10:27,10:37,heard,BHNU,4:11,51,2.6,65,,,
15,RTM,4/4/2026,70,2,1,10:27,10:37,heard,RHWO,8:25,72,3.6,90,,,
15,RTM,4/4/2026,70,2,1,10:27,10:37,heard,CAWR,1:30,104,4.6,113.75,,,
15,RTM,4/4/2026,70,2,1,10:27,10:37,heard,BHNU,7:55,133,0.9,21.25,,,
15,RTM,4/4/2026,70,2,1,10:27,10:37,heard,RHWO,1:19,164,4.5,111.25,,,
15,RTM,4/4/2026,70,2,1,10:27,10:37,heard,BASP,6:07,173,4.9,122.5,,,
15,RTM,4/4/2026,70,2,1,10:27,10:37,heard,RHWO,6:38,195,4.5,112.5,,,
15,RTM,4/4/2026,70,2,1,10:27,10:37,visual,EABL,9:25,210,1.2,28.75,,,two of them
15,RTM,4/4/2026,70,2,1,10:27,10:37,visual,EABL,9:25,210,1.2,28.75,,,
15,RTM,4/4/2026,70,2,1,10:27,10:37,heard,RCWO,1:15,237,1.2,30,,,
15,RTM,4/4/2026,70,2,1,10:27,10:37,heard,CAWR,5:20,236,5.0,123.75,,,
15,RTM,4/4/2026,70,2,1,10:27,10:37,heard,CAWR,1:01,302,4.7,116.25,,,
15,RTM,4/4/2026,70,2,1,10:27,10:37,heard,RBWO,2:27,294,6.8,170,,,
15,RTM,4/4/2026,70,2,1,10:27,10:37,heard,BASP,0:15,327,3.6,90,,,
16,RTM,4/4/2026,64,1,0,8:36,8:46,heard,RBWO,2:35,1,7.2,178.75,,,pond burned too
16,RTM,4/4/2026,64,1,0,8:36,8:46,heard,RHWO,4:35,11,5.6,140,,,
16,RTM,4/4/2026,64,1,0,8:36,8:46,visual,RHWO,6:56,24,3.0,73.75,,,
16,RTM,4/4/2026,64,1,0,8:36,8:46,heard,BASP,9:50,39,4.6,115,,,
16,RTM,4/4/2026,64,1,0,8:36,8:46,heard,RHWO,0:01,75,6.8,168.75,,,
16,RTM,4/4/2026,64,1,0,8:36,8:46,heard,BASP,0:05,79,2.6,65,,,
16,RTM,4/4/2026,64,1,0,8:36,8:46,heard,RHWO,1:01,114,5.4,133.75,,,
16,RTM,4/4/2026,64,1,0,8:36,8:46,heard,TUTI,0:34,137,2.7,67.5,,,
16,RTM,4/4/2026,64,1,0,8:36,8:46,heard,WBNU,2:10,245,5.5,137.5,,,
16,RTM,4/4/2026,64,1,0,8:36,8:46,heard,TUTI,4:10,307,4.4,108.75,,,
17,RTM,4/4/2026,69,2,1,10:08,10:18,heard,RBWO,6:52,1,4.8,118.75,,,
17,RTM,4/4/2026,69,2,1,10:08,10:18,heard,TUTI,1:20,14,4.2,103.75,,,
17,RTM,4/4/2026,69,2,1,10:08,10:18,heard,RHWO,7:34,28,5.4,135,,,
17,RTM,4/4/2026,69,2,1,10:08,10:18,heard,RHWO,0:05,37,4.8,120,,,
17,RTM,4/4/2026,69,2,1,10:08,10:18,heard,BASP,4:50,67,4.6,115,,,
17,RTM,4/4/2026,69,2,1,10:08,10:18,heard,RHWO,0:30,137,5.5,136.25,,,
17,RTM,4/4/2026,69,2,1,10:08,10:18,heard,TUTI,1:30,284,7.3,181.25,,,
17,RTM,4/4/2026,69,2,1,10:08,10:18,heard,BHNU,5:18,302,3.6,88.75,,,
18,RTM,4/4/2026,64,0,0,8:11,8:21,heard,BASP,4:35,359,5.3,131.25,,,
18,RTM,4/4/2026,64,0,0,8:11,8:21,heard,RBWO,1:10,25,6.1,151.25,,,
18,RTM,4/4/2026,64,0,0,8:11,8:21,heard,CAWR,8:59,24,5.2,130,,,
18,RTM,4/4/2026,64,0,0,8:11,8:21,heard,BASP,9:09,44,4.3,106.25,,,
18,RTM,4/4/2026,64,0,0,8:11,8:21,heard,TUTI,0:41,75,4.9,122.5,,,
18,RTM,4/4/2026,64,0,0,8:11,8:21,heard,DOWO,1:00,141,2.2,53.75,,,
18,RTM,4/4/2026,64,0,0,8:11,8:21,heard,BASP,7:50,177,3.2,80,,,
18,RTM,4/4/2026,64,0,0,8:11,8:21,heard,RBWO,4:50,172,5.4,135,,,
18,RTM,4/4/2026,64,0,0,8:11,8:21,heard,RHWO,0:10,241,4.3,107.5,,,
18,RTM,4/4/2026,64,0,0,8:11,8:21,heard,BHNU,0:48,334,1.7,42.5,,,
18,RTM,4/4/2026,64,0,0,8:11,8:21,heard,TUTI,3:45,234,7.3,182.5,,,
18,RTM,4/4/2026,64,0,0,8:11,8:21,heard,CAWR,3:04,314,5.5,136.25,,,
18,RTM,4/4/2026,64,0,0,8:11,8:21,heard,RHWO,0:14,322,7.5,187.5,,,
18,RTM,4/4/2026,64,0,0,8:11,8:21,heard,RBWO,2:01,342,6.3,156.25,,,
19,RTM,4/4/2026,68,2,1,9:40,9:50,heard,TUTI,0:35,359,7.0,173.75,,,
19,RTM,4/4/2026,68,2,1,9:40,9:50,heard,RHWO,1:33,31,6.4,158.75,,,
19,RTM,4/4/2026,68,2,1,9:40,9:50,heard,RBWO,8:41,39,5.4,133.75,,,
19,RTM,4/4/2026,68,2,1,9:40,9:50,heard,RHWO,0:16,134,5.6,140,,,
19,RTM,4/4/2026,68,2,1,9:40,9:50,heard,RBWO,8:01,170,5.0,125,,,
19,RTM,4/4/2026,68,2,1,9:40,9:50,heard,RHWO,9:49,244,4.3,107.5,,,
19,RTM,4/4/2026,68,2,1,9:40,9:50,heard,RHWO,0:17,234,6.4,160,,,
19,RTM,4/4/2026,68,2,1,9:40,9:50,heard,WBNU,9:05,307,7.3,181.25,,,
19,RTM,4/4/2026,68,2,1,9:40,9:50,heard,GCFL,0:40,334,3.7,92.5,,,
19,RTM,4/4/2026,68,2,1,9:40,9:50,heard,RHWO,6:22,328,5.7,142.5,,,
20,RTM,4/4/2026,66,1,0,8:55,9:05,heard,BASP,2:55,52,6.6,163.75,,,not burned
20,RTM,4/4/2026,66,1,0,8:55,9:05,heard,RBWO,7:55,71,7.3,181.25,,,
20,RTM,4/4/2026,66,1,0,8:55,9:05,heard,RBWO,0:35,90,6.5,161.25,,,
20,RTM,4/4/2026,66,1,0,8:55,9:05,heard,RHWO,0:49,113,7.4,185,,,
20,RTM,4/4/2026,66,1,0,8:55,9:05,heard,CACH,9:28,120,2.3,57.5,,,
20,RTM,4/4/2026,66,1,0,8:55,9:05,heard,CAWR,0:09,147,2.4,60,,,
20,RTM,4/4/2026,66,1,0,8:55,9:05,heard,RHWO,3:10,211,5.6,138.75,,,
20,RTM,4/4/2026,66,1,0,8:55,9:05,heard,RBWO,6:17,242,5.4,135,,,
20,RTM,4/4/2026,66,1,0,8:55,9:05,heard,BASP,2:31,324,5.5,137.5,,,
21,RTM,4/4/2026,67,2,1,9:18,9:28,heard,CAWR,1:56,355,5.3,132.5,,,"burned, even the wetland burned"
21,RTM,4/4/2026,67,2,1,9:18,9:28,heard,RBWO,4:33,32,4.6,115,,,
21,RTM,4/4/2026,67,2,1,9:18,9:28,heard,TUTI,0:15,86,5.3,132.5,,,
21,RTM,4/4/2026,67,2,1,9:18,9:28,heard,RBWO,9:19,90,5.6,140,,,
21,RTM,4/4/2026,67,2,1,9:18,9:28,heard,CAWR,9:21,98,3.7,91.25,,,
21,RTM,4/4/2026,67,2,1,9:18,9:28,heard,RHWO,1:21,162,4.2,105,,,
21,RTM,4/4/2026,67,2,1,9:18,9:28,heard,RHWO,0:03,154,6.5,162.5,,,
21,RTM,4/4/2026,67,2,1,9:18,9:28,heard,RBWO,0:41,280,7.0,173.75,,,
21,RTM,4/4/2026,67,2,1,9:18,9:28,heard,CAWR,5:41,312,1.7,41.25,,,
22,RTM,4/4/2026,63,0,0,7:49,7:59,heard,CAWR,0:10,50,5.6,140,,,
22,RTM,4/4/2026,63,0,0,7:49,7:59,heard,TUTI,0:58,54,7.0,173.75,,,
22,RTM,4/4/2026,63,0,0,7:49,7:59,heard,BASP,0:59,64,5.5,137.5,,,
22,RTM,4/4/2026,63,0,0,7:49,7:59,heard,RHWO,1:34,72,7.6,188.75,,,
22,RTM,4/4/2026,63,0,0,7:49,7:59,heard,RHWO,0:21,101,4.5,111.25,,,
22,RTM,4/4/2026,63,0,0,7:49,7:59,heard,BASP,0:39,116,2.9,71.25,,,
22,RTM,4/4/2026,63,0,0,7:49,7:59,visual,RHWO,5:10,111,6.5,161.25,,,
22,RTM,4/4/2026,63,0,0,7:49,7:59,heard,TUTI,2:18,121,6.8,170,,,
22,RTM,4/4/2026,63,0,0,7:49,7:59,heard,RHWO,6:16,239,4.7,117.5,,,
22,RTM,4/4/2026,63,0,0,7:49,7:59,heard,EABL,6:10,269,4.6,113.75,,,
22,RTM,4/4/2026,63,0,0,7:49,7:59,heard,BASP,0:02,323,2.4,60,,,
23,RTM,4/4/2026,63,1,0,7:28,7:38,heard,BASP,0:05,18,3.5,86.25,,,
23,RTM,4/4/2026,63,1,0,7:28,7:38,heard,GCFL,7:23,44,6.2,155,,,
23,RTM,4/4/2026,63,1,0,7:28,7:38,heard,CAWR,7:22,54,6.5,161.25,,,
23,RTM,4/4/2026,63,1,0,7:28,7:38,heard,RHWO,0:49,73,6.6,165,,,
23,RTM,4/4/2026,63,1,0,7:28,7:38,heard,BASP,1:20,90,5.4,135,,,
23,RTM,4/4/2026,63,1,0,7:28,7:38,heard,RBWO,0:48,134,5.1,127.5,,,
23,RTM,4/4/2026,63,1,0,7:28,7:38,heard,RHWO,0:21,130,7.5,186.25,,,
23,RTM,4/4/2026,63,1,0,7:28,7:38,heard,RBWO,2:23,239,5.1,127.5,,,
23,RTM,4/4/2026,63,1,0,7:28,7:38,heard,BASP,1:32,246,1.7,42.5,,,
23,RTM,4/4/2026,63,1,0,7:28,7:38,heard,RHWO,0:30,249,6.8,170,,,
23,RTM,4/4/2026,63,1,0,7:28,7:38,heard,TUTI,2:40,294,3.1,76.25,,,
23,RTM,4/4/2026,63,1,0,7:28,7:38,heard,RHWO,0:42,335,5.5,136.25,,,
24,RTM,4/5/2026,72,1,1,10:24,10:34,heard,BHNU,6:23,359,2.4,60,,,
24,RTM,4/5/2026,72,1,1,10:24,10:34,heard,BASP,0:34,24,5.3,132.5,,,
24,RTM,4/5/2026,72,1,1,10:24,10:34,heard,CAWR,2:01,21,6.4,160,,,
24,RTM,4/5/2026,72,1,1,10:24,10:34,heard,RBWO,0:39,65,5.6,138.75,,,
24,RTM,4/5/2026,72,1,1,10:24,10:34,heard,CAWR,0:05,75,3.6,90,,,
24,RTM,4/5/2026,72,1,1,10:24,10:34,heard,BASP,1:13,113,2.4,58.75,,,
24,RTM,4/5/2026,72,1,1,10:24,10:34,heard,WBNU,4:14,107,6.9,171.25,,,
24,RTM,4/5/2026,72,1,1,10:24,10:34,heard,TUTI,0:06,127,3.8,93.75,,,
24,RTM,4/5/2026,72,1,1,10:24,10:34,heard,BASP,4:12,184,4.7,117.5,,,
24,RTM,4/5/2026,72,1,1,10:24,10:34,heard,BASP,9:07,208,7.7,192.5,,,
24,RTM,4/5/2026,72,1,1,10:24,10:34,heard,RHWO,2:40,217,6.8,170,,,
24,RTM,4/5/2026,72,1,1,10:24,10:34,heard,BASP,4:53,261,3.6,88.75,,,
24,RTM,4/5/2026,72,1,1,10:24,10:34,heard,RHWO,0:40,270,5.4,135,,,
24,RTM,4/5/2026,72,1,1,10:24,10:34,heard,WBNU,0:15,305,3.7,91.25,,,
24,RTM,4/5/2026,72,1,1,10:24,10:34,heard,TUTI,3:08,308,5.6,140,,,
24,RTM,4/5/2026,72,1,1,10:24,10:34,heard,CAWR,4:37,319,5.6,138.75,,,
24,RTM,4/5/2026,72,1,1,10:24,10:34,heard,RBWO,1:47,335,5.2,130,,,
25,RTM,4/5/2026,70,2,1,10:01,10:11,heard,BHNU,1:23,359,2.7,66.25,,,
25,RTM,4/5/2026,70,2,1,10:01,10:11,visual,RHWO,7:15,6,1.6,38.75,,,
25,RTM,4/5/2026,70,2,1,10:01,10:11,heard,TUTI,0:01,62,5.5,137.5,,,
25,RTM,4/5/2026,70,2,1,10:01,10:11,heard,CACH,6:34,69,4.8,118.75,,,
25,RTM,4/5/2026,70,2,1,10:01,10:11,heard,CAWR,4:18,81,5.0,123.75,,,
25,RTM,4/5/2026,70,2,1,10:01,10:11,heard,DOWO,7:20,163,0.5,12.5,,,
25,RTM,4/5/2026,70,2,1,10:01,10:11,heard,WBNU,3:49,106,7.3,181.25,,,
25,RTM,4/5/2026,70,2,1,10:01,10:11,heard,GCFL,4:17,275,3.4,85,,,
25,RTM,4/5/2026,70,2,1,10:01,10:11,heard,RBWO,0:19,285,4.7,117.5,,,
25,RTM,4/5/2026,70,2,1,10:01,10:11,heard,RHWO,5:20,286,6.2,153.75,,,
25,RTM,4/5/2026,70,2,1,10:01,10:11,heard,GCFL,0:20,304,3.6,90,,,
25,RTM,4/5/2026,70,2,1,10:01,10:11,heard,RHWO,1:32,327,4.7,116.25,,,
25,RTM,4/5/2026,70,2,1,10:01,10:11,heard,TUTI,0:05,326,5.8,143.75,,,
25,RTM,4/5/2026,70,2,1,10:01,10:11,heard,RHWO,5:01,321,6.6,163.75,,,
26,RTM,4/5/2026,67,1,0,9:42,9:52,heard,CAWR,0:49,3,5.3,131.25,,,not burned
26,RTM,4/5/2026,67,1,0,9:42,9:52,heard,WBNU,6:23,26,5.5,137.5,,,
26,RTM,4/5/2026,67,1,0,9:42,9:52,heard,RBWO,4:17,132,5.1,127.5,,,
26,RTM,4/5/2026,67,1,0,9:42,9:52,heard,TUTI,6:59,130,7.6,188.75,,,
26,RTM,4/5/2026,67,1,0,9:42,9:52,heard,RHWO,0:37,232,2.8,70,,,
26,RTM,4/5/2026,67,1,0,9:42,9:52,heard,BHNU,3:49,293,1.9,47.5,,,
26,RTM,4/5/2026,67,1,0,9:42,9:52,heard,RBWO,0:02,324,1.9,46.25,,,
26,RTM,4/5/2026,67,1,0,9:42,9:52,heard,GCFL,0:38,339,3.8,95,,,
26,RTM,4/5/2026,67,1,0,9:42,9:52,heard,CAWR,4:32,325,7.8,195,,,
27,RTM,4/5/2026,61,0,0,7:30,7:40,heard,CACH,0:05,23,2.2,53.75,,,
27,RTM,4/5/2026,61,0,0,7:30,7:40,heard,RHWO,4:19,36,7.4,185,,,
27,RTM,4/5/2026,61,0,0,7:30,7:40,heard,CAWR,4:39,52,7.6,188.75,,,
27,RTM,4/5/2026,61,0,0,7:30,7:40,heard,BASP,4:36,57,6.6,163.75,,,
27,RTM,4/5/2026,61,0,0,7:30,7:40,heard,TUTI,1:32,75,7.0,173.75,,,
27,RTM,4/5/2026,61,0,0,7:30,7:40,heard,BHNU,9:01,92,1.6,40,,,
27,RTM,4/5/2026,61,0,0,7:30,7:40,heard,RBWO,8:48,89,6.9,172.5,,,
27,RTM,4/5/2026,61,0,0,7:30,7:40,heard,CAWR,0:31,127,4.5,112.5,,,
27,RTM,4/5/2026,61,0,0,7:30,7:40,heard,RBWO,1:49,163,5.8,145,,,
27,RTM,4/5/2026,61,0,0,7:30,7:40,heard,BHNU,2:47,212,1.9,47.5,,,
27,RTM,4/5/2026,61,0,0,7:30,7:40,heard,BASP,0:44,330,1.9,47.5,,,
27,RTM,4/5/2026,61,0,0,7:30,7:40,heard,RBWO,0:12,314,5.7,141.25,,,
27,RTM,4/5/2026,61,0,0,7:30,7:40,heard,TUTI,3:10,306,7.2,180,,,
28,RTM,4/5/2026,61,0,0,7:53,8:03,heard,WBNU,1:45,2,2.3,56.25,,,
28,RTM,4/5/2026,61,0,0,7:53,8:03,heard,CAWR,6:35,20,5.4,133.75,,,
28,RTM,4/5/2026,61,0,0,7:53,8:03,heard,RHWO,1:28,30,6.5,162.5,,,
28,RTM,4/5/2026,61,0,0,7:53,8:03,heard,BASP,2:10,36,5.0,123.75,,,
28,RTM,4/5/2026,61,0,0,7:53,8:03,heard,RCWO,9:15,74,1.4,33.75,,,
28,RTM,4/5/2026,61,0,0,7:53,8:03,heard,RHWO,0:05,92,6.3,156.25,,,
28,RTM,4/5/2026,61,0,0,7:53,8:03,heard,BASP,2:09,121,3.6,90,,,
28,RTM,4/5/2026,61,0,0,7:53,8:03,heard,RHWO,0:06,125,7.4,185,,,
28,RTM,4/5/2026,61,0,0,7:53,8:03,heard,GCFL,6:25,151,4.2,105,,,
28,RTM,4/5/2026,61,0,0,7:53,8:03,heard,RBWO,0:31,154,5.3,132.5,,,
28,RTM,4/5/2026,61,0,0,7:53,8:03,heard,CAWR,4:10,168,5.7,142.5,,,
28,RTM,4/5/2026,61,0,0,7:53,8:03,heard,RHWO,0:54,355,1.2,30,,,
28,RTM,4/5/2026,61,0,0,7:53,8:03,heard,RHWO,1:37,230,5.0,125,,,
28,RTM,4/5/2026,61,0,0,7:53,8:03,heard,TUTI,4:19,281,5.9,146.25,,,
28,RTM,4/5/2026,61,0,0,7:53,8:03,heard,GCFL,2:20,291,3.8,93.75,,,
28,RTM,4/5/2026,61,0,0,7:53,8:03,heard,RHWO,9:02,314,2.9,71.25,,,
28,RTM,4/5/2026,61,0,0,7:53,8:03,heard,BHNU,1:51,326,1.8,43.75,,,
28,RTM,4/5/2026,61,0,0,7:53,8:03,heard,RHWO,0:45,336,6.5,161.25,,,
29,RTM,4/5/2026,65,0,1,9:22,9:32,heard,CAWR,4:51,1,4.1,102.5,,,
29,RTM,4/5/2026,65,0,1,9:22,9:32,heard,CAWR,4:22,33,1.3,31.25,,,
29,RTM,4/5/2026,65,0,1,9:22,9:32,heard,DOWO,0:50,78,2.8,68.75,,,
29,RTM,4/5/2026,65,0,1,9:22,9:32,heard,WBNU,7:07,71,6.1,151.25,,,
29,RTM,4/5/2026,65,0,1,9:22,9:32,heard,TUTI,0:12,90,5.6,138.75,,,
29,RTM,4/5/2026,65,0,1,9:22,9:32,heard,RBWO,3:27,157,7.1,177.5,,,
29,RTM,4/5/2026,65,0,1,9:22,9:32,heard,RBWO,9:50,182,6.5,162.5,,,
29,RTM,4/5/2026,65,0,1,9:22,9:32,heard,CACH,0:12,285,1.2,30,,,
29,RTM,4/5/2026,65,0,1,9:22,9:32,heard,RHWO,6:17,310,7.2,180,,,
30,RTM,4/5/2026,62,0,0,8:22,8:32,heard,CACH,1:39,42,0.9,22.5,,,not burned
30,RTM,4/5/2026,62,0,0,8:22,8:32,heard,CAWR,0:10,27,3.2,78.75,,,
30,RTM,4/5/2026,62,0,0,8:22,8:32,heard,RCWO,6:00,15,5.7,141.25,,,
30,RTM,4/5/2026,62,0,0,8:22,8:32,heard,RHWO,0:28,5,7.3,181.25,,,
30,RTM,4/5/2026,62,0,0,8:22,8:32,heard,TUTI,0:34,36,7.1,176.25,,,
30,RTM,4/5/2026,62,0,0,8:22,8:32,heard,RBWO,4:07,96,6.5,161.25,,,
30,RTM,4/5/2026,62,0,0,8:22,8:32,heard,RHWO,0:50,123,4.1,102.5,,,
30,RTM,4/5/2026,62,0,0,8:22,8:32,heard,RBWO,3:00,144,6.2,153.75,,,
30,RTM,4/5/2026,62,0,0,8:22,8:32,heard,CAWR,4:37,185,3.7,91.25,,,
30,RTM,4/5/2026,62,0,0,8:22,8:32,heard,RHWO,1:25,224,4.6,115,,,
30,RTM,4/5/2026,62,0,0,8:22,8:32,heard,RHWO,1:08,354,2.3,57.5,,,
30,RTM,4/5/2026,62,0,0,8:22,8:32,heard,RHWO,0:02,278,2.1,52.5,,,
31,RTM,4/5/2026,63,1,0,8:45,8:55,heard,RHWO,1:01,1,7.4,183.75,,,
31,RTM,4/5/2026,63,1,0,8:45,8:55,heard,RHWO,0:10,31,6.7,166.25,,,
31,RTM,4/5/2026,63,1,0,8:45,8:55,heard,RBWO,1:25,32,5.6,138.75,,,
31,RTM,4/5/2026,63,1,0,8:45,8:55,heard,NOFL,7:25,48,7.6,188.75,,,
31,RTM,4/5/2026,63,1,0,8:45,8:55,heard,RBWO,0:18,63,7.0,173.75,,,
31,RTM,4/5/2026,63,1,0,8:45,8:55,heard,TUTI,4:37,77,7.4,185,,,
31,RTM,4/5/2026,63,1,0,8:45,8:55,heard,BHNU,6:25,114,0.9,21.25,,,
31,RTM,4/5/2026,63,1,0,8:45,8:55,heard,NOFL,4:45,145,8.2,203.75,,,
31,RTM,4/5/2026,63,1,0,8:45,8:55,heard,RBWO,3:50,168,7.6,188.75,,,
31,RTM,4/5/2026,63,1,0,8:45,8:55,visual,RHWO,3:10,180,3.1,77.5,,,
31,RTM,4/5/2026,63,1,0,8:45,8:55,heard,GCFL,6:03,290,4.2,105,,,
32,RTM,4/5/2026,63,1,0,9:03,9:13,heard,RBWO,1:18,157,8.4,208.75,,,not burned
32,RTM,4/5/2026,63,1,0,9:03,9:13,heard,BHNU,7:10,211,0.7,17.5,,,
32,RTM,4/5/2026,63,1,0,9:03,9:13,heard,RHWO,1:31,184,7.5,186.25,,,
32,RTM,4/5/2026,63,1,0,9:03,9:13,heard,RBWO,3:21,197,8.2,205,,,
32,RTM,4/5/2026,63,1,0,9:03,9:13,heard,RBWO,3:14,225,5.5,137.5,,,
32,RTM,4/5/2026,63,1,0,9:03,9:13,visual,RHWO,3:41,268,1.6,40,,,
32,RTM,4/5/2026,63,1,0,9:03,9:13,heard,RBWO,6:45,311,2.9,71.25,,,
32,RTM,4/5/2026,63,1,0,9:03,9:13,heard,RBWO,9:01,292,5.4,133.75,,,
32,RTM,4/5/2026,63,1,0,9:03,9:13,heard,CAWR,9:02,324,3.6,88.75,,,
32,RTM,4/5/2026,63,1,0,9:03,9:13,heard,RBWO,5:39,334,7.1,176.25,,,
1,RTM,4/3/2026,66,1,1,7:42,7:52,heard,CAWR,0:15,12,6.8,168.75,,,
1,RTM,4/3/2026,66,1,1,7:42,7:52,heard,CAWR,0:04,35,3.7,91.25,,,
1,RTM,4/3/2026,66,1,1,7:42,7:52,heard,TUTI,0:20,45,7.7,192.5,,,
1,RTM,4/3/2026,66,1,1,7:42,7:52,heard,RBWO,0:25,54,6.7,166.25,,,
1,RTM,4/3/2026,66,1,1,7:42,7:52,heard,RBWO,3:30,79,5.7,142.5,,,
1,RTM,4/3/2026,66,1,1,7:42,7:52,heard,TUTI,1:25,96,7.2,178.75,,,
1,RTM,4/3/2026,66,1,1,7:42,7:52,heard,RHWO,9:28,138,9.7,242.5,,,
1,RTM,4/3/2026,66,1,1,7:42,7:52,heard,BASP,6:48,147,7.6,188.75,,,
1,RTM,4/3/2026,66,1,1,7:42,7:52,heard,PIWO,5:10,143,10.3,257.5,,,
1,RTM,4/3/2026,66,1,1,7:42,7:52,heard,BASP,0:50,221,5.2,130,,,
1,RTM,4/3/2026,66,1,1,7:42,7:52,heard,GCFL,4:25,245,4.9,122.5,,,
2,RTM,4/3/2026,67,1,1,8:07,8:17,heard,BASP,0:12,10,5.0,125,,,burned 1 month ago
2,RTM,4/3/2026,67,1,1,8:07,8:17,heard,RHWO,1:49,32,5.7,142.5,,,
2,RTM,4/3/2026,67,1,1,8:07,8:17,heard,BASP,0:14,79,3.7,92.5,,,
2,RTM,4/3/2026,67,1,1,8:07,8:17,heard,WBNU,2:10,152,4.3,107.5,,,
2,RTM,4/3/2026,67,1,1,8:07,8:17,heard,BASP,3:41,151,5.3,131.25,,,
2,RTM,4/3/2026,67,1,1,8:07,8:17,visual,RHWO,0:15,179,4.6,113.75,,,
2,RTM,4/3/2026,67,1,1,8:07,8:17,heard,RCWO,5:59,247,1.7,42.5,,,
2,RTM,4/3/2026,67,1,1,8:07,8:17,heard,BASP,0:13,266,5.5,137.5,,,
2,RTM,4/3/2026,67,1,1,8:07,8:17,heard,BASP,1:08,282,7.7,192.5,,,
2,RTM,4/3/2026,67,1,1,8:07,8:17,heard,GCFL,2:40,317,3.1,76.25,,,
2,RTM,4/3/2026,67,1,1,8:07,8:17,heard,TUTI,0:01,341,2.9,71.25,,,
2,RTM,4/3/2026,67,1,1,8:07,8:17,heard,EABL,0:34,335,4.5,111.25,,,
2,RTM,4/3/2026,67,1,1,8:07,8:17,heard,PIWO,3:24,324,9.2,230,,,
3,RTM,4/3/2026,68,1,0,8:31,8:41,heard,RBWO,0:01,349,3.7,92.5,,,
3,RTM,4/3/2026,68,1,0,8:31,8:41,heard,GCFL,0:54,7,5.0,125,,,
3,RTM,4/3/2026,68,1,0,8:31,8:41,heard,WBNU,4:01,7,1.9,46.25,,,
3,RTM,4/3/2026,68,1,0,8:31,8:41,heard,EABL,8:50,29,4.8,118.75,,,
3,RTM,4/3/2026,68,1,0,8:31,8:41,heard,GCFL,8:30,34,6.9,172.5,,,
3,RTM,4/3/2026,68,1,0,8:31,8:41,heard,BASP,5:57,36,4.5,111.25,,,
3,RTM,4/3/2026,68,1,0,8:31,8:41,heard,RHWO,7:16,94,6.1,151.25,,,
3,RTM,4/3/2026,68,1,0,8:31,8:41,heard,RCWO,3:03,100,4.0,100,,,
3,RTM,4/3/2026,68,1,0,8:31,8:41,heard,BHNU,7:04,105,5.6,138.75,,,
3,RTM,4/3/2026,68,1,0,8:31,8:41,heard,CAWR,2:05,108,6.9,171.25,,,
3,RTM,4/3/2026,68,1,0,8:31,8:41,heard,RCWO,2:35,114,4.8,120,,,
3,RTM,4/3/2026,68,1,0,8:31,8:41,heard,PIWO,4:40,127,8.4,210,,,
3,RTM,4/3/2026,68,1,0,8:31,8:41,heard,RBWO,5:15,183,7.3,182.5,,,
3,RTM,4/3/2026,68,1,0,8:31,8:41,heard,TUTI,0:06,281,4.5,112.5,,,
3,RTM,4/3/2026,68,1,0,8:31,8:41,heard,CAWR,0:40,280,5.8,145,,,
3,RTM,4/3/2026,68,1,0,8:31,8:41,heard,BASP,0:37,320,1.9,46.25,,,
4,RTM,4/3/2026,73,1,2,10:20,10:30,heard,BHNU,6:45,18,3.2,80,,,rained before survey
4,RTM,4/3/2026,73,1,2,10:20,10:30,heard,WBNU,6:04,15,5.6,140,,,
4,RTM,4/3/2026,73,1,2,10:20,10:30,heard,TUTI,0:14,25,7.7,192.5,,,
4,RTM,4/3/2026,73,1,2,10:20,10:30,heard,BASP,0:04,40,4.6,115,,,
4,RTM,4/3/2026,73,1,2,10:20,10:30,heard,RCWO,9:40,47,3.6,88.75,,,
4,RTM,4/3/2026,73,1,2,10:20,10:30,heard,RBWO,2:55,65,6.9,172.5,,,
4,RTM,4/3/2026,73,1,2,10:20,10:30,heard,EABL,0:25,87,3.7,92.5,,,
4,RTM,4/3/2026,73,1,2,10:20,10:30,heard,RHWO,0:38,127,5.3,132.5,,,
4,RTM,4/3/2026,73,1,2,10:20,10:30,heard,BHNU,8:19,223,1.1,27.5,,,
4,RTM,4/3/2026,73,1,2,10:20,10:30,heard,TUTI,4:31,201,7.0,173.75,,,
5,RTM,4/3/2026,69,1,2,8:56,9:06,heard,BASP,4:57,30,5.1,127.5,,,burned 1 month ago
5,RTM,4/3/2026,69,1,2,8:56,9:06,heard,PIWO,1:29,36,6.4,158.75,,,
5,RTM,4/3/2026,69,1,2,8:56,9:06,heard,GCFL,6:21,54,5.6,140,,,
5,RTM,4/3/2026,69,1,2,8:56,9:06,heard,RHWO,1:25,55,6.7,166.25,,,
5,RTM,4/3/2026,69,1,2,8:56,9:06,heard,BASP,0:02,90,3.4,85,,,
5,RTM,4/3/2026,69,1,2,8:56,9:06,heard,BHNU,1:09,105,3.2,78.75,,,
5,RTM,4/3/2026,69,1,2,8:56,9:06,heard,CAWR,2:48,244,6.2,155,,,
5,RTM,4/3/2026,69,1,2,8:56,9:06,heard,RBWO,2:12,315,1.7,41.25,,,
5,RTM,4/3/2026,69,1,2,8:56,9:06,heard,GCFL,0:34,327,2.1,52.5,,,
5,RTM,4/3/2026,69,1,2,8:56,9:06,heard,TUTI,0:45,314,6.6,165,,,
6,RTM,4/3/2026,72,2,1,9:46,9:56,heard,RCWO,0:15,48,2.6,65,,,
6,RTM,4/3/2026,72,2,1,9:46,9:56,heard,RHWO,6:32,45,6.7,166.25,,,
6,RTM,4/3/2026,72,2,1,9:46,9:56,heard,TUTI,0:04,73,3.7,91.25,,,
6,RTM,4/3/2026,72,2,1,9:46,9:56,heard,BHNU,9:25,83,2.8,70,,,
6,RTM,4/3/2026,72,2,1,9:46,9:56,heard,RCWO,2:10,104,1.5,37.5,,,
6,RTM,4/3/2026,72,2,1,9:46,9:56,heard,RBWO,1:00,145,1.0,25,,,
6,RTM,4/3/2026,72,2,1,9:46,9:56,heard,BASP,3:45,119,5.6,138.75,,,
6,RTM,4/3/2026,72,2,1,9:46,9:56,heard,BASP,9:02,217,4.8,120,,,
6,RTM,4/3/2026,72,2,1,9:46,9:56,heard,WBNU,1:53,227,4.4,108.75,,,
6,RTM,4/3/2026,72,2,1,9:46,9:56,heard,RBWO,6:15,244,5.7,142.5,,,
6,RTM,4/3/2026,72,2,1,9:46,9:56,heard,NOFL,0:10,289,5.0,125,,,
5,BB,6/26/2026,84,0,0,8:00,8:10,heard,GCFL,0:22,2,4.3,106.25,Y,y,
5,BB,6/26/2026,84,0,0,8:00,8:10,heard,RBWO,6:52,45,2.4,60,y,y,
5,BB,6/26/2026,84,0,0,8:00,8:10,heard,WBNU,7:13,28,4.6,115,y,n,
5,BB,6/26/2026,84,0,0,8:00,8:10,heard,BASP,1:17,27,6.3,157.5,y,y,
5,BB,6/26/2026,84,0,0,8:00,8:10,heard,GCFL,1:35,53,7.0,173.75,y,y,
5,BB,6/26/2026,84,0,0,8:00,8:10,heard,RBWO,1:30,94,5.2,128.75,y,n,
5,BB,6/26/2026,84,0,0,8:00,8:10,heard,RCWO,0:37,141,3.6,88.75,y,n,
5,BB,6/26/2026,84,0,0,8:00,8:10,heard,RBWO,0:40,139,6.7,167.5,y,y,
5,BB,6/26/2026,84,0,0,8:00,8:10,heard,BASP,2:40,223,4.7,117.5,y,y,
5,BB,6/26/2026,84,0,0,8:00,8:10,heard,BHNU,7:57,290,2.9,72.5,y,n,
5,BB,6/26/2026,84,0,0,8:00,8:10,heard,GCFL,5:27,301,5.1,127.5,y,y,
5,BB,6/26/2026,84,0,0,8:00,8:10,heard,BASP,0:05,324,3.8,93.75,y,y,
5,BB,6/26/2026,84,0,0,8:00,8:10,heard,WBNU,4:29,318,5.6,138.75,y,n,
5,BB,6/26/2026,84,0,0,8:00,8:10,heard,BASP,0:13,310,7.7,191.25,y,y,
5,BB,6/26/2026,84,0,0,8:00,8:10,heard,CAWR,2:40,338,6.1,151.25,y,y,
5,BB,6/26/2026,84,0,0,8:00,8:10,heard,RBWO,4:42,341,7.7,192.5,y,y,
5,RTM,6/26/2026,84,0,0,8:00,8:10,heard,GCFL,0:19,359,2.6,65,y,y,DOWO heard before survey
5,RTM,6/26/2026,84,0,0,8:00,8:10,heard,BASP,2:10,358,6.1,152.5,y,y,
5,RTM,6/26/2026,84,0,0,8:00,8:10,heard,RBWO,4:16,23,7.2,180,y,y,
5,RTM,6/26/2026,84,0,0,8:00,8:10,heard,GCFL,1:31,33,7.3,182.5,y,y,
5,RTM,6/26/2026,84,0,0,8:00,8:10,heard,RBWO,0:20,105,5.2,128.75,y,y,
5,RTM,6/26/2026,84,0,0,8:00,8:10,heard,RHWO,3:50,101,7.5,187.5,y,n,
5,RTM,6/26/2026,84,0,0,8:00,8:10,heard,EABL,9:40,131,2.3,56.25,y,n,
5,RTM,6/26/2026,84,0,0,8:00,8:10,heard,GCFL,8:27,160,2.1,52.5,y,n,
5,RTM,6/26/2026,84,0,0,8:00,8:10,heard,RBWO,0:21,157,7.4,183.75,y,y,
5,RTM,6/26/2026,84,0,0,8:00,8:10,heard,BASP,1:08,204,5.3,132.5,y,y,
5,RTM,6/26/2026,84,0,0,8:00,8:10,heard,GCFL,5:21,295,5.2,130,y,y,
5,RTM,6/26/2026,84,0,0,8:00,8:10,heard,BASP,0:04,314,5.4,133.75,y,y,
5,RTM,6/26/2026,84,0,0,8:00,8:10,heard,BASP,0:07,324,8.9,222.5,y,y,
5,RTM,6/26/2026,84,0,0,8:00,8:10,heard,CAWR,1:51,339,6.5,161.25,y,y,
3,RTM,6/26/2026,76,1,0,7:11,7:21,heard,BASP,0:37,80,4.7,117.5,y,y,
3,RTM,6/26/2026,76,1,0,7:11,7:21,heard,RCWO,3:20,67,5.7,142.5,y,y,
3,RTM,6/26/2026,76,1,0,7:11,7:21,heard,NOFL,0:18,62,6.8,168.75,y,y,
3,RTM,6/26/2026,76,1,0,7:11,7:21,heard,WBNU,1:32,75,6.2,155,y,y,
3,RTM,6/26/2026,76,1,0,7:11,7:21,heard,RCWO,0:02,123,4.4,108.75,y,y,
3,RTM,6/26/2026,76,1,0,7:11,7:21,heard,BHNU,1:41,161,2.6,63.75,y,n,
3,RTM,6/26/2026,76,1,0,7:11,7:21,heard,RHWO,8:56,134,4.8,118.75,y,n,two birds
3,RTM,6/26/2026,76,1,0,7:11,7:21,heard,RHWO,8:56,134,4.8,118.75,y,n,
3,RTM,6/26/2026,76,1,0,7:11,7:21,heard,GCFL,6:53,125,6.2,155,y,y,
3,RTM,6/26/2026,76,1,0,7:11,7:21,heard,DOWO,0:17,123,7.7,191.25,y,y,
3,RTM,6/26/2026,76,1,0,7:11,7:21,heard,RBWO,0:56,139,7.6,190,y,y,
3,RTM,6/26/2026,76,1,0,7:11,7:21,heard,CAWR,1:04,145,7.7,191.25,y,n,
3,RTM,6/26/2026,76,1,0,7:11,7:21,heard,BASP,9:57,162,7.5,186.25,y,n,
3,RTM,6/26/2026,76,1,0,7:11,7:21,heard,EABL,2:59,195,4.8,120,y,y,
3,RTM,6/26/2026,76,1,0,7:11,7:21,heard,BHNU,4:48,230,3.1,76.25,y,n,
3,RTM,6/26/2026,76,1,0,7:11,7:21,heard,RBWO,0:16,215,7.5,186.25,y,y,
3,RTM,6/26/2026,76,1,0,7:11,7:21,heard,RBWO,7:01,253,5.1,127.5,y,n,
3,RTM,6/26/2026,76,1,0,7:11,7:21,heard,TUTI,2:00,257,7.5,186.25,y,y,
3,RTM,6/26/2026,76,1,0,7:11,7:21,heard,GCFL,0:03,282,5.2,130,y,y,
3,RTM,6/26/2026,76,1,0,7:11,7:21,heard,BASP,5:12,304,5.1,127.5,y,y,
3,RTM,6/26/2026,76,1,0,7:11,7:21,heard,CAWR,1:03,323,7.1,177.5,y,y,
10,RTM,6/25/2026,75,2,0,7:29,7:39,heard,BASP,1:00,38,1.7,42.5,y,y,
10,RTM,6/25/2026,75,2,0,7:29,7:39,heard,BASP,1:51,12,6.1,152.5,y,n,
10,RTM,6/25/2026,75,2,0,7:29,7:39,heard,RHWO,8:40,108,5.2,130,y,n,
10,RTM,6/25/2026,75,2,0,7:29,7:39,heard,BASP,0:24,150,4.3,107.5,y,y,
10,RTM,6/25/2026,75,2,0,7:29,7:39,heard,CAWR,0:08,193,5.8,143.75,y,y,
10,RTM,6/25/2026,75,2,0,7:29,7:39,heard,BASP,2:55,203,5.2,130,y,y,
10,RTM,6/25/2026,75,2,0,7:29,7:39,heard,GCFL,2:37,210,3.6,90,y,y,
10,RTM,6/25/2026,75,2,0,7:29,7:39,heard,BHNU,2:07,240,1.6,40,y,n,
10,RTM,6/25/2026,75,2,0,7:29,7:39,heard,RHWO,5:25,233,5.8,145,y,y,
10,RTM,6/25/2026,75,2,0,7:29,7:39,heard,BASP,0:35,340,6.6,163.75,y,y,
14,RTM,6/25/2026,83,2,1,10:09,10:19,heard,BHNU,4:09,352,1.6,38.75,y,y,
14,RTM,6/25/2026,83,2,1,10:09,10:19,heard,CAWR,0:42,47,6.2,153.75,y,y,
14,RTM,6/25/2026,83,2,1,10:09,10:19,heard,DOWO,4:16,71,6.2,155,y,y,
14,RTM,6/25/2026,83,2,1,10:09,10:19,heard,CAWR,9:55,110,6.9,172.5,y,y,
14,RTM,6/25/2026,83,2,1,10:09,10:19,heard,RCWO,1:11,124,4.8,120,y,y,
14,RTM,6/25/2026,83,2,1,10:09,10:19,heard,RBWO,2:25,134,5.1,127.5,y,y,
14,RTM,6/25/2026,83,2,1,10:09,10:19,heard,CAWR,9:56,145,6.9,172.5,y,n,
14,RTM,6/25/2026,83,2,1,10:09,10:19,heard,RBWO,6:37,178,6.2,153.75,y,y,
14,RTM,6/25/2026,83,2,1,10:09,10:19,heard,CAWR,1:48,223,5.7,142.5,y,y,
14,RTM,6/25/2026,83,2,1,10:09,10:19,heard,RHWO,6:51,254,2.4,60,y,n,
14,RTM,6/25/2026,83,2,1,10:09,10:19,heard,BASP,5:20,263,5.6,138.75,y,y,
14,RTM,6/25/2026,83,2,1,10:09,10:19,heard,TUTI,0:50,294,3.7,92.5,y,y,
14,RTM,6/25/2026,83,2,1,10:09,10:19,heard,BHNU,0:01,314,2.2,55,y,y,
14,RTM,6/25/2026,83,2,1,10:09,10:19,heard,RBWO,2:19,299,7.5,187.5,y,y,
14,RTM,6/25/2026,83,2,1,10:09,10:19,heard,BASP,0:10,339,4.2,105,y,y,
14,RTM,6/25/2026,83,2,1,10:09,10:19,heard,RBWO,1:25,353,7.3,182.5,y,y,
1,BB,6/4/2026,60,0,0,7:10,7:20,heard,CAWR,3:57,16,5.2,128.75,,,
1,BB,6/4/2026,60,0,0,7:10,7:20,heard,RHWO,7:04,44,2.2,53.75,,,
1,BB,6/4/2026,60,0,0,7:10,7:20,heard,CAWR,0:10,67,6.3,156.25,,,
1,BB,6/4/2026,60,0,0,7:10,7:20,heard,RBWO,4:36,96,4.1,102.5,,,
1,BB,6/4/2026,60,0,0,7:10,7:20,heard,TUTI,1:17,120,2.9,72.5,,,
1,BB,6/4/2026,60,0,0,7:10,7:20,heard,DOWO,3:06,183,2.3,56.25,,,
1,BB,6/4/2026,60,0,0,7:10,7:20,heard,TUTI,1:30,244,2.3,57.5,,,
1,BB,6/4/2026,60,0,0,7:10,7:20,heard,TUTI,1:20,240,7.0,173.75,,,
1,BB,6/4/2026,60,0,0,7:10,7:20,heard,CAWR,0:41,272,7.5,187.5,,,
1,BB,6/4/2026,60,0,0,7:10,7:20,heard,BHNU,3:23,296,2.6,63.75,,,
1,BB,6/4/2026,60,0,0,7:10,7:20,heard,BASP,1:40,324,4.5,112.5,,,
2,BB,6/4/2026,62,0,0,7:40,7:50,heard,BASP,0:13,6,3.6,90,,,
2,BB,6/4/2026,62,0,0,7:40,7:50,heard,RHWO,0:41,16,5.5,137.5,,,
2,BB,6/4/2026,62,0,0,7:40,7:50,heard,BASP,0:13,42,5.1,126.25,,,
2,BB,6/4/2026,62,0,0,7:40,7:50,heard,BHNU,8:27,52,2.7,66.25,,,
2,BB,6/4/2026,62,0,0,7:40,7:50,heard,WBNU,5:03,84,4.9,122.5,,,
2,BB,6/4/2026,62,0,0,7:40,7:50,heard,GCFL,1:03,111,4.9,122.5,,,
2,BB,6/4/2026,62,0,0,7:40,7:50,heard,BASP,0:13,132,2.9,72.5,,,
2,BB,6/4/2026,62,0,0,7:40,7:50,heard,BASP,3:19,223,1.8,43.75,,,
2,BB,6/4/2026,62,0,0,7:40,7:50,heard,BASP,0:50,263,6.3,157.5,,,
2,BB,6/4/2026,62,0,0,7:40,7:50,heard,BASP,1:17,294,4.1,102.5,,,
3,BB,6/4/2026,66,0,0,8:07,8:17,heard,RBWO,2:41,31,3.6,88.75,,,
3,BB,6/4/2026,66,0,0,8:07,8:17,heard,CAWR,7:08,1,7.5,187.5,,,
3,BB,6/4/2026,66,0,0,8:07,8:17,heard,BASP,2:05,34,9.2,230,,,
3,BB,6/4/2026,66,0,0,8:07,8:17,heard,TUTI,3:36,44,7.1,177.5,,,
3,BB,6/4/2026,66,0,0,8:07,8:17,heard,RCWO,0:57,59,2.1,51.25,,,
3,BB,6/4/2026,66,0,0,8:07,8:17,visual,RHWO,4:45,62,1.1,27.5,,,
3,BB,6/4/2026,66,0,0,8:07,8:17,heard,CAWR,1:43,66,5.6,140,,,
3,BB,6/4/2026,66,0,0,8:07,8:17,heard,BHNU,9:12,85,4.4,108.75,,,
3,BB,6/4/2026,66,0,0,8:07,8:17,heard,BASP,2:25,95,6.4,158.75,,,
3,BB,6/4/2026,66,0,0,8:07,8:17,heard,RCWO,0:30,134,2.0,50,,,
3,BB,6/4/2026,66,0,0,8:07,8:17,heard,BASP,6:07,187,4.5,111.25,,,
3,BB,6/4/2026,66,0,0,8:07,8:17,heard,PIWO,7:23,277,8.9,222.5,,,
3,BB,6/4/2026,66,0,0,8:07,8:17,heard,BASP,6:53,324,7.5,186.25,,,
5,RTM,6/4/2026,66,0,1,8:19,8:29,visual,GCFL,3:18,10,3.8,93.75,,,
5,RTM,6/4/2026,66,0,1,8:19,8:29,visual,GCFL,3:18,10,3.8,93.75,,,
5,RTM,6/4/2026,66,0,1,8:19,8:29,heard,NOFL,0:20,7,5.0,125,,,
5,RTM,6/4/2026,66,0,1,8:19,8:29,heard,RCWO,0:16,31,3.0,75,,,
5,RTM,6/4/2026,66,0,1,8:19,8:29,heard,RBWO,1:32,37,5.4,133.75,,,
5,RTM,6/4/2026,66,0,1,8:19,8:29,heard,BASP,1:03,67,1.8,45,,,
5,RTM,6/4/2026,66,0,1,8:19,8:29,heard,RHWO,0:53,55,6.9,171.25,,,
5,RTM,6/4/2026,66,0,1,8:19,8:29,heard,BASP,1:05,70,6.5,162.5,,,
5,RTM,6/4/2026,66,0,1,8:19,8:29,heard,BASP,2:23,119,3.7,92.5,,,
5,RTM,6/4/2026,66,0,1,8:19,8:29,heard,RBWO,0:32,193,5.2,130,,,
5,RTM,6/4/2026,66,0,1,8:19,8:29,heard,BASP,1:13,307,6.0,148.75,,,
6,RTM,6/4/2026,61,0,1,7:24,7:34,heard,WBNU,1:02,6,3.5,87.5,,,
6,RTM,6/4/2026,61,0,1,7:24,7:34,heard,EABL,7:37,21,5.1,126.25,,,
6,RTM,6/4/2026,61,0,1,7:24,7:34,heard,BASP,1:38,39,7.3,181.25,,,
6,RTM,6/4/2026,61,0,1,7:24,7:34,heard,BASP,0:40,264,3.5,87.5,,,
6,RTM,6/4/2026,61,0,1,7:24,7:34,heard,CAWR,0:04,280,4.7,116.25,,,
6,RTM,6/4/2026,61,0,1,7:24,7:34,heard,RHWO,5:40,340,2.2,55,,,
6,RTM,6/4/2026,61,0,1,7:24,7:34,heard,RBWO,0:24,332,3.2,80,,,
6,RTM,6/4/2026,61,0,1,7:24,7:34,heard,BASP,0:48,334,4.8,118.75,,,
6,RTM,6/4/2026,61,0,1,7:24,7:34,heard,CAWR,1:49,350,3.8,95,,,
7,RTM,6/4/2026,63,0,1,7:47,7:57,heard,RHWO,1:18,49,5.4,135,,,
7,RTM,6/4/2026,63,0,1,7:47,7:57,heard,EABL,1:08,102,5.5,137.5,,,
7,RTM,6/4/2026,63,0,1,7:47,7:57,heard,RCWO,0:46,129,6.4,160,,,
7,RTM,6/4/2026,63,0,1,7:47,7:57,heard,BASP,3:07,141,6.6,165,,,
7,RTM,6/4/2026,63,0,1,7:47,7:57,heard,TUTI,6:44,149,7.3,182.5,,,
7,RTM,6/4/2026,63,0,1,7:47,7:57,heard,EABL,6:08,333,4.1,101.25,,,
7,RTM,6/4/2026,63,0,1,7:47,7:57,heard,WBNU,1:42,346,3.8,95,,,
24,RTM,6/5/2026,66,0,1,8:19,8:29,heard,PIWO,1:24,21,8.4,210,,,no basp
24,RTM,6/5/2026,66,0,1,8:19,8:29,heard,RBWO,3:01,40,6.5,162.5,,,
24,RTM,6/5/2026,66,0,1,8:19,8:29,heard,GCFL,6:42,48,4.8,120,,,
24,RTM,6/5/2026,66,0,1,8:19,8:29,heard,RBWO,8:19,133,5.6,140,,,
24,RTM,6/5/2026,66,0,1,8:19,8:29,heard,RHWO,3:55,126,7.4,185,,,
24,RTM,6/5/2026,66,0,1,8:19,8:29,heard,RHWO,5:53,219,5.0,125,,,
24,RTM,6/5/2026,66,0,1,8:19,8:29,heard,CAWR,0:19,237,3.6,88.75,,,
24,RTM,6/5/2026,66,0,1,8:19,8:29,heard,DOWO,6:36,299,1.4,33.75,,,seen before survey
24,RTM,6/5/2026,66,0,1,8:19,8:29,heard,BHNU,0:22,320,1.8,43.75,,,
24,RTM,6/5/2026,66,0,1,8:19,8:29,heard,RHWO,0:02,305,3.1,76.25,,,
24,RTM,6/5/2026,66,0,1,8:19,8:29,heard,RHWO,1:29,332,3.0,73.75,,,
24,RTM,6/5/2026,66,0,1,8:19,8:29,heard,RBWO,2:26,334,6.5,161.25,,,
25,RTM,6/5/2026,64,0,1,7:48,7:58,visual,RHWO,5:23,348,4.3,107.5,,,
25,RTM,6/5/2026,64,0,1,7:48,7:58,heard,CAWR,3:03,16,5.6,140,,,
25,RTM,6/5/2026,64,0,1,7:48,7:58,heard,TUTI,7:50,17,8.4,210,,,
25,RTM,6/5/2026,64,0,1,7:48,7:58,heard,CAWR,0:03,52,3.6,88.75,,,
25,RTM,6/5/2026,64,0,1,7:48,7:58,heard,DOWO,1:36,113,5.0,125,,,
25,RTM,6/5/2026,64,0,1,7:48,7:58,heard,RBWO,4:27,208,6.4,158.75,,,
25,RTM,6/5/2026,64,0,1,7:48,7:58,heard,GCFL,2:32,250,5.2,128.75,,,
26,RTM,6/5/2026,63,0,1,7:28,7:38,heard,CAWR,0:47,9,7.6,190,,,
26,RTM,6/5/2026,63,0,1,7:28,7:38,heard,RBWO,3:10,96,4.3,107.5,,,
26,RTM,6/5/2026,63,0,1,7:28,7:38,heard,RHWO,1:08,84,8.3,207.5,,,
26,RTM,6/5/2026,63,0,1,7:28,7:38,heard,CAWR,0:25,113,5.4,135,,,
26,RTM,6/5/2026,63,0,1,7:28,7:38,heard,RHWO,3:12,148,6.7,167.5,,,
26,RTM,6/5/2026,63,0,1,7:28,7:38,heard,RBWO,1:51,225,7.7,191.25,,,
26,RTM,6/5/2026,63,0,1,7:28,7:38,heard,RBWO,1:51,225,7.7,191.25,,,
26,RTM,6/5/2026,63,0,1,7:28,7:38,heard,RHWO,4:07,238,6.8,170,,,
26,RTM,6/5/2026,63,0,1,7:28,7:38,heard,RBWO,1:00,284,8.7,217.5,,,
26,RTM,6/5/2026,63,0,1,7:28,7:38,heard,TUTI,8:15,302,5.9,147.5,,,
26,RTM,6/5/2026,63,0,1,7:28,7:38,heard,GCFL,5:13,333,5.7,141.25,,,
26,RTM,6/5/2026,63,0,1,7:28,7:38,heard,RHWO,2:16,327,8.9,222.5,,,
26,RTM,6/5/2026,63,0,1,7:28,7:38,heard,GCFL,5:12,333,5.7,141.25,,,
27,RTM,6/5/2026,70,0,0,8:48,8:58,heard,CAWR,1:57,352,1.3,31.25,,,
27,RTM,6/5/2026,70,0,0,8:48,8:58,heard,CACH,5:08,35,4.3,107.5,,,
27,RTM,6/5/2026,70,0,0,8:48,8:58,heard,BASP,3:18,72,5.0,125,,,
27,RTM,6/5/2026,70,0,0,8:48,8:58,heard,CAWR,0:01,87,7.0,175,,,
27,RTM,6/5/2026,70,0,0,8:48,8:58,heard,CAWR,0:45,112,6.3,157.5,,,
27,RTM,6/5/2026,70,0,0,8:48,8:58,heard,RHWO,0:16,114,7.2,180,,,
27,RTM,6/5/2026,70,0,0,8:48,8:58,heard,RBWO,0:23,167,6.4,160,,,
27,RTM,6/5/2026,70,0,0,8:48,8:58,heard,RCWO,2:01,231,5.0,125,,,
27,RTM,6/5/2026,70,0,0,8:48,8:58,heard,RHWO,2:51,250,5.7,142.5,,,
27,RTM,6/5/2026,70,0,0,8:48,8:58,heard,RBWO,5:10,284,5.3,131.25,,,
27,RTM,6/5/2026,70,0,0,8:48,8:58,heard,RHWO,5:29,321,6.7,167.5,,,
19,RTM,5/25/2026,72,0,0,7:41,7:51,heard,CAWR,5:31,1,6.3,156.25,,,DOWO heard north of plot before survey
19,RTM,5/25/2026,72,0,0,7:41,7:51,heard,RHWO,0:14,30,6.4,158.75,,,
19,RTM,5/25/2026,72,0,0,7:41,7:51,heard,RBWO,3:01,87,7.4,185,,,
19,RTM,5/25/2026,72,0,0,7:41,7:51,heard,BHNU,0:32,127,1.6,38.75,,,
19,RTM,5/25/2026,72,0,0,7:41,7:51,heard,RBWO,1:04,147,5.8,143.75,,,
19,RTM,5/25/2026,72,0,0,7:41,7:51,heard,RHWO,4:06,167,5.0,123.75,,,
19,RTM,5/25/2026,72,0,0,7:41,7:51,heard,RHWO,0:13,311,5.6,138.75,,,
19,RTM,5/25/2026,72,0,0,7:41,7:51,heard,WBNU,2:42,342,5.2,128.75,,,
2,RTM,6/16/2026,84,2,0,8:12,8:22,heard,BASP,5:21,354,1.9,46.25,y,y,
2,RTM,6/16/2026,84,2,0,8:12,8:22,heard,BASP,0:08,12,4.0,98.75,y,y,
2,RTM,6/16/2026,84,2,0,8:12,8:22,visual,RHWO,6:20,19,5.2,130,y,n,
2,RTM,6/16/2026,84,2,0,8:12,8:22,heard,RHWO,9:23,55,7.1,177.5,y,n,
2,RTM,6/16/2026,84,2,0,8:12,8:22,heard,BASP,0:12,74,5.7,141.25,y,y,
2,RTM,6/16/2026,84,2,0,8:12,8:22,heard,WBNU,1:27,114,4.1,101.25,y,n,
2,RTM,6/16/2026,84,2,0,8:12,8:22,heard,EABL,0:01,121,5.5,136.25,y,y,
2,RTM,6/16/2026,84,2,0,8:12,8:22,heard,BASP,2:39,131,4.1,102.5,y,y,
2,RTM,6/16/2026,84,2,0,8:12,8:22,heard,RBWO,4:26,156,7.1,176.25,y,n,
2,RTM,6/16/2026,84,2,0,8:12,8:22,heard,RBWO,2:15,349,7.6,190,y,n,
29,BB,6/5/2026,75,0,0,9:31,9:41,heard,TUTI,4:20,13,7.3,181.25,,,
29,BB,6/5/2026,75,0,0,9:31,9:41,heard,GCFL,0:46,101,5.5,136.25,,,
29,BB,6/5/2026,75,0,0,9:31,9:41,heard,RBWO,0:28,128,5.7,141.25,,,
29,BB,6/5/2026,75,0,0,9:31,9:41,heard,CAWR,1:36,143,4.7,116.25,,,
29,BB,6/5/2026,75,0,0,9:31,9:41,heard,TUTI,5:20,181,4.2,105,,,
29,BB,6/5/2026,75,0,0,9:31,9:41,heard,TUTI,4:31,239,4.9,122.5,,,
4,RTM,6/4/2026,59,0,1,7:05,7:15,heard,BASP,7:45,354,7.2,178.75,,,burned
4,RTM,6/4/2026,59,0,1,7:05,7:15,heard,RHWO,1:32,16,6.3,157.5,,,
4,RTM,6/4/2026,59,0,1,7:05,7:15,heard,EABL,4:29,42,5.6,140,,,
4,RTM,6/4/2026,59,0,1,7:05,7:15,heard,GCFL,3:50,117,4.9,121.25,,,
4,RTM,6/4/2026,59,0,1,7:05,7:15,heard,RBWO,2:03,122,7.5,186.25,,,
4,RTM,6/4/2026,59,0,1,7:05,7:15,heard,TUTI,1:19,145,6.4,160,,,
4,RTM,6/4/2026,59,0,1,7:05,7:15,heard,GCFL,0:19,226,5.1,127.5,,,
4,RTM,6/4/2026,59,0,1,7:05,7:15,heard,CAWR,3:23,227,10.1,252.5,,,
4,RTM,6/4/2026,59,0,1,7:05,7:15,heard,BHNU,0:22,284,3.4,83.75,,,
4,RTM,6/4/2026,59,0,1,7:05,7:15,heard,WBNU,6:35,279,7.1,177.5,,,
4,RTM,6/4/2026,59,0,1,7:05,7:15,heard,TUTI,0:42,288,7.3,181.25,,,
4,RTM,6/4/2026,59,0,1,7:05,7:15,heard,CAWR,0:05,302,6.8,170,,,
9,RTM,6/25/2026,77,2,0,7:52,8:02,visual,RHWO,4:13,24,2.1,52.5,y,y,
9,RTM,6/25/2026,77,2,0,7:52,8:02,heard,PIWO,9:09,99,8.3,206.25,y,y,
9,RTM,6/25/2026,77,2,0,7:52,8:02,heard,RBWO,0:34,131,10.1,252.5,y,y,
9,RTM,6/25/2026,77,2,0,7:52,8:02,heard,GCFL,0:04,190,3.6,90,y,y,
9,RTM,6/25/2026,77,2,0,7:52,8:02,heard,RBWO,1:30,202,7.7,192.5,y,y,
9,RTM,6/25/2026,77,2,0,7:52,8:02,heard,CAWR,1:00,214,6.4,160,y,y,
9,RTM,6/25/2026,77,2,0,7:52,8:02,heard,WBNU,1:13,315,6.4,160,y,n,
11,RTM,6/25/2026,73,2,0,7:08,7:18,heard,WBNU,1:38,14,4.9,122.5,y,y,
11,RTM,6/25/2026,73,2,0,7:08,7:18,heard,RHWO,0:08,37,5.3,132.5,y,y,
11,RTM,6/25/2026,73,2,0,7:08,7:18,heard,EABL,0:12,35,1.8,45,y,y,
11,RTM,6/25/2026,73,2,0,7:08,7:18,heard,CAWR,3:10,67,7.0,173.75,y,y,
11,RTM,6/25/2026,73,2,0,7:08,7:18,heard,RBWO,5:11,135,6.5,161.25,y,y,
11,RTM,6/25/2026,73,2,0,7:08,7:18,heard,CAWR,4:15,112,5.3,132.5,y,n,
11,RTM,6/25/2026,73,2,0,7:08,7:18,heard,BASP,9:57,141,6.7,167.5,y,n,
11,RTM,6/25/2026,73,2,0,7:08,7:18,heard,RHWO,3:01,159,6.8,170,y,n,
11,RTM,6/25/2026,73,2,0,7:08,7:18,heard,BHNU,1:14,247,1.3,32.5,y,y,
11,RTM,6/25/2026,73,2,0,7:08,7:18,heard,CAWR,1:47,263,6.1,152.5,y,y,
11,RTM,6/25/2026,73,2,0,7:08,7:18,visual,BHNU,1:13,321,0.9,21.25,y,y,
11,RTM,6/25/2026,73,2,0,7:08,7:18,heard,DOWO,0:48,320,1.8,45,y,y,
11,RTM,6/25/2026,73,2,0,7:08,7:18,heard,RHWO,0:37,317,5.3,131.25,y,y,
11,RTM,6/25/2026,73,2,0,7:08,7:18,heard,CAWR,0:21,306,7.6,190,y,y,
11,RTM,6/25/2026,73,2,0,7:08,7:18,heard,NOFL,7:14,317,8.9,221.25,y,n,
11,RTM,6/25/2026,73,2,0,7:08,7:18,heard,RBWO,0:03,331,8.4,210,y,n,
19,RTM,6/23/2026,84,0,0,7:18,7:28,heard,BHNU,0:01,13,1.2,28.75,y,y,
19,RTM,6/23/2026,84,0,0,7:18,7:28,heard,BHNU,4:56,359,2.9,72.5,y,n,
19,RTM,6/23/2026,84,0,0,7:18,7:28,visual,RHWO,0:35,1,4.8,118.75,y,y,
19,RTM,6/23/2026,84,0,0,7:18,7:28,heard,CAWR,1:50,350,6.3,157.5,y,y,
19,RTM,6/23/2026,84,0,0,7:18,7:28,heard,RBWO,7:53,49,5.1,126.25,y,y,
19,RTM,6/23/2026,84,0,0,7:18,7:28,heard,RBWO,0:23,142,7.6,190,y,n,
19,RTM,6/23/2026,84,0,0,7:18,7:28,heard,RBWO,0:04,228,5.0,123.75,y,y,
19,RTM,6/23/2026,84,0,0,7:18,7:28,heard,TUTI,1:43,247,3.3,81.25,y,n,
19,RTM,6/23/2026,84,0,0,7:18,7:28,heard,CAWR,1:54,305,4.5,111.25,y,n,
19,RTM,6/23/2026,84,0,0,7:18,7:28,heard,RHWO,9:28,299,7.3,182.5,y,y,
18,RTM,6/23/2026,99,1,2,9:07,9:17,heard,BASP,5:14,22,4.9,121.25,y,n,
18,RTM,6/23/2026,99,1,2,9:07,9:17,heard,EABL,0:32,52,4.2,103.75,y,y,
18,RTM,6/23/2026,99,1,2,9:07,9:17,heard,BHNU,6:57,118,2.3,56.25,y,n,
18,RTM,6/23/2026,99,1,2,9:07,9:17,heard,BASP,9:00,140,3.7,92.5,y,y,
18,RTM,6/23/2026,99,1,2,9:07,9:17,heard,RHWO,8:27,141,7.2,178.75,y,y,
18,RTM,6/23/2026,99,1,2,9:07,9:17,heard,BASP,1:27,221,3.2,80,y,y,
18,RTM,6/23/2026,99,1,2,9:07,9:17,heard,RBWO,0:09,217,9.4,233.75,y,n,
18,RTM,6/23/2026,99,1,2,9:07,9:17,heard,BASP,1:14,312,1.7,41.25,y,y,
18,RTM,6/23/2026,99,1,2,9:07,9:17,heard,RBWO,4:14,296,7.2,180,y,y,
18,RTM,6/23/2026,99,1,2,9:07,9:17,heard,CAWR,0:44,319,6.5,161.25,y,y,
22,RTM,6/23/2026,95,0,1,8:41,8:51,heard,BASP,1:53,360,4.2,103.75,y,y,
22,RTM,6/23/2026,95,0,1,8:41,8:51,heard,RHWO,4:15,354,6.2,155,y,y,
22,RTM,6/23/2026,95,0,1,8:41,8:51,heard,BASP,0:05,70,5.1,126.25,y,y,
22,RTM,6/23/2026,95,0,1,8:41,8:51,heard,RBWO,0:09,106,5.4,133.75,y,y,
22,RTM,6/23/2026,95,0,1,8:41,8:51,heard,BASP,1:12,117,5.5,136.25,y,n,
22,RTM,6/23/2026,95,0,1,8:41,8:51,heard,EABL,6:20,114,5.0,123.75,y,y,
22,RTM,6/23/2026,95,0,1,8:41,8:51,heard,RHWO,9:51,134,7.3,181.25,y,y,
22,RTM,6/23/2026,95,0,1,8:41,8:51,heard,PIWO,2:45,149,7.5,186.25,y,y,
22,RTM,6/23/2026,95,0,1,8:41,8:51,heard,RHWO,9:52,223,7.5,186.25,y,n,
22,RTM,6/23/2026,95,0,1,8:41,8:51,heard,RBWO,5:32,269,7.4,185,y,y,
22,RTM,6/23/2026,95,0,1,8:41,8:51,heard,BASP,0:21,312,2.9,71.25,y,y,
22,RTM,6/23/2026,95,0,1,8:41,8:51,heard,RBWO,1:01,330,7.5,187.5,y,y,
23,RTM,6/23/2026,93,0,1,8:14,8:24,heard,RHWO,0:04,355,4.4,110,y,n,
23,RTM,6/23/2026,93,0,1,8:14,8:24,heard,RCWO,0:18,20,2.9,72.5,y,n,
23,RTM,6/23/2026,93,0,1,8:14,8:24,heard,WBNU,2:09,32,4.9,122.5,y,y,
23,RTM,6/23/2026,93,0,1,8:14,8:24,heard,CAWR,9:12,55,2.5,62.5,y,y,
23,RTM,6/23/2026,93,0,1,8:14,8:24,heard,RHWO,1:12,116,6.5,162.5,y,n,
23,RTM,6/23/2026,93,0,1,8:14,8:24,heard,RBWO,1:48,162,7.4,185,y,y,
23,RTM,6/23/2026,93,0,1,8:14,8:24,heard,RHWO,1:47,172,7.3,182.5,y,y,
23,RTM,6/23/2026,93,0,1,8:14,8:24,visual,WBNU,3:08,326,2.7,67.5,y,n,
23,RTM,6/23/2026,93,0,1,8:14,8:24,heard,CAWR,2:31,298,5.1,127.5,y,y,
23,RTM,6/23/2026,93,0,1,8:14,8:24,heard,RBWO,3:49,349,3.5,87.5,y,y,
17,RTM,6/23/2026,89,0,1,7:44,7:54,heard,DOWO,0:41,12,3.2,78.75,y,y,
17,RTM,6/23/2026,89,0,1,7:44,7:54,heard,RHWO,8:12,30,6.3,156.25,y,y,
17,RTM,6/23/2026,89,0,1,7:44,7:54,heard,CAWR,0:28,45,7.6,190,y,n,
17,RTM,6/23/2026,89,0,1,7:44,7:54,heard,BASP,8:56,53,6.7,166.25,y,n,
17,RTM,6/23/2026,89,0,1,7:44,7:54,heard,RBWO,5:23,114,6.4,160,y,n,
17,RTM,6/23/2026,89,0,1,7:44,7:54,heard,RHWO,0:15,139,5.4,133.75,y,y,
17,RTM,6/23/2026,89,0,1,7:44,7:54,heard,WBNU,5:42,135,6.7,166.25,y,n,
17,RTM,6/23/2026,89,0,1,7:44,7:54,heard,RBWO,0:40,156,6.5,162.5,y,y,
17,RTM,6/23/2026,89,0,1,7:44,7:54,heard,BASP,7:11,214,9.4,233.75,y,n,
17,RTM,6/23/2026,89,0,1,7:44,7:54,heard,TUTI,1:30,247,9.2,230,y,n,
17,RTM,6/23/2026,89,0,1,7:44,7:54,heard,RBWO,2:17,321,5.2,130,y,y,
21,RTM,6/22/2026,103,0,1,9:15,9:25,heard,CAWR,0:07,37,3.0,73.75,y,y,
21,RTM,6/22/2026,103,0,1,9:15,9:25,heard,DOWO,0:53,78,3.1,77.5,y,y,
21,RTM,6/22/2026,103,0,1,9:15,9:25,heard,DOWO,0:54,90,3.9,97.5,y,n,
21,RTM,6/22/2026,103,0,1,9:15,9:25,heard,BASP,1:17,96,4.2,105,y,y,
21,RTM,6/22/2026,103,0,1,9:15,9:25,heard,CAWR,6:01,131,1.5,37.5,y,y,
21,RTM,6/22/2026,103,0,1,9:15,9:25,heard,RBWO,0:21,118,4.8,120,y,y,
21,RTM,6/22/2026,103,0,1,9:15,9:25,heard,TUTI,6:23,143,5.2,130,y,n,
21,RTM,6/22/2026,103,0,1,9:15,9:25,heard,RHWO,7:12,156,6.6,165,y,y,
21,RTM,6/22/2026,103,0,1,9:15,9:25,heard,RBWO,0:10,177,6.5,161.25,y,y,
21,RTM,6/22/2026,103,0,1,9:15,9:25,heard,RHWO,7:39,200,5.6,140,y,y,
21,RTM,6/22/2026,103,0,1,9:15,9:25,heard,RBWO,9:18,229,4.8,118.75,y,n,
21,RTM,6/22/2026,103,0,1,9:15,9:25,heard,GCFL,2:15,314,3.8,93.75,y,n,
21,RTM,6/22/2026,103,0,1,9:15,9:25,heard,RBWO,4:15,337,5.7,142.5,y,y,
15,RTM,6/22/2026,75,0,0,7:28,7:38,heard,RHWO,0:08,171,5.1,127.5,y,y,DOWO and PIWO heard before survey
15,RTM,6/22/2026,75,0,0,7:28,7:38,heard,RHWO,1:39,180,4.6,115,y,y,
15,RTM,6/22/2026,75,0,0,7:28,7:38,heard,GCFL,5:45,214,2.3,57.5,y,y,
15,RTM,6/22/2026,75,0,0,7:28,7:38,heard,CAWR,9:05,238,4.7,117.5,y,n,
15,RTM,6/22/2026,75,0,0,7:28,7:38,heard,BASP,0:08,257,5.0,125,y,y,
15,RTM,6/22/2026,75,0,0,7:28,7:38,heard,RBWO,1:45,278,6.2,155,y,y,
15,RTM,6/22/2026,75,0,0,7:28,7:38,heard,CAWR,0:31,314,4.3,107.5,y,y,
15,RTM,6/22/2026,75,0,0,7:28,7:38,heard,RHWO,1:04,303,6.7,167.5,y,y,
15,RTM,6/22/2026,75,0,0,7:28,7:38,heard,TUTI,0:09,325,5.2,130,y,n,
15,RTM,6/22/2026,75,0,0,7:28,7:38,heard,RBWO,5:00,332,6.2,153.75,y,n,
15,RTM,6/22/2026,75,0,0,7:28,7:38,heard,PIWO,5:25,343,8.5,211.25,y,n,
16,RTM,6/22/2026,78,0,0,7:50,8:00,heard,BASP,0:57,13,3.0,73.75,y,y,
16,RTM,6/22/2026,78,0,0,7:50,8:00,heard,TUTI,6:08,52,6.7,167.5,y,n,
16,RTM,6/22/2026,78,0,0,7:50,8:00,heard,BASP,3:19,68,7.1,177.5,y,n,
16,RTM,6/22/2026,78,0,0,7:50,8:00,heard,RHWO,5:18,109,2.2,55,y,y,
16,RTM,6/22/2026,78,0,0,7:50,8:00,heard,CAWR,8:08,133,3.6,88.75,y,y,
16,RTM,6/22/2026,78,0,0,7:50,8:00,heard,RHWO,0:15,146,6.2,155,y,y,
16,RTM,6/22/2026,78,0,0,7:50,8:00,heard,BASP,1:15,153,2.7,66.25,y,n,
16,RTM,6/22/2026,78,0,0,7:50,8:00,heard,CAWR,1:31,216,5.6,140,y,y,
16,RTM,6/22/2026,78,0,0,7:50,8:00,visual,RHWO,2:31,221,1.3,31.25,y,y,
16,RTM,6/22/2026,78,0,0,7:50,8:00,heard,RHWO,0:09,243,5.3,132.5,y,y,
16,RTM,6/22/2026,78,0,0,7:50,8:00,heard,BASP,0:35,250,3.6,90,y,n,
16,RTM,6/22/2026,78,0,0,7:50,8:00,heard,TUTI,4:59,309,1.9,47.5,y,n,
16,RTM,6/22/2026,78,0,0,7:50,8:00,heard,CAWR,1:37,335,4.9,122.5,y,y,
16,RTM,6/22/2026,78,0,0,7:50,8:00,heard,PIWO,3:06,333,8.8,220,y,n,
16,RTM,6/22/2026,78,0,0,7:50,8:00,heard,RBWO,9:35,352,6.2,155,y,y,
20,RTM,6/22/2026,95,1,1,8:48,8:58,heard,EABL,4:37,92,5.3,132.5,y,n,
20,RTM,6/22/2026,95,1,1,8:48,8:58,heard,CAWR,0:08,117,2.4,60,y,y,
20,RTM,6/22/2026,95,1,1,8:48,8:58,heard,RBWO,3:47,109,5.6,140,y,y,
20,RTM,6/22/2026,95,1,1,8:48,8:58,heard,BASP,0:39,122,5.5,136.25,y,n,
20,RTM,6/22/2026,95,1,1,8:48,8:58,heard,DOWO,4:39,157,1.3,32.5,y,y,
20,RTM,6/22/2026,95,1,1,8:48,8:58,heard,RHWO,0:02,147,6.6,165,y,y,
20,RTM,6/22/2026,95,1,1,8:48,8:58,heard,RBWO,0:50,173,4.4,108.75,y,y,
20,RTM,6/22/2026,95,1,1,8:48,8:58,heard,TUTI,2:20,193,2.3,57.5,y,y,
20,RTM,6/22/2026,95,1,1,8:48,8:58,heard,RHWO,3:37,201,7.4,185,y,y,
20,RTM,6/22/2026,95,1,1,8:48,8:58,heard,PIWO,0:51,224,4.9,122.5,y,y,
26,RTM,6/19/2026,101,2,2,10:39,10:49,heard,WBNU,1:37,18,7.8,195,y,y,
26,RTM,6/19/2026,101,2,2,10:39,10:49,heard,BHNU,2:06,27,4.8,120,y,y,
26,RTM,6/19/2026,101,2,2,10:39,10:49,heard,BHNU,5:10,18,3.9,97.5,y,y,
26,RTM,6/19/2026,101,2,2,10:39,10:49,heard,RHWO,1:12,120,4.2,105,y,y,
26,RTM,6/19/2026,101,2,2,10:39,10:49,heard,EABL,0:04,320,2.2,53.75,y,y,
26,RTM,6/19/2026,101,2,2,10:39,10:49,heard,GCFL,5:47,323,3.2,80,y,y,
26,RTM,6/19/2026,101,2,2,10:39,10:49,heard,BHNU,7:40,345,1.2,30,y,y,
26,RTM,6/19/2026,101,2,2,10:39,10:49,heard,CAWR,6:07,30,7.8,195,y,n,
29,RTM,6/19/2026,103,2,2,10:07,10:17,heard,DOWO,0:30,6,1.8,43.75,y,y,3 RBWO seen before survey
29,RTM,6/19/2026,103,2,2,10:07,10:17,heard,CAWR,0:18,88,6.5,161.25,y,y,
29,RTM,6/19/2026,103,2,2,10:07,10:17,heard,TUTI,2:40,102,6.3,157.5,y,y,
29,RTM,6/19/2026,103,2,2,10:07,10:17,heard,CAWR,0:02,113,3.7,91.25,y,y,
29,RTM,6/19/2026,103,2,2,10:07,10:17,heard,RHWO,2:10,274,6.2,155,y,n,
29,RTM,6/19/2026,103,2,2,10:07,10:17,heard,GCFL,1:30,303,2.5,62.5,y,y,
29,RTM,6/19/2026,103,2,2,10:07,10:17,heard,RBWO,4:18,332,2.5,62.5,y,y,
29,RTM,6/19/2026,103,2,2,10:07,10:17,visual,GCFL,1:31,352,2.7,67.5,y,y,
32,RTM,6/19/2026,102,2,3,9:40,9:50,heard,CAWR,6:04,80,4.2,105,y,n,
32,RTM,6/19/2026,102,2,3,9:40,9:50,heard,RBWO,4:33,224,6.2,155,y,y,
32,RTM,6/19/2026,102,2,3,9:40,9:50,heard,RBWO,4:30,229,5.0,123.75,y,y,
32,RTM,6/19/2026,102,2,3,9:40,9:50,heard,RHWO,0:54,243,5.3,132.5,y,y,
32,RTM,6/19/2026,102,2,3,9:40,9:50,heard,RHWO,0:19,249,6.2,155,y,y,
32,RTM,6/19/2026,102,2,3,9:40,9:50,heard,EABL,0:34,279,3.8,95,y,y,
32,RTM,6/19/2026,102,2,3,9:40,9:50,heard,DOWO,7:34,276,4.6,115,y,y,
31,RTM,6/19/2026,99,2,2,9:19,9:29,heard,BHNU,4:13,37,1.7,42.5,y,n,
31,RTM,6/19/2026,99,2,2,9:19,9:29,heard,RHWO,4:41,143,2.9,71.25,y,y,
31,RTM,6/19/2026,99,2,2,9:19,9:29,heard,RHWO,0:41,186,5.1,127.5,y,y,
31,RTM,6/19/2026,99,2,2,9:19,9:29,heard,CAWR,5:21,287,4.7,117.5,y,y,
30,RTM,6/19/2026,98,1,2,8:56,9:06,heard,RBWO,1:30,31,2.0,48.75,y,y,
30,RTM,6/19/2026,98,1,2,8:56,9:06,heard,CAWR,2:41,186,3.7,92.5,y,y,
30,RTM,6/19/2026,98,1,2,8:56,9:06,heard,CACH,9:10,218,4.5,112.5,y,n,
30,RTM,6/19/2026,98,1,2,8:56,9:06,heard,BHNU,0:07,328,1.1,27.5,y,y,
30,RTM,6/19/2026,98,1,2,8:56,9:06,visual,BHNU,0:07,328,1.1,27.5,y,y,
30,RTM,6/19/2026,98,1,2,8:56,9:06,heard,CAWR,1:57,327,2.9,71.25,y,y,
28,RTM,6/19/2026,94,2,2,8:31,8:41,heard,RHWO,0:02,42,5.6,140,y,y,
28,RTM,6/19/2026,94,2,2,8:31,8:41,heard,RBWO,8:53,68,3.4,83.75,y,y,
28,RTM,6/19/2026,94,2,2,8:31,8:41,heard,CAWR,6:58,109,3.4,85,y,n,
28,RTM,6/19/2026,94,2,2,8:31,8:41,heard,BHNU,0:06,119,1.7,42.5,y,y,
28,RTM,6/19/2026,94,2,2,8:31,8:41,heard,DOWO,6:17,221,2.8,70,y,y,
28,RTM,6/19/2026,94,2,2,8:31,8:41,heard,CAWR,1:33,219,3.6,88.75,y,y,
28,RTM,6/19/2026,94,2,2,8:31,8:41,heard,RHWO,0:04,240,2.7,67.5,y,y,
28,RTM,6/19/2026,94,2,2,8:31,8:41,heard,RBWO,1:28,259,2.5,62.5,y,y,
28,RTM,6/19/2026,94,2,2,8:31,8:41,heard,RHWO,2:23,259,3.8,95,y,y,
28,RTM,6/19/2026,94,2,2,8:31,8:41,heard,TUTI,0:29,326,3.3,82.5,y,y,
28,RTM,6/19/2026,94,2,2,8:31,8:41,heard,CAWR,6:52,327,4.3,106.25,y,y,
27,RTM,6/19/2026,91,2,1,8:07,8:17,heard,CAWR,0:07,22,3.7,92.5,y,y,
27,RTM,6/19/2026,91,2,1,8:07,8:17,heard,RBWO,7:29,37,5.6,138.75,y,n,
27,RTM,6/19/2026,91,2,1,8:07,8:17,heard,PIWO,9:48,42,8.8,220,y,n,
27,RTM,6/19/2026,91,2,1,8:07,8:17,heard,CAWR,0:56,123,6.0,150,y,y,
27,RTM,6/19/2026,91,2,1,8:07,8:17,heard,WBNU,7:45,339,3.0,75,y,n,
27,RTM,6/19/2026,91,2,1,8:07,8:17,heard,TUTI,0:19,352,5.0,125,y,y,
24,RTM,6/19/2026,86,2,0,7:40,7:50,heard,GCFL,2:31,65,3.2,80,y,y,
24,RTM,6/19/2026,86,2,0,7:40,7:50,heard,BASP,0:02,92,2.9,72.5,y,y,
24,RTM,6/19/2026,86,2,0,7:40,7:50,heard,RBWO,8:39,122,4.7,116.25,y,y,
24,RTM,6/19/2026,86,2,0,7:40,7:50,heard,BASP,8:59,164,3.2,80,y,y,
24,RTM,6/19/2026,86,2,0,7:40,7:50,heard,PIWO,1:24,140,8.9,222.5,y,y,
24,RTM,6/19/2026,86,2,0,7:40,7:50,heard,RBWO,0:37,205,5.5,137.5,y,y,
24,RTM,6/19/2026,86,2,0,7:40,7:50,heard,RHWO,1:11,323,2.5,61.25,y,n,
24,RTM,6/19/2026,86,2,0,7:40,7:50,heard,RBWO,3:45,333,1.4,33.75,y,y,
25,RTM,6/19/2026,82,2,0,7:14,7:24,heard,CAWR,0:04,30,4.5,111.25,y,y,
25,RTM,6/19/2026,82,2,0,7:14,7:24,heard,RBWO,2:31,79,5.6,138.75,y,y,
25,RTM,6/19/2026,82,2,0,7:14,7:24,heard,RBWO,0:16,93,5.3,132.5,y,y,
25,RTM,6/19/2026,82,2,0,7:14,7:24,heard,CAWR,3:00,137,5.7,141.25,y,y,
25,RTM,6/19/2026,82,2,0,7:14,7:24,heard,CAWR,0:47,248,2.7,67.5,y,y,
25,RTM,6/19/2026,82,2,0,7:14,7:24,heard,PIWO,1:47,274,7.6,190,y,y,
25,RTM,6/19/2026,82,2,0,7:14,7:24,heard,RCWO,0:35,326,3.5,87.5,y,y,
25,RTM,6/19/2026,82,2,0,7:14,7:24,heard,PIWO,1:37,333,8.7,217.5,y,n,
9,RTM,5/4/2026,63,0,0,9:12,9:22,heard,BHNU,6:22,22,1.1,26.25,y,y,
9,RTM,5/4/2026,63,0,0,9:12,9:22,heard,RBWO,0:25,10,5.7,142.5,y,y,
9,RTM,5/4/2026,63,0,0,9:12,9:22,heard,RBWO,0:25,19,5.8,143.75,y,y,
9,RTM,5/4/2026,63,0,0,9:12,9:22,heard,CAWR,2:41,42,5.3,131.25,y,n,
9,RTM,5/4/2026,63,0,0,9:12,9:22,heard,GCFL,0:27,48,5.3,132.5,y,y,
9,RTM,5/4/2026,63,0,0,9:12,9:22,heard,BHNU,0:48,58,1.7,42.5,y,y,
9,RTM,5/4/2026,63,0,0,9:12,9:22,heard,RHWO,5:28,80,7.5,187.5,y,n,
9,RTM,5/4/2026,63,0,0,9:12,9:22,heard,WBNU,0:02,184,1.6,38.75,y,y,
9,RTM,5/4/2026,63,0,0,9:12,9:22,heard,RBWO,3:52,182,7.0,175,y,y,
9,RTM,5/4/2026,63,0,0,9:12,9:22,heard,RHWO,5:40,192,7.5,187.5,y,n,
9,RTM,5/4/2026,63,0,0,9:12,9:22,heard,CAWR,0:17,208,3.0,75,y,y,
9,RTM,5/4/2026,63,0,0,9:12,9:22,heard,TUTI,1:43,286,6.7,167.5,y,y,
9,RTM,5/4/2026,63,0,0,9:12,9:22,heard,GCFL,0:03,337,3.0,73.75,y,y,
13,RTM,5/4/2026,52,0,0,8:02,8:01,heard,BHNU,1:01,46,0.7,17.5,y,y,train
13,RTM,5/4/2026,52,0,0,8:02,8:01,heard,GCFL,4:30,5,4.9,121.25,y,y,
13,RTM,5/4/2026,52,0,0,8:02,8:01,heard,TUTI,2:11,29,7.2,178.75,y,n,
13,RTM,5/4/2026,52,0,0,8:02,8:01,heard,RBWO,5:50,89,6.9,172.5,y,n,
13,RTM,5/4/2026,52,0,0,8:02,8:01,heard,TUTI,8:03,116,7.1,176.25,y,n,
13,RTM,5/4/2026,52,0,0,8:02,8:01,heard,RBWO,5:20,141,2.4,58.75,y,y,
13,RTM,5/4/2026,52,0,0,8:02,8:01,heard,RBWO,5:19,193,5.5,136.25,y,y,
13,RTM,5/4/2026,52,0,0,8:02,8:01,heard,EABL,3:35,210,2.7,66.25,y,n,
13,RTM,5/4/2026,52,0,0,8:02,8:01,heard,CACH,1:51,218,5.2,128.75,y,n,
13,RTM,5/4/2026,52,0,0,8:02,8:01,heard,TUTI,3:03,214,7.5,186.25,y,y,
13,RTM,5/4/2026,52,0,0,8:02,8:01,heard,RCWO,8:53,340,1.8,43.75,y,n,
13,RTM,5/4/2026,52,0,0,8:02,8:01,heard,RBWO,1:00,327,7.4,183.75,y,y,
14,RTM,5/4/2026,55,0,0,8:30,8:40,heard,BHNU,2:49,13,1.6,40,y,y,
14,RTM,5/4/2026,55,0,0,8:30,8:40,heard,RHWO,4:09,2,3.7,91.25,y,y,
14,RTM,5/4/2026,55,0,0,8:30,8:40,heard,BASP,0:22,22,3.4,85,y,y,
14,RTM,5/4/2026,55,0,0,8:30,8:40,heard,GCFL,1:31,14,6.2,155,y,n,
14,RTM,5/4/2026,55,0,0,8:30,8:40,heard,RCWO,1:05,48,4.8,120,y,n,
14,RTM,5/4/2026,55,0,0,8:30,8:40,heard,RBWO,0:12,48,6.8,170,y,y,
14,RTM,5/4/2026,55,0,0,8:30,8:40,heard,RHWO,2:24,57,7.1,177.5,y,y,
14,RTM,5/4/2026,55,0,0,8:30,8:40,heard,BHNU,0:22,74,1.6,40,y,y,
14,RTM,5/4/2026,55,0,0,8:30,8:40,heard,CAWR,0:31,70,5.2,130,y,y,
14,RTM,5/4/2026,55,0,0,8:30,8:40,heard,BASP,0:17,84,5.0,123.75,y,y,
14,RTM,5/4/2026,55,0,0,8:30,8:40,heard,RBWO,4:35,103,7.3,182.5,y,n,
14,RTM,5/4/2026,55,0,0,8:30,8:40,heard,WBNU,2:43,209,3.5,86.25,y,y,
14,RTM,5/4/2026,55,0,0,8:30,8:40,heard,RCWO,5:20,262,4.7,116.25,y,n,
14,RTM,5/4/2026,55,0,0,8:30,8:40,heard,BASP,0:51,307,3.6,90,y,n,
24,RTM,5/5/2026,58,0,0,8:08,8:18,visual,TUTI,2:00,20,2.3,56.25,y,n,
24,RTM,5/5/2026,58,0,0,8:08,8:18,visual,GCFL,3:07,26,4.3,107.5,y,y,
24,RTM,5/5/2026,58,0,0,8:08,8:18,heard,TUTI,1:02,37,2.2,55,y,y,
24,RTM,5/5/2026,58,0,0,8:08,8:18,heard,RBWO,2:18,51,5.6,138.75,y,y,
24,RTM,5/5/2026,58,0,0,8:08,8:18,heard,RBWO,6:05,47,8.4,210,y,n,
24,RTM,5/5/2026,58,0,0,8:08,8:18,heard,RHWO,8:57,99,8.3,207.5,y,n,
24,RTM,5/5/2026,58,0,0,8:08,8:18,heard,BASP,2:07,110,5.0,123.75,y,y,
24,RTM,5/5/2026,58,0,0,8:08,8:18,heard,EABL,4:04,114,3.7,92.5,y,n,
24,RTM,5/5/2026,58,0,0,8:08,8:18,heard,CAWR,0:18,137,6.3,157.5,y,y,
24,RTM,5/5/2026,58,0,0,8:08,8:18,heard,CACH,7:05,169,1.4,33.75,y,n,
24,RTM,5/5/2026,58,0,0,8:08,8:18,heard,TUTI,0:02,234,6.4,160,y,n,
24,RTM,5/5/2026,58,0,0,8:08,8:18,heard,RHWO,4:19,262,4.9,122.5,y,y,
24,RTM,5/5/2026,58,0,0,8:08,8:18,heard,DOWO,7:11,321,3.7,92.5,y,y,
24,RTM,5/5/2026,58,0,0,8:08,8:18,heard,CAWR,7:38,349,4.3,107.5,y,n,
25,RTM,5/5/2026,52,0,0,7:39,7:49,heard,CAWR,0:08,55,3.8,95,y,n,
25,RTM,5/5/2026,52,0,0,7:39,7:49,heard,GCFL,2:16,45,5.7,141.25,y,y,
25,RTM,5/5/2026,52,0,0,7:39,7:49,heard,RBWO,7:20,160,8.3,207.5,y,y,
25,RTM,5/5/2026,52,0,0,7:39,7:49,heard,CAWR,8:27,217,3.0,75,y,n,
25,RTM,5/5/2026,52,0,0,7:39,7:49,heard,GCFL,0:37,244,6.9,172.5,y,y,
25,RTM,5/5/2026,52,0,0,7:39,7:49,heard,RCWO,6:58,270,2.9,71.25,y,n,
25,RTM,5/5/2026,52,0,0,7:39,7:49,heard,RBWO,1:03,288,6.3,156.25,y,y,
25,RTM,5/5/2026,52,0,0,7:39,7:49,visual,RHWO,3:01,307,2.2,55,y,y,
26,RTM,5/5/2026,52,0,0,7:15,7:25,heard,RBWO,0:38,37,6.4,158.75,y,n,
26,RTM,5/5/2026,52,0,0,7:15,7:25,heard,RBWO,3:12,123,1.9,47.5,y,y,
26,RTM,5/5/2026,52,0,0,7:15,7:25,heard,RHWO,0:20,129,3.7,91.25,y,y,
26,RTM,5/5/2026,52,0,0,7:15,7:25,heard,DOWO,5:00,153,1.5,36.25,y,n,
26,RTM,5/5/2026,52,0,0,7:15,7:25,heard,RBWO,0:21,230,5.9,146.25,y,n,
26,RTM,5/5/2026,52,0,0,7:15,7:25,heard,GCFL,4:10,240,7.7,192.5,y,n,
26,RTM,5/5/2026,52,0,0,7:15,7:25,heard,EABL,8:13,309,1.6,38.75,y,n,
26,RTM,5/5/2026,52,0,0,7:15,7:25,heard,GCFL,8:24,330,5.4,135,y,n,
26,RTM,5/5/2026,52,0,0,7:15,7:25,heard,GCFL,0:06,1,7.1,177.5,y,y,
27,RTM,5/5/2026,64,0,0,8:40,8:50,heard,BASP,0:01,27,2.7,66.25,y,y,
27,RTM,5/5/2026,64,0,0,8:40,8:50,heard,RHWO,8:57,32,3.7,92.5,y,y,
27,RTM,5/5/2026,64,0,0,8:40,8:50,heard,CAWR,1:12,35,4.6,113.75,y,n,
27,RTM,5/5/2026,64,0,0,8:40,8:50,heard,CAWR,0:37,77,5.9,147.5,y,y,
27,RTM,5/5/2026,64,0,0,8:40,8:50,heard,CAWR,1:55,117,6.5,162.5,y,y,
27,RTM,5/5/2026,64,0,0,8:40,8:50,heard,BASP,0:18,122,5.1,126.25,y,n,
27,RTM,5/5/2026,64,0,0,8:40,8:50,heard,RBWO,5:15,123,7.9,197.5,y,n,
27,RTM,5/5/2026,64,0,0,8:40,8:50,heard,RBWO,5:20,162,1.8,43.75,y,n,
27,RTM,5/5/2026,64,0,0,8:40,8:50,heard,TUTI,4:55,230,4.1,102.5,y,n,
27,RTM,5/5/2026,64,0,0,8:40,8:50,heard,BASP,0:10,244,1.8,45,y,y,
27,RTM,5/5/2026,64,0,0,8:40,8:50,heard,RHWO,2:03,299,3.4,85,y,y,
27,RTM,5/5/2026,64,0,0,8:40,8:50,heard,GCFL,0:17,333,3.4,83.75,y,n,
27,RTM,5/5/2026,64,0,0,8:40,8:50,heard,RHWO,3:21,357,7.6,190,y,y,
27,RTM,5/5/2026,64,0,0,8:40,8:50,heard,TUTI,3:39,350,5.5,137.5,y,n,
28,RTM,5/5/2026,68,0,0,9:08,9:18,heard,CAWR,5:16,3,5.1,126.25,y,y,"2 DOWO seen after, also many RHWO heard after"
28,RTM,5/5/2026,68,0,0,9:08,9:18,heard,RBWO,1:42,12,4.3,107.5,y,y,
28,RTM,5/5/2026,68,0,0,9:08,9:18,heard,GCFL,2:15,167,2.9,72.5,y,n,
28,RTM,5/5/2026,68,0,0,9:08,9:18,heard,GCFL,2:15,167,2.9,72.5,y,y,
28,RTM,5/5/2026,68,0,0,9:08,9:18,heard,RBWO,0:44,200,4.1,102.5,y,y,
28,RTM,5/5/2026,68,0,0,9:08,9:18,heard,RCWO,0:25,221,3.3,82.5,y,y,
28,RTM,5/5/2026,68,0,0,9:08,9:18,heard,TUTI,0:23,250,4.6,115,y,y,
28,RTM,5/5/2026,68,0,0,9:08,9:18,heard,RBWO,0:11,290,4.0,100,y,y,
28,RTM,5/5/2026,68,0,0,9:08,9:18,heard,CAWR,0:04,337,1.7,42.5,y,y,
30,RTM,5/5/2026,70,0,1,9:50,10:00,heard,RHWO,4:35,28,7.5,186.25,y,y,
30,RTM,5/5/2026,70,0,1,9:50,10:00,heard,RHWO,8:21,87,7.4,185,y,y,
30,RTM,5/5/2026,70,0,1,9:50,10:00,heard,RBWO,0:20,98,7.2,180,y,y,
30,RTM,5/5/2026,70,0,1,9:50,10:00,heard,DOWO,8:25,142,1.4,35,y,y,
30,RTM,5/5/2026,70,0,1,9:50,10:00,heard,RBWO,2:43,183,6.7,167.5,y,n,
30,RTM,5/5/2026,70,0,1,9:50,10:00,heard,RHWO,0:55,265,5.5,136.25,y,y,
30,RTM,5/5/2026,70,0,1,9:50,10:00,heard,TUTI,0:15,257,7.5,186.25,y,y,
30,RTM,5/5/2026,70,0,1,9:50,10:00,heard,BASP,5:31,276,5.6,138.75,y,n,
30,RTM,5/5/2026,70,0,1,9:50,10:00,heard,RHWO,4:14,286,3.6,90,y,n,
30,RTM,5/5/2026,70,0,1,9:50,10:00,heard,TUTI,5:10,298,3.9,96.25,y,n,
30,RTM,5/5/2026,70,0,1,9:50,10:00,heard,GCFL,9:55,319,1.9,47.5,y,y,
30,RTM,5/5/2026,70,0,1,9:50,10:00,heard,RBWO,6:55,332,5.5,137.5,y,n,
30,RTM,5/5/2026,70,0,1,9:50,10:00,heard,TUTI,0:42,355,5.3,131.25,y,y,
6,BB,5/21/2026,74,0,1,8:18,8:28,heard,CAWR,0:26,3,3.5,87.5,,,
6,BB,5/21/2026,74,0,1,8:18,8:28,heard,BASP,2:39,24,6.7,167.5,,,
6,BB,5/21/2026,74,0,1,8:18,8:28,visual,RHWO,4:01,29,4.4,110,,,
6,BB,5/21/2026,74,0,1,8:18,8:28,visual,RHWO,6:10,50,5.7,142.5,,,
6,BB,5/21/2026,74,0,1,8:18,8:28,visual,RHWO,0:09,55,3.8,93.75,,,
6,BB,5/21/2026,74,0,1,8:18,8:28,heard,DOWO,6:47,63,2.4,58.75,,,
6,BB,5/21/2026,74,0,1,8:18,8:28,heard,WBNU,2:10,138,4.0,100,,,
6,BB,5/21/2026,74,0,1,8:18,8:28,heard,BHNU,1:03,181,3.8,93.75,,,
6,BB,5/21/2026,74,0,1,8:18,8:28,heard,BHNU,0:56,257,1.5,37.5,,,
6,BB,5/21/2026,74,0,1,8:18,8:28,heard,BASP,1:20,260,6.0,150,,,
6,BB,5/21/2026,74,0,1,8:18,8:28,heard,BASP,0:48,318,3.3,81.25,,,
6,BB,5/21/2026,74,0,1,8:18,8:28,heard,DOWO,8:05,332,6.6,165,,,
7,BB,5/21/2026,72,0,0,7:50,8:00,heard,RHWO,3:48,41,2.6,65,,,
7,BB,5/21/2026,72,0,0,7:50,8:00,heard,EABL,6:10,40,4.8,120,,,
7,BB,5/21/2026,72,0,0,7:50,8:00,heard,DOWO,1:11,92,5.4,135,,,
7,BB,5/21/2026,72,0,0,7:50,8:00,heard,GCFL,1:49,136,5.8,145,,,
7,BB,5/21/2026,72,0,0,7:50,8:00,heard,BHNU,2:45,234,2.1,52.5,,,
7,BB,5/21/2026,72,0,0,7:50,8:00,heard,BHNU,5:14,280,3.1,77.5,,,
7,BB,5/21/2026,72,0,0,7:50,8:00,heard,RBWO,4:24,318,4.0,100,,,
7,BB,5/21/2026,72,0,0,7:50,8:00,heard,BASP,8:28,318,7.5,187.5,,,
7,BB,5/21/2026,72,0,0,7:50,8:00,heard,DOWO,6:19,345,4.0,98.75,,,
10,BB,5/7/2026,72,2,0,7:31,7:41,heard,GCFL,6:15,347,5.7,142.5,y,,
10,BB,5/7/2026,72,2,0,7:31,7:41,heard,RCWO,0:20,55,5.9,147.5,y,,
10,BB,5/7/2026,72,2,0,7:31,7:41,heard,GCFL,3:49,95,6.4,160,y,,
10,BB,5/7/2026,72,2,0,7:31,7:41,heard,RHWO,3:39,107,6.2,155,y,,
10,BB,5/7/2026,72,2,0,7:31,7:41,heard,RCWO,5:54,109,4.4,110,y,,
10,BB,5/7/2026,72,2,0,7:31,7:41,heard,BHNU,3:04,134,1.9,46.25,y,,
10,BB,5/7/2026,72,2,0,7:31,7:41,heard,BASP,4:28,142,4.1,101.25,y,,
10,BB,5/7/2026,72,2,0,7:31,7:41,heard,TUTI,2:05,140,6.0,150,y,,
10,BB,5/7/2026,72,2,0,7:31,7:41,heard,CAWR,9:10,199,6.7,167.5,y,,
10,BB,5/7/2026,72,2,0,7:31,7:41,heard,RCWO,0:02,227,2.7,67.5,y,,
10,BB,5/7/2026,72,2,0,7:31,7:41,heard,BHNU,9:45,273,6.3,157.5,y,,
10,RTM,5/7/2026,72,2,0,7:31,7:41,heard,BASP,1:03,35,4.7,117.5,y,n,
10,RTM,5/7/2026,72,2,0,7:31,7:41,heard,RHWO,0:01,39,7.7,192.5,y,n,
10,RTM,5/7/2026,72,2,0,7:31,7:41,heard,RCWO,0:55,78,4.9,122.5,y,y,
10,RTM,5/7/2026,72,2,0,7:31,7:41,heard,RCWO,1:30,112,4.9,122.5,y,y,
10,RTM,5/7/2026,72,2,0,7:31,7:41,heard,BASP,2:30,110,6.6,165,y,y,
10,RTM,5/7/2026,72,2,0,7:31,7:41,heard,BHNU,2:57,145,1.8,45,y,y,
10,RTM,5/7/2026,72,2,0,7:31,7:41,heard,RHWO,2:58,139,5.6,140,y,y,
10,RTM,5/7/2026,72,2,0,7:31,7:41,heard,GCFL,3:29,146,5.6,138.75,y,y,
10,RTM,5/7/2026,72,2,0,7:31,7:41,heard,CAWR,8:55,186,7.2,178.75,y,y,
10,RTM,5/7/2026,72,2,0,7:31,7:41,heard,BASP,0:55,227,4.7,116.25,y,n,
10,RTM,5/7/2026,72,2,0,7:31,7:41,heard,RCWO,1:35,247,5.7,141.25,y,y,
10,RTM,5/7/2026,72,2,0,7:31,7:41,heard,TUTI,3:17,316,9.4,235,y,n,
8,RTM,5/7/2026,73,2,0,8:33,8:43,heard,BHNU,8:28,15,2.1,51.25,y,n,
8,RTM,5/7/2026,73,2,0,8:33,8:43,heard,BASP,0:10,25,3.7,92.5,y,y,
8,RTM,5/7/2026,73,2,0,8:33,8:43,heard,RBWO,2:00,34,7.3,182.5,y,y,
8,RTM,5/7/2026,73,2,0,8:33,8:43,heard,CAWR,7:31,122,7.5,186.25,y,n,
8,RTM,5/7/2026,73,2,0,8:33,8:43,heard,RBWO,1:10,128,5.7,142.5,y,y,
8,RTM,5/7/2026,73,2,0,8:33,8:43,heard,CAWR,6:30,167,6.4,158.75,y,y,
8,RTM,5/7/2026,73,2,0,8:33,8:43,heard,PIWO,9:19,195,8.4,210,y,n,
8,RTM,5/7/2026,73,2,0,8:33,8:43,heard,RBWO,1:00,218,4.6,115,y,n,
8,RTM,5/7/2026,73,2,0,8:33,8:43,heard,GCFL,3:51,222,6.3,156.25,y,y,
8,RTM,5/7/2026,73,2,0,8:33,8:43,heard,RBWO,8:12,267,4.6,113.75,y,n,
8,RTM,5/7/2026,73,2,0,8:33,8:43,heard,GCFL,0:10,280,6.6,165,y,y,
8,RTM,5/7/2026,73,2,0,8:33,8:43,heard,PIWO,3:34,273,8.6,215,y,n,
8,RTM,5/7/2026,73,2,0,8:33,8:43,heard,TUTI,1:27,304,4.6,115,y,n,
8,RTM,5/7/2026,73,2,0,8:33,8:43,heard,CAWR,0:01,318,5.4,133.75,y,y,
8,BB,5/7/2026,73,2,0,8:33,8:43,heard,CAWR,1:50,354,5.6,140,y,,
8,BB,5/7/2026,73,2,0,8:33,8:43,heard,BASP,1:14,27,5.3,132.5,y,,
8,BB,5/7/2026,73,2,0,8:33,8:43,heard,RCWO,8:04,50,3.2,80,y,,
8,BB,5/7/2026,73,2,0,8:33,8:43,heard,RBWO,1:58,69,7.3,182.5,y,,
8,BB,5/7/2026,73,2,0,8:33,8:43,heard,CAWR,1:10,127,4.3,107.5,y,,
8,BB,5/7/2026,73,2,0,8:33,8:43,heard,GCFL,9:25,136,7.0,173.75,y,,
8,BB,5/7/2026,73,2,0,8:33,8:43,heard,RBWO,6:25,158,6.4,160,y,,
8,BB,5/7/2026,73,2,0,8:33,8:43,heard,GCFL,3:10,229,4.4,110,y,,
8,BB,5/7/2026,73,2,0,8:33,8:43,heard,RHWO,9:50,275,6.4,160,y,,
8,BB,5/7/2026,73,2,0,8:33,8:43,heard,GCFL,2:17,281,3.9,97.5,y,,
8,BB,5/7/2026,73,2,0,8:33,8:43,heard,BASP,4:34,321,1.7,41.25,y,,
